ISO-10303-21;
HEADER;
/* Generated by software containing ST-Developer
 * from STEP Tools, Inc. (www.steptools.com) 
 */

FILE_DESCRIPTION(
/* description */ (''),
/* implementation_level */ '2;1');

FILE_NAME(
/* name */ 'Base.step',
/* time_stamp */ '2026-10-02T17:14:14+03:00',
/* author */ (''),
/* organization */ (''),
/* preprocessor_version */ 'ST-DEVELOPER v20.2',
/* originating_system */ 'Autodesk Translation Framework v15.15.0.0',
/* authorisation */ '');

FILE_SCHEMA (('AUTOMOTIVE_DESIGN { 1 0 10303 214 3 1 1 }'));
ENDSEC;

DATA;
#10=MECHANICAL_DESIGN_GEOMETRIC_PRESENTATION_REPRESENTATION('',(#13),#6418);
#11=SHAPE_REPRESENTATION_RELATIONSHIP('SRR','None',#6425,#12);
#12=ADVANCED_BREP_SHAPE_REPRESENTATION('',(#14),#6417);
#13=STYLED_ITEM('',(#6434),#14);
#14=MANIFOLD_SOLID_BREP('Base',#4034);
#15=FACE_BOUND('',#397,.T.);
#16=FACE_BOUND('',#398,.T.);
#17=FACE_BOUND('',#401,.T.);
#18=FACE_BOUND('',#402,.T.);
#19=FACE_BOUND('',#403,.T.);
#20=FACE_BOUND('',#404,.T.);
#21=FACE_BOUND('',#405,.T.);
#22=FACE_BOUND('',#406,.T.);
#23=FACE_BOUND('',#407,.T.);
#24=FACE_BOUND('',#408,.T.);
#25=FACE_BOUND('',#409,.T.);
#26=FACE_BOUND('',#410,.T.);
#27=FACE_BOUND('',#411,.T.);
#28=FACE_BOUND('',#412,.T.);
#29=FACE_BOUND('',#417,.T.);
#30=FACE_BOUND('',#418,.T.);
#31=FACE_BOUND('',#419,.T.);
#32=FACE_BOUND('',#420,.T.);
#33=FACE_BOUND('',#421,.T.);
#34=FACE_BOUND('',#422,.T.);
#35=FACE_BOUND('',#423,.T.);
#36=FACE_BOUND('',#424,.T.);
#37=FACE_BOUND('',#425,.T.);
#38=FACE_BOUND('',#426,.T.);
#39=FACE_BOUND('',#427,.T.);
#40=FACE_BOUND('',#429,.T.);
#41=FACE_BOUND('',#432,.T.);
#42=FACE_BOUND('',#433,.T.);
#43=FACE_BOUND('',#434,.T.);
#44=FACE_BOUND('',#435,.T.);
#45=FACE_BOUND('',#436,.T.);
#46=FACE_BOUND('',#437,.T.);
#47=FACE_BOUND('',#438,.T.);
#48=FACE_BOUND('',#439,.T.);
#49=FACE_BOUND('',#440,.T.);
#50=FACE_BOUND('',#441,.T.);
#51=FACE_BOUND('',#442,.T.);
#52=FACE_BOUND('',#443,.T.);
#53=FACE_BOUND('',#445,.T.);
#54=FACE_BOUND('',#448,.T.);
#55=FACE_BOUND('',#458,.T.);
#56=FACE_BOUND('',#459,.T.);
#57=FACE_BOUND('',#461,.T.);
#58=FACE_BOUND('',#555,.T.);
#59=FACE_BOUND('',#560,.T.);
#60=FACE_BOUND('',#565,.T.);
#61=FACE_BOUND('',#570,.T.);
#62=FACE_BOUND('',#573,.T.);
#63=FACE_BOUND('',#574,.T.);
#64=CIRCLE('',#4123,1.5);
#65=CIRCLE('',#4124,1.5);
#66=CIRCLE('',#4127,1.5);
#67=CIRCLE('',#4128,1.5);
#68=CIRCLE('',#4131,1.5);
#69=CIRCLE('',#4132,1.5);
#70=CIRCLE('',#4135,1.5);
#71=CIRCLE('',#4136,1.5);
#72=CIRCLE('',#4138,2.3);
#73=CIRCLE('',#4139,2.5);
#74=CIRCLE('',#4140,2.5);
#75=CIRCLE('',#4143,3.);
#76=CIRCLE('',#4144,3.);
#77=CIRCLE('',#4147,3.);
#78=CIRCLE('',#4148,3.);
#79=CIRCLE('',#4149,3.);
#80=CIRCLE('',#4151,3.);
#81=CIRCLE('',#4154,3.);
#82=CIRCLE('',#4156,3.);
#83=CIRCLE('',#4164,2.5);
#84=CIRCLE('',#4165,2.5);
#85=CIRCLE('',#4174,2.3);
#86=CIRCLE('',#4258,0.800000000000001);
#87=CIRCLE('',#4259,0.800000000000001);
#88=CIRCLE('',#4262,2.5);
#89=CIRCLE('',#4265,0.800000000000001);
#90=CIRCLE('',#4266,0.800000000000001);
#91=CIRCLE('',#4269,2.5);
#92=CIRCLE('',#4272,0.800000000000001);
#93=CIRCLE('',#4273,0.800000000000001);
#94=CIRCLE('',#4276,2.5);
#95=CIRCLE('',#4279,0.800000000000001);
#96=CIRCLE('',#4280,0.800000000000001);
#97=CIRCLE('',#4283,2.5);
#98=CYLINDRICAL_SURFACE('',#4122,1.5);
#99=CYLINDRICAL_SURFACE('',#4126,1.5);
#100=CYLINDRICAL_SURFACE('',#4130,1.5);
#101=CYLINDRICAL_SURFACE('',#4134,1.5);
#102=CYLINDRICAL_SURFACE('',#4142,3.);
#103=CYLINDRICAL_SURFACE('',#4150,3.);
#104=CYLINDRICAL_SURFACE('',#4153,3.);
#105=CYLINDRICAL_SURFACE('',#4155,3.);
#106=CYLINDRICAL_SURFACE('',#4173,2.3);
#107=CYLINDRICAL_SURFACE('',#4257,0.800000000000001);
#108=CYLINDRICAL_SURFACE('',#4261,2.5);
#109=CYLINDRICAL_SURFACE('',#4264,0.800000000000001);
#110=CYLINDRICAL_SURFACE('',#4268,2.5);
#111=CYLINDRICAL_SURFACE('',#4271,0.800000000000001);
#112=CYLINDRICAL_SURFACE('',#4275,2.5);
#113=CYLINDRICAL_SURFACE('',#4278,0.800000000000001);
#114=CYLINDRICAL_SURFACE('',#4282,2.5);
#115=FACE_OUTER_BOUND('',#321,.T.);
#116=FACE_OUTER_BOUND('',#322,.T.);
#117=FACE_OUTER_BOUND('',#323,.T.);
#118=FACE_OUTER_BOUND('',#324,.T.);
#119=FACE_OUTER_BOUND('',#325,.T.);
#120=FACE_OUTER_BOUND('',#326,.T.);
#121=FACE_OUTER_BOUND('',#327,.T.);
#122=FACE_OUTER_BOUND('',#328,.T.);
#123=FACE_OUTER_BOUND('',#329,.T.);
#124=FACE_OUTER_BOUND('',#330,.T.);
#125=FACE_OUTER_BOUND('',#331,.T.);
#126=FACE_OUTER_BOUND('',#332,.T.);
#127=FACE_OUTER_BOUND('',#333,.T.);
#128=FACE_OUTER_BOUND('',#334,.T.);
#129=FACE_OUTER_BOUND('',#335,.T.);
#130=FACE_OUTER_BOUND('',#336,.T.);
#131=FACE_OUTER_BOUND('',#337,.T.);
#132=FACE_OUTER_BOUND('',#338,.T.);
#133=FACE_OUTER_BOUND('',#339,.T.);
#134=FACE_OUTER_BOUND('',#340,.T.);
#135=FACE_OUTER_BOUND('',#341,.T.);
#136=FACE_OUTER_BOUND('',#342,.T.);
#137=FACE_OUTER_BOUND('',#343,.T.);
#138=FACE_OUTER_BOUND('',#344,.T.);
#139=FACE_OUTER_BOUND('',#345,.T.);
#140=FACE_OUTER_BOUND('',#346,.T.);
#141=FACE_OUTER_BOUND('',#347,.T.);
#142=FACE_OUTER_BOUND('',#348,.T.);
#143=FACE_OUTER_BOUND('',#349,.T.);
#144=FACE_OUTER_BOUND('',#350,.T.);
#145=FACE_OUTER_BOUND('',#351,.T.);
#146=FACE_OUTER_BOUND('',#352,.T.);
#147=FACE_OUTER_BOUND('',#353,.T.);
#148=FACE_OUTER_BOUND('',#354,.T.);
#149=FACE_OUTER_BOUND('',#355,.T.);
#150=FACE_OUTER_BOUND('',#356,.T.);
#151=FACE_OUTER_BOUND('',#357,.T.);
#152=FACE_OUTER_BOUND('',#358,.T.);
#153=FACE_OUTER_BOUND('',#359,.T.);
#154=FACE_OUTER_BOUND('',#360,.T.);
#155=FACE_OUTER_BOUND('',#361,.T.);
#156=FACE_OUTER_BOUND('',#362,.T.);
#157=FACE_OUTER_BOUND('',#363,.T.);
#158=FACE_OUTER_BOUND('',#364,.T.);
#159=FACE_OUTER_BOUND('',#365,.T.);
#160=FACE_OUTER_BOUND('',#366,.T.);
#161=FACE_OUTER_BOUND('',#367,.T.);
#162=FACE_OUTER_BOUND('',#368,.T.);
#163=FACE_OUTER_BOUND('',#369,.T.);
#164=FACE_OUTER_BOUND('',#370,.T.);
#165=FACE_OUTER_BOUND('',#371,.T.);
#166=FACE_OUTER_BOUND('',#372,.T.);
#167=FACE_OUTER_BOUND('',#373,.T.);
#168=FACE_OUTER_BOUND('',#374,.T.);
#169=FACE_OUTER_BOUND('',#375,.T.);
#170=FACE_OUTER_BOUND('',#376,.T.);
#171=FACE_OUTER_BOUND('',#377,.T.);
#172=FACE_OUTER_BOUND('',#378,.T.);
#173=FACE_OUTER_BOUND('',#379,.T.);
#174=FACE_OUTER_BOUND('',#380,.T.);
#175=FACE_OUTER_BOUND('',#381,.T.);
#176=FACE_OUTER_BOUND('',#382,.T.);
#177=FACE_OUTER_BOUND('',#383,.T.);
#178=FACE_OUTER_BOUND('',#384,.T.);
#179=FACE_OUTER_BOUND('',#385,.T.);
#180=FACE_OUTER_BOUND('',#386,.T.);
#181=FACE_OUTER_BOUND('',#387,.T.);
#182=FACE_OUTER_BOUND('',#388,.T.);
#183=FACE_OUTER_BOUND('',#389,.T.);
#184=FACE_OUTER_BOUND('',#390,.T.);
#185=FACE_OUTER_BOUND('',#391,.T.);
#186=FACE_OUTER_BOUND('',#392,.T.);
#187=FACE_OUTER_BOUND('',#393,.T.);
#188=FACE_OUTER_BOUND('',#394,.T.);
#189=FACE_OUTER_BOUND('',#395,.T.);
#190=FACE_OUTER_BOUND('',#396,.T.);
#191=FACE_OUTER_BOUND('',#399,.T.);
#192=FACE_OUTER_BOUND('',#400,.T.);
#193=FACE_OUTER_BOUND('',#413,.T.);
#194=FACE_OUTER_BOUND('',#414,.T.);
#195=FACE_OUTER_BOUND('',#415,.T.);
#196=FACE_OUTER_BOUND('',#416,.T.);
#197=FACE_OUTER_BOUND('',#428,.T.);
#198=FACE_OUTER_BOUND('',#430,.T.);
#199=FACE_OUTER_BOUND('',#431,.T.);
#200=FACE_OUTER_BOUND('',#444,.T.);
#201=FACE_OUTER_BOUND('',#446,.T.);
#202=FACE_OUTER_BOUND('',#447,.T.);
#203=FACE_OUTER_BOUND('',#449,.T.);
#204=FACE_OUTER_BOUND('',#450,.T.);
#205=FACE_OUTER_BOUND('',#451,.T.);
#206=FACE_OUTER_BOUND('',#452,.T.);
#207=FACE_OUTER_BOUND('',#453,.T.);
#208=FACE_OUTER_BOUND('',#454,.T.);
#209=FACE_OUTER_BOUND('',#455,.T.);
#210=FACE_OUTER_BOUND('',#456,.T.);
#211=FACE_OUTER_BOUND('',#457,.T.);
#212=FACE_OUTER_BOUND('',#460,.T.);
#213=FACE_OUTER_BOUND('',#462,.T.);
#214=FACE_OUTER_BOUND('',#463,.T.);
#215=FACE_OUTER_BOUND('',#464,.T.);
#216=FACE_OUTER_BOUND('',#465,.T.);
#217=FACE_OUTER_BOUND('',#466,.T.);
#218=FACE_OUTER_BOUND('',#467,.T.);
#219=FACE_OUTER_BOUND('',#468,.T.);
#220=FACE_OUTER_BOUND('',#469,.T.);
#221=FACE_OUTER_BOUND('',#470,.T.);
#222=FACE_OUTER_BOUND('',#471,.T.);
#223=FACE_OUTER_BOUND('',#472,.T.);
#224=FACE_OUTER_BOUND('',#473,.T.);
#225=FACE_OUTER_BOUND('',#474,.T.);
#226=FACE_OUTER_BOUND('',#475,.T.);
#227=FACE_OUTER_BOUND('',#476,.T.);
#228=FACE_OUTER_BOUND('',#477,.T.);
#229=FACE_OUTER_BOUND('',#478,.T.);
#230=FACE_OUTER_BOUND('',#479,.T.);
#231=FACE_OUTER_BOUND('',#480,.T.);
#232=FACE_OUTER_BOUND('',#481,.T.);
#233=FACE_OUTER_BOUND('',#482,.T.);
#234=FACE_OUTER_BOUND('',#483,.T.);
#235=FACE_OUTER_BOUND('',#484,.T.);
#236=FACE_OUTER_BOUND('',#485,.T.);
#237=FACE_OUTER_BOUND('',#486,.T.);
#238=FACE_OUTER_BOUND('',#487,.T.);
#239=FACE_OUTER_BOUND('',#488,.T.);
#240=FACE_OUTER_BOUND('',#489,.T.);
#241=FACE_OUTER_BOUND('',#490,.T.);
#242=FACE_OUTER_BOUND('',#491,.T.);
#243=FACE_OUTER_BOUND('',#492,.T.);
#244=FACE_OUTER_BOUND('',#493,.T.);
#245=FACE_OUTER_BOUND('',#494,.T.);
#246=FACE_OUTER_BOUND('',#495,.T.);
#247=FACE_OUTER_BOUND('',#496,.T.);
#248=FACE_OUTER_BOUND('',#497,.T.);
#249=FACE_OUTER_BOUND('',#498,.T.);
#250=FACE_OUTER_BOUND('',#499,.T.);
#251=FACE_OUTER_BOUND('',#500,.T.);
#252=FACE_OUTER_BOUND('',#501,.T.);
#253=FACE_OUTER_BOUND('',#502,.T.);
#254=FACE_OUTER_BOUND('',#503,.T.);
#255=FACE_OUTER_BOUND('',#504,.T.);
#256=FACE_OUTER_BOUND('',#505,.T.);
#257=FACE_OUTER_BOUND('',#506,.T.);
#258=FACE_OUTER_BOUND('',#507,.T.);
#259=FACE_OUTER_BOUND('',#508,.T.);
#260=FACE_OUTER_BOUND('',#509,.T.);
#261=FACE_OUTER_BOUND('',#510,.T.);
#262=FACE_OUTER_BOUND('',#511,.T.);
#263=FACE_OUTER_BOUND('',#512,.T.);
#264=FACE_OUTER_BOUND('',#513,.T.);
#265=FACE_OUTER_BOUND('',#514,.T.);
#266=FACE_OUTER_BOUND('',#515,.T.);
#267=FACE_OUTER_BOUND('',#516,.T.);
#268=FACE_OUTER_BOUND('',#517,.T.);
#269=FACE_OUTER_BOUND('',#518,.T.);
#270=FACE_OUTER_BOUND('',#519,.T.);
#271=FACE_OUTER_BOUND('',#520,.T.);
#272=FACE_OUTER_BOUND('',#521,.T.);
#273=FACE_OUTER_BOUND('',#522,.T.);
#274=FACE_OUTER_BOUND('',#523,.T.);
#275=FACE_OUTER_BOUND('',#524,.T.);
#276=FACE_OUTER_BOUND('',#525,.T.);
#277=FACE_OUTER_BOUND('',#526,.T.);
#278=FACE_OUTER_BOUND('',#527,.T.);
#279=FACE_OUTER_BOUND('',#528,.T.);
#280=FACE_OUTER_BOUND('',#529,.T.);
#281=FACE_OUTER_BOUND('',#530,.T.);
#282=FACE_OUTER_BOUND('',#531,.T.);
#283=FACE_OUTER_BOUND('',#532,.T.);
#284=FACE_OUTER_BOUND('',#533,.T.);
#285=FACE_OUTER_BOUND('',#534,.T.);
#286=FACE_OUTER_BOUND('',#535,.T.);
#287=FACE_OUTER_BOUND('',#536,.T.);
#288=FACE_OUTER_BOUND('',#537,.T.);
#289=FACE_OUTER_BOUND('',#538,.T.);
#290=FACE_OUTER_BOUND('',#539,.T.);
#291=FACE_OUTER_BOUND('',#540,.T.);
#292=FACE_OUTER_BOUND('',#541,.T.);
#293=FACE_OUTER_BOUND('',#542,.T.);
#294=FACE_OUTER_BOUND('',#543,.T.);
#295=FACE_OUTER_BOUND('',#544,.T.);
#296=FACE_OUTER_BOUND('',#545,.T.);
#297=FACE_OUTER_BOUND('',#546,.T.);
#298=FACE_OUTER_BOUND('',#547,.T.);
#299=FACE_OUTER_BOUND('',#548,.T.);
#300=FACE_OUTER_BOUND('',#549,.T.);
#301=FACE_OUTER_BOUND('',#550,.T.);
#302=FACE_OUTER_BOUND('',#551,.T.);
#303=FACE_OUTER_BOUND('',#552,.T.);
#304=FACE_OUTER_BOUND('',#553,.T.);
#305=FACE_OUTER_BOUND('',#554,.T.);
#306=FACE_OUTER_BOUND('',#556,.T.);
#307=FACE_OUTER_BOUND('',#557,.T.);
#308=FACE_OUTER_BOUND('',#558,.T.);
#309=FACE_OUTER_BOUND('',#559,.T.);
#310=FACE_OUTER_BOUND('',#561,.T.);
#311=FACE_OUTER_BOUND('',#562,.T.);
#312=FACE_OUTER_BOUND('',#563,.T.);
#313=FACE_OUTER_BOUND('',#564,.T.);
#314=FACE_OUTER_BOUND('',#566,.T.);
#315=FACE_OUTER_BOUND('',#567,.T.);
#316=FACE_OUTER_BOUND('',#568,.T.);
#317=FACE_OUTER_BOUND('',#569,.T.);
#318=FACE_OUTER_BOUND('',#571,.T.);
#319=FACE_OUTER_BOUND('',#572,.T.);
#320=FACE_OUTER_BOUND('',#575,.T.);
#321=EDGE_LOOP('',(#2533,#2534,#2535,#2536));
#322=EDGE_LOOP('',(#2537,#2538,#2539,#2540));
#323=EDGE_LOOP('',(#2541,#2542,#2543,#2544));
#324=EDGE_LOOP('',(#2545,#2546,#2547,#2548,#2549,#2550,#2551,#2552));
#325=EDGE_LOOP('',(#2553,#2554,#2555,#2556));
#326=EDGE_LOOP('',(#2557,#2558,#2559,#2560));
#327=EDGE_LOOP('',(#2561,#2562,#2563,#2564));
#328=EDGE_LOOP('',(#2565,#2566,#2567,#2568));
#329=EDGE_LOOP('',(#2569,#2570,#2571,#2572));
#330=EDGE_LOOP('',(#2573,#2574,#2575,#2576));
#331=EDGE_LOOP('',(#2577,#2578,#2579,#2580));
#332=EDGE_LOOP('',(#2581,#2582,#2583,#2584));
#333=EDGE_LOOP('',(#2585,#2586,#2587,#2588));
#334=EDGE_LOOP('',(#2589,#2590,#2591,#2592));
#335=EDGE_LOOP('',(#2593,#2594,#2595,#2596));
#336=EDGE_LOOP('',(#2597,#2598,#2599,#2600));
#337=EDGE_LOOP('',(#2601,#2602,#2603,#2604));
#338=EDGE_LOOP('',(#2605,#2606,#2607,#2608));
#339=EDGE_LOOP('',(#2609,#2610,#2611,#2612,#2613,#2614,#2615,#2616));
#340=EDGE_LOOP('',(#2617,#2618,#2619,#2620));
#341=EDGE_LOOP('',(#2621,#2622,#2623,#2624,#2625,#2626,#2627,#2628));
#342=EDGE_LOOP('',(#2629,#2630,#2631,#2632));
#343=EDGE_LOOP('',(#2633,#2634,#2635,#2636));
#344=EDGE_LOOP('',(#2637,#2638,#2639,#2640));
#345=EDGE_LOOP('',(#2641,#2642,#2643,#2644));
#346=EDGE_LOOP('',(#2645,#2646,#2647,#2648));
#347=EDGE_LOOP('',(#2649,#2650,#2651,#2652,#2653,#2654,#2655,#2656));
#348=EDGE_LOOP('',(#2657,#2658,#2659,#2660));
#349=EDGE_LOOP('',(#2661,#2662,#2663,#2664));
#350=EDGE_LOOP('',(#2665,#2666,#2667,#2668,#2669,#2670,#2671,#2672,#2673,
#2674,#2675,#2676));
#351=EDGE_LOOP('',(#2677,#2678,#2679,#2680));
#352=EDGE_LOOP('',(#2681,#2682,#2683,#2684));
#353=EDGE_LOOP('',(#2685,#2686,#2687,#2688));
#354=EDGE_LOOP('',(#2689,#2690,#2691,#2692));
#355=EDGE_LOOP('',(#2693,#2694,#2695,#2696));
#356=EDGE_LOOP('',(#2697,#2698,#2699,#2700));
#357=EDGE_LOOP('',(#2701,#2702,#2703,#2704));
#358=EDGE_LOOP('',(#2705,#2706,#2707,#2708));
#359=EDGE_LOOP('',(#2709,#2710,#2711,#2712,#2713,#2714,#2715,#2716,#2717));
#360=EDGE_LOOP('',(#2718,#2719,#2720,#2721));
#361=EDGE_LOOP('',(#2722,#2723,#2724,#2725,#2726,#2727,#2728,#2729,#2730));
#362=EDGE_LOOP('',(#2731,#2732,#2733,#2734));
#363=EDGE_LOOP('',(#2735,#2736,#2737,#2738));
#364=EDGE_LOOP('',(#2739,#2740,#2741,#2742));
#365=EDGE_LOOP('',(#2743,#2744,#2745,#2746));
#366=EDGE_LOOP('',(#2747,#2748,#2749,#2750));
#367=EDGE_LOOP('',(#2751,#2752,#2753,#2754));
#368=EDGE_LOOP('',(#2755,#2756,#2757,#2758));
#369=EDGE_LOOP('',(#2759,#2760,#2761,#2762,#2763,#2764,#2765,#2766,#2767));
#370=EDGE_LOOP('',(#2768,#2769,#2770,#2771));
#371=EDGE_LOOP('',(#2772,#2773,#2774,#2775,#2776,#2777,#2778,#2779,#2780));
#372=EDGE_LOOP('',(#2781,#2782,#2783,#2784));
#373=EDGE_LOOP('',(#2785,#2786,#2787,#2788));
#374=EDGE_LOOP('',(#2789,#2790,#2791,#2792));
#375=EDGE_LOOP('',(#2793,#2794,#2795,#2796));
#376=EDGE_LOOP('',(#2797,#2798,#2799,#2800));
#377=EDGE_LOOP('',(#2801,#2802,#2803,#2804));
#378=EDGE_LOOP('',(#2805,#2806,#2807,#2808));
#379=EDGE_LOOP('',(#2809,#2810,#2811,#2812));
#380=EDGE_LOOP('',(#2813,#2814,#2815,#2816,#2817,#2818,#2819,#2820,#2821));
#381=EDGE_LOOP('',(#2822,#2823,#2824,#2825));
#382=EDGE_LOOP('',(#2826,#2827,#2828,#2829,#2830,#2831,#2832,#2833,#2834));
#383=EDGE_LOOP('',(#2835,#2836,#2837,#2838));
#384=EDGE_LOOP('',(#2839,#2840,#2841,#2842));
#385=EDGE_LOOP('',(#2843,#2844,#2845,#2846));
#386=EDGE_LOOP('',(#2847,#2848,#2849,#2850));
#387=EDGE_LOOP('',(#2851,#2852,#2853,#2854));
#388=EDGE_LOOP('',(#2855,#2856,#2857,#2858));
#389=EDGE_LOOP('',(#2859,#2860,#2861,#2862));
#390=EDGE_LOOP('',(#2863,#2864,#2865,#2866,#2867,#2868,#2869,#2870,#2871));
#391=EDGE_LOOP('',(#2872,#2873,#2874,#2875));
#392=EDGE_LOOP('',(#2876,#2877,#2878,#2879,#2880,#2881,#2882,#2883,#2884));
#393=EDGE_LOOP('',(#2885,#2886,#2887,#2888));
#394=EDGE_LOOP('',(#2889,#2890,#2891,#2892));
#395=EDGE_LOOP('',(#2893,#2894,#2895,#2896));
#396=EDGE_LOOP('',(#2897,#2898,#2899,#2900,#2901,#2902,#2903,#2904));
#397=EDGE_LOOP('',(#2905,#2906,#2907,#2908));
#398=EDGE_LOOP('',(#2909,#2910,#2911,#2912));
#399=EDGE_LOOP('',(#2913,#2914,#2915,#2916));
#400=EDGE_LOOP('',(#2917,#2918,#2919,#2920));
#401=EDGE_LOOP('',(#2921,#2922,#2923,#2924));
#402=EDGE_LOOP('',(#2925,#2926,#2927,#2928));
#403=EDGE_LOOP('',(#2929,#2930,#2931,#2932));
#404=EDGE_LOOP('',(#2933,#2934,#2935,#2936));
#405=EDGE_LOOP('',(#2937,#2938,#2939,#2940));
#406=EDGE_LOOP('',(#2941,#2942,#2943,#2944));
#407=EDGE_LOOP('',(#2945,#2946,#2947,#2948));
#408=EDGE_LOOP('',(#2949,#2950,#2951,#2952));
#409=EDGE_LOOP('',(#2953,#2954,#2955,#2956));
#410=EDGE_LOOP('',(#2957,#2958,#2959,#2960));
#411=EDGE_LOOP('',(#2961,#2962,#2963,#2964));
#412=EDGE_LOOP('',(#2965,#2966,#2967,#2968));
#413=EDGE_LOOP('',(#2969,#2970,#2971,#2972));
#414=EDGE_LOOP('',(#2973,#2974,#2975,#2976,#2977,#2978,#2979,#2980,#2981,
#2982,#2983,#2984));
#415=EDGE_LOOP('',(#2985,#2986,#2987,#2988));
#416=EDGE_LOOP('',(#2989,#2990,#2991,#2992,#2993,#2994,#2995,#2996,#2997));
#417=EDGE_LOOP('',(#2998,#2999,#3000,#3001));
#418=EDGE_LOOP('',(#3002,#3003,#3004,#3005));
#419=EDGE_LOOP('',(#3006));
#420=EDGE_LOOP('',(#3007));
#421=EDGE_LOOP('',(#3008));
#422=EDGE_LOOP('',(#3009,#3010,#3011,#3012));
#423=EDGE_LOOP('',(#3013,#3014,#3015,#3016));
#424=EDGE_LOOP('',(#3017,#3018,#3019,#3020));
#425=EDGE_LOOP('',(#3021,#3022,#3023,#3024,#3025,#3026,#3027,#3028,#3029,
#3030,#3031,#3032,#3033,#3034,#3035,#3036,#3037,#3038,#3039,#3040,#3041,
#3042,#3043,#3044,#3045,#3046,#3047,#3048));
#426=EDGE_LOOP('',(#3049,#3050,#3051,#3052));
#427=EDGE_LOOP('',(#3053,#3054,#3055,#3056));
#428=EDGE_LOOP('',(#3057,#3058,#3059,#3060,#3061,#3062));
#429=EDGE_LOOP('',(#3063,#3064,#3065,#3066));
#430=EDGE_LOOP('',(#3067,#3068,#3069,#3070));
#431=EDGE_LOOP('',(#3071,#3072,#3073,#3074));
#432=EDGE_LOOP('',(#3075,#3076,#3077,#3078));
#433=EDGE_LOOP('',(#3079,#3080,#3081,#3082));
#434=EDGE_LOOP('',(#3083,#3084,#3085,#3086));
#435=EDGE_LOOP('',(#3087,#3088,#3089,#3090));
#436=EDGE_LOOP('',(#3091,#3092,#3093,#3094));
#437=EDGE_LOOP('',(#3095,#3096,#3097,#3098));
#438=EDGE_LOOP('',(#3099,#3100,#3101,#3102));
#439=EDGE_LOOP('',(#3103,#3104,#3105,#3106));
#440=EDGE_LOOP('',(#3107,#3108,#3109,#3110));
#441=EDGE_LOOP('',(#3111,#3112,#3113,#3114));
#442=EDGE_LOOP('',(#3115,#3116,#3117,#3118));
#443=EDGE_LOOP('',(#3119,#3120,#3121,#3122));
#444=EDGE_LOOP('',(#3123,#3124,#3125,#3126,#3127,#3128,#3129,#3130));
#445=EDGE_LOOP('',(#3131,#3132,#3133,#3134,#3135,#3136,#3137,#3138));
#446=EDGE_LOOP('',(#3139,#3140,#3141,#3142));
#447=EDGE_LOOP('',(#3143,#3144,#3145,#3146));
#448=EDGE_LOOP('',(#3147,#3148,#3149,#3150));
#449=EDGE_LOOP('',(#3151,#3152,#3153,#3154));
#450=EDGE_LOOP('',(#3155,#3156,#3157,#3158));
#451=EDGE_LOOP('',(#3159,#3160,#3161,#3162));
#452=EDGE_LOOP('',(#3163,#3164,#3165,#3166));
#453=EDGE_LOOP('',(#3167,#3168,#3169,#3170,#3171));
#454=EDGE_LOOP('',(#3172,#3173,#3174,#3175,#3176,#3177,#3178,#3179));
#455=EDGE_LOOP('',(#3180,#3181,#3182,#3183));
#456=EDGE_LOOP('',(#3184,#3185,#3186,#3187));
#457=EDGE_LOOP('',(#3188,#3189,#3190,#3191,#3192,#3193));
#458=EDGE_LOOP('',(#3194));
#459=EDGE_LOOP('',(#3195));
#460=EDGE_LOOP('',(#3196,#3197,#3198,#3199));
#461=EDGE_LOOP('',(#3200,#3201,#3202,#3203));
#462=EDGE_LOOP('',(#3204,#3205,#3206,#3207));
#463=EDGE_LOOP('',(#3208,#3209,#3210,#3211));
#464=EDGE_LOOP('',(#3212,#3213,#3214,#3215));
#465=EDGE_LOOP('',(#3216,#3217,#3218,#3219));
#466=EDGE_LOOP('',(#3220,#3221,#3222,#3223));
#467=EDGE_LOOP('',(#3224,#3225,#3226,#3227));
#468=EDGE_LOOP('',(#3228,#3229,#3230,#3231));
#469=EDGE_LOOP('',(#3232));
#470=EDGE_LOOP('',(#3233,#3234,#3235,#3236));
#471=EDGE_LOOP('',(#3237,#3238,#3239,#3240));
#472=EDGE_LOOP('',(#3241,#3242,#3243,#3244));
#473=EDGE_LOOP('',(#3245,#3246,#3247,#3248));
#474=EDGE_LOOP('',(#3249,#3250,#3251,#3252));
#475=EDGE_LOOP('',(#3253,#3254,#3255,#3256));
#476=EDGE_LOOP('',(#3257,#3258,#3259,#3260));
#477=EDGE_LOOP('',(#3261,#3262,#3263,#3264));
#478=EDGE_LOOP('',(#3265,#3266,#3267,#3268));
#479=EDGE_LOOP('',(#3269,#3270,#3271,#3272));
#480=EDGE_LOOP('',(#3273,#3274,#3275,#3276));
#481=EDGE_LOOP('',(#3277,#3278,#3279,#3280));
#482=EDGE_LOOP('',(#3281,#3282,#3283,#3284));
#483=EDGE_LOOP('',(#3285,#3286,#3287,#3288));
#484=EDGE_LOOP('',(#3289,#3290,#3291,#3292));
#485=EDGE_LOOP('',(#3293,#3294,#3295,#3296));
#486=EDGE_LOOP('',(#3297,#3298,#3299,#3300));
#487=EDGE_LOOP('',(#3301,#3302,#3303,#3304));
#488=EDGE_LOOP('',(#3305,#3306,#3307,#3308));
#489=EDGE_LOOP('',(#3309,#3310,#3311,#3312));
#490=EDGE_LOOP('',(#3313,#3314,#3315,#3316));
#491=EDGE_LOOP('',(#3317,#3318,#3319,#3320));
#492=EDGE_LOOP('',(#3321,#3322,#3323,#3324));
#493=EDGE_LOOP('',(#3325,#3326,#3327,#3328));
#494=EDGE_LOOP('',(#3329,#3330,#3331,#3332));
#495=EDGE_LOOP('',(#3333,#3334,#3335,#3336,#3337,#3338,#3339,#3340));
#496=EDGE_LOOP('',(#3341,#3342,#3343,#3344));
#497=EDGE_LOOP('',(#3345,#3346,#3347,#3348));
#498=EDGE_LOOP('',(#3349,#3350,#3351,#3352,#3353,#3354,#3355,#3356));
#499=EDGE_LOOP('',(#3357,#3358,#3359,#3360));
#500=EDGE_LOOP('',(#3361,#3362,#3363,#3364));
#501=EDGE_LOOP('',(#3365,#3366,#3367,#3368,#3369,#3370,#3371,#3372,#3373,
#3374));
#502=EDGE_LOOP('',(#3375,#3376,#3377,#3378));
#503=EDGE_LOOP('',(#3379,#3380,#3381,#3382));
#504=EDGE_LOOP('',(#3383,#3384,#3385,#3386));
#505=EDGE_LOOP('',(#3387,#3388,#3389,#3390));
#506=EDGE_LOOP('',(#3391,#3392,#3393,#3394));
#507=EDGE_LOOP('',(#3395,#3396,#3397,#3398));
#508=EDGE_LOOP('',(#3399,#3400,#3401,#3402));
#509=EDGE_LOOP('',(#3403,#3404,#3405,#3406));
#510=EDGE_LOOP('',(#3407,#3408,#3409,#3410));
#511=EDGE_LOOP('',(#3411,#3412,#3413,#3414));
#512=EDGE_LOOP('',(#3415,#3416,#3417,#3418));
#513=EDGE_LOOP('',(#3419,#3420,#3421,#3422));
#514=EDGE_LOOP('',(#3423,#3424,#3425,#3426));
#515=EDGE_LOOP('',(#3427,#3428,#3429,#3430));
#516=EDGE_LOOP('',(#3431,#3432,#3433,#3434));
#517=EDGE_LOOP('',(#3435,#3436,#3437,#3438));
#518=EDGE_LOOP('',(#3439,#3440,#3441,#3442));
#519=EDGE_LOOP('',(#3443,#3444,#3445,#3446));
#520=EDGE_LOOP('',(#3447,#3448,#3449,#3450));
#521=EDGE_LOOP('',(#3451,#3452,#3453,#3454));
#522=EDGE_LOOP('',(#3455,#3456,#3457,#3458));
#523=EDGE_LOOP('',(#3459,#3460,#3461,#3462));
#524=EDGE_LOOP('',(#3463,#3464,#3465,#3466));
#525=EDGE_LOOP('',(#3467,#3468,#3469,#3470));
#526=EDGE_LOOP('',(#3471,#3472,#3473,#3474));
#527=EDGE_LOOP('',(#3475,#3476,#3477,#3478));
#528=EDGE_LOOP('',(#3479,#3480,#3481,#3482));
#529=EDGE_LOOP('',(#3483,#3484,#3485,#3486));
#530=EDGE_LOOP('',(#3487,#3488,#3489,#3490));
#531=EDGE_LOOP('',(#3491,#3492,#3493,#3494));
#532=EDGE_LOOP('',(#3495,#3496,#3497,#3498));
#533=EDGE_LOOP('',(#3499,#3500,#3501,#3502));
#534=EDGE_LOOP('',(#3503,#3504,#3505,#3506));
#535=EDGE_LOOP('',(#3507,#3508,#3509,#3510));
#536=EDGE_LOOP('',(#3511,#3512,#3513,#3514));
#537=EDGE_LOOP('',(#3515,#3516,#3517,#3518));
#538=EDGE_LOOP('',(#3519,#3520,#3521,#3522));
#539=EDGE_LOOP('',(#3523,#3524,#3525,#3526));
#540=EDGE_LOOP('',(#3527,#3528,#3529,#3530));
#541=EDGE_LOOP('',(#3531,#3532,#3533,#3534));
#542=EDGE_LOOP('',(#3535,#3536,#3537,#3538));
#543=EDGE_LOOP('',(#3539,#3540,#3541,#3542));
#544=EDGE_LOOP('',(#3543,#3544,#3545,#3546));
#545=EDGE_LOOP('',(#3547,#3548,#3549,#3550));
#546=EDGE_LOOP('',(#3551,#3552,#3553,#3554));
#547=EDGE_LOOP('',(#3555,#3556,#3557,#3558));
#548=EDGE_LOOP('',(#3559,#3560,#3561,#3562));
#549=EDGE_LOOP('',(#3563,#3564,#3565,#3566));
#550=EDGE_LOOP('',(#3567,#3568,#3569,#3570));
#551=EDGE_LOOP('',(#3571,#3572,#3573,#3574));
#552=EDGE_LOOP('',(#3575));
#553=EDGE_LOOP('',(#3576,#3577,#3578,#3579));
#554=EDGE_LOOP('',(#3580));
#555=EDGE_LOOP('',(#3581));
#556=EDGE_LOOP('',(#3582,#3583,#3584,#3585));
#557=EDGE_LOOP('',(#3586));
#558=EDGE_LOOP('',(#3587,#3588,#3589,#3590));
#559=EDGE_LOOP('',(#3591));
#560=EDGE_LOOP('',(#3592));
#561=EDGE_LOOP('',(#3593,#3594,#3595,#3596));
#562=EDGE_LOOP('',(#3597));
#563=EDGE_LOOP('',(#3598,#3599,#3600,#3601));
#564=EDGE_LOOP('',(#3602));
#565=EDGE_LOOP('',(#3603));
#566=EDGE_LOOP('',(#3604,#3605,#3606,#3607));
#567=EDGE_LOOP('',(#3608));
#568=EDGE_LOOP('',(#3609,#3610,#3611,#3612));
#569=EDGE_LOOP('',(#3613));
#570=EDGE_LOOP('',(#3614));
#571=EDGE_LOOP('',(#3615,#3616,#3617,#3618));
#572=EDGE_LOOP('',(#3619,#3620,#3621,#3622));
#573=EDGE_LOOP('',(#3623,#3624,#3625,#3626));
#574=EDGE_LOOP('',(#3627,#3628,#3629,#3630));
#575=EDGE_LOOP('',(#3631,#3632,#3633,#3634,#3635,#3636,#3637,#3638));
#576=LINE('',#5293,#1095);
#577=LINE('',#5295,#1096);
#578=LINE('',#5297,#1097);
#579=LINE('',#5298,#1098);
#580=LINE('',#5302,#1099);
#581=LINE('',#5304,#1100);
#582=LINE('',#5306,#1101);
#583=LINE('',#5307,#1102);
#584=LINE('',#5310,#1103);
#585=LINE('',#5312,#1104);
#586=LINE('',#5313,#1105);
#587=LINE('',#5316,#1106);
#588=LINE('',#5318,#1107);
#589=LINE('',#5320,#1108);
#590=LINE('',#5322,#1109);
#591=LINE('',#5324,#1110);
#592=LINE('',#5325,#1111);
#593=LINE('',#5329,#1112);
#594=LINE('',#5331,#1113);
#595=LINE('',#5333,#1114);
#596=LINE('',#5334,#1115);
#597=LINE('',#5337,#1116);
#598=LINE('',#5339,#1117);
#599=LINE('',#5340,#1118);
#600=LINE('',#5343,#1119);
#601=LINE('',#5345,#1120);
#602=LINE('',#5346,#1121);
#603=LINE('',#5348,#1122);
#604=LINE('',#5349,#1123);
#605=LINE('',#5354,#1124);
#606=LINE('',#5356,#1125);
#607=LINE('',#5358,#1126);
#608=LINE('',#5359,#1127);
#609=LINE('',#5362,#1128);
#610=LINE('',#5364,#1129);
#611=LINE('',#5365,#1130);
#612=LINE('',#5368,#1131);
#613=LINE('',#5370,#1132);
#614=LINE('',#5371,#1133);
#615=LINE('',#5373,#1134);
#616=LINE('',#5374,#1135);
#617=LINE('',#5379,#1136);
#618=LINE('',#5381,#1137);
#619=LINE('',#5383,#1138);
#620=LINE('',#5384,#1139);
#621=LINE('',#5387,#1140);
#622=LINE('',#5389,#1141);
#623=LINE('',#5390,#1142);
#624=LINE('',#5392,#1143);
#625=LINE('',#5393,#1144);
#626=LINE('',#5397,#1145);
#627=LINE('',#5399,#1146);
#628=LINE('',#5401,#1147);
#629=LINE('',#5402,#1148);
#630=LINE('',#5404,#1149);
#631=LINE('',#5406,#1150);
#632=LINE('',#5407,#1151);
#633=LINE('',#5410,#1152);
#634=LINE('',#5411,#1153);
#635=LINE('',#5413,#1154);
#636=LINE('',#5414,#1155);
#637=LINE('',#5418,#1156);
#638=LINE('',#5419,#1157);
#639=LINE('',#5422,#1158);
#640=LINE('',#5423,#1159);
#641=LINE('',#5426,#1160);
#642=LINE('',#5428,#1161);
#643=LINE('',#5429,#1162);
#644=LINE('',#5432,#1163);
#645=LINE('',#5433,#1164);
#646=LINE('',#5435,#1165);
#647=LINE('',#5436,#1166);
#648=LINE('',#5441,#1167);
#649=LINE('',#5443,#1168);
#650=LINE('',#5445,#1169);
#651=LINE('',#5446,#1170);
#652=LINE('',#5450,#1171);
#653=LINE('',#5451,#1172);
#654=LINE('',#5453,#1173);
#655=LINE('',#5455,#1174);
#656=LINE('',#5457,#1175);
#657=LINE('',#5459,#1176);
#658=LINE('',#5461,#1177);
#659=LINE('',#5463,#1178);
#660=LINE('',#5465,#1179);
#661=LINE('',#5467,#1180);
#662=LINE('',#5468,#1181);
#663=LINE('',#5471,#1182);
#664=LINE('',#5473,#1183);
#665=LINE('',#5474,#1184);
#666=LINE('',#5476,#1185);
#667=LINE('',#5477,#1186);
#668=LINE('',#5482,#1187);
#669=LINE('',#5484,#1188);
#670=LINE('',#5486,#1189);
#671=LINE('',#5487,#1190);
#672=LINE('',#5490,#1191);
#673=LINE('',#5492,#1192);
#674=LINE('',#5493,#1193);
#675=LINE('',#5496,#1194);
#676=LINE('',#5498,#1195);
#677=LINE('',#5499,#1196);
#678=LINE('',#5502,#1197);
#679=LINE('',#5504,#1198);
#680=LINE('',#5505,#1199);
#681=LINE('',#5509,#1200);
#682=LINE('',#5511,#1201);
#683=LINE('',#5513,#1202);
#684=LINE('',#5514,#1203);
#685=LINE('',#5517,#1204);
#686=LINE('',#5519,#1205);
#687=LINE('',#5520,#1206);
#688=LINE('',#5521,#1207);
#689=LINE('',#5524,#1208);
#690=LINE('',#5525,#1209);
#691=LINE('',#5528,#1210);
#692=LINE('',#5529,#1211);
#693=LINE('',#5530,#1212);
#694=LINE('',#5534,#1213);
#695=LINE('',#5536,#1214);
#696=LINE('',#5537,#1215);
#697=LINE('',#5541,#1216);
#698=LINE('',#5543,#1217);
#699=LINE('',#5545,#1218);
#700=LINE('',#5546,#1219);
#701=LINE('',#5549,#1220);
#702=LINE('',#5551,#1221);
#703=LINE('',#5552,#1222);
#704=LINE('',#5555,#1223);
#705=LINE('',#5557,#1224);
#706=LINE('',#5558,#1225);
#707=LINE('',#5561,#1226);
#708=LINE('',#5563,#1227);
#709=LINE('',#5564,#1228);
#710=LINE('',#5567,#1229);
#711=LINE('',#5569,#1230);
#712=LINE('',#5570,#1231);
#713=LINE('',#5574,#1232);
#714=LINE('',#5575,#1233);
#715=LINE('',#5577,#1234);
#716=LINE('',#5578,#1235);
#717=LINE('',#5581,#1236);
#718=LINE('',#5583,#1237);
#719=LINE('',#5584,#1238);
#720=LINE('',#5587,#1239);
#721=LINE('',#5588,#1240);
#722=LINE('',#5589,#1241);
#723=LINE('',#5593,#1242);
#724=LINE('',#5595,#1243);
#725=LINE('',#5596,#1244);
#726=LINE('',#5599,#1245);
#727=LINE('',#5601,#1246);
#728=LINE('',#5602,#1247);
#729=LINE('',#5606,#1248);
#730=LINE('',#5608,#1249);
#731=LINE('',#5610,#1250);
#732=LINE('',#5611,#1251);
#733=LINE('',#5614,#1252);
#734=LINE('',#5616,#1253);
#735=LINE('',#5617,#1254);
#736=LINE('',#5620,#1255);
#737=LINE('',#5622,#1256);
#738=LINE('',#5623,#1257);
#739=LINE('',#5626,#1258);
#740=LINE('',#5627,#1259);
#741=LINE('',#5628,#1260);
#742=LINE('',#5632,#1261);
#743=LINE('',#5634,#1262);
#744=LINE('',#5636,#1263);
#745=LINE('',#5637,#1264);
#746=LINE('',#5639,#1265);
#747=LINE('',#5641,#1266);
#748=LINE('',#5642,#1267);
#749=LINE('',#5645,#1268);
#750=LINE('',#5646,#1269);
#751=LINE('',#5649,#1270);
#752=LINE('',#5650,#1271);
#753=LINE('',#5651,#1272);
#754=LINE('',#5654,#1273);
#755=LINE('',#5655,#1274);
#756=LINE('',#5659,#1275);
#757=LINE('',#5661,#1276);
#758=LINE('',#5663,#1277);
#759=LINE('',#5664,#1278);
#760=LINE('',#5667,#1279);
#761=LINE('',#5669,#1280);
#762=LINE('',#5670,#1281);
#763=LINE('',#5673,#1282);
#764=LINE('',#5675,#1283);
#765=LINE('',#5676,#1284);
#766=LINE('',#5679,#1285);
#767=LINE('',#5681,#1286);
#768=LINE('',#5682,#1287);
#769=LINE('',#5684,#1288);
#770=LINE('',#5686,#1289);
#771=LINE('',#5687,#1290);
#772=LINE('',#5690,#1291);
#773=LINE('',#5692,#1292);
#774=LINE('',#5693,#1293);
#775=LINE('',#5696,#1294);
#776=LINE('',#5698,#1295);
#777=LINE('',#5699,#1296);
#778=LINE('',#5702,#1297);
#779=LINE('',#5703,#1298);
#780=LINE('',#5704,#1299);
#781=LINE('',#5707,#1300);
#782=LINE('',#5708,#1301);
#783=LINE('',#5714,#1302);
#784=LINE('',#5717,#1303);
#785=LINE('',#5720,#1304);
#786=LINE('',#5722,#1305);
#787=LINE('',#5724,#1306);
#788=LINE('',#5726,#1307);
#789=LINE('',#5728,#1308);
#790=LINE('',#5730,#1309);
#791=LINE('',#5731,#1310);
#792=LINE('',#5734,#1311);
#793=LINE('',#5736,#1312);
#794=LINE('',#5738,#1313);
#795=LINE('',#5739,#1314);
#796=LINE('',#5742,#1315);
#797=LINE('',#5744,#1316);
#798=LINE('',#5746,#1317);
#799=LINE('',#5747,#1318);
#800=LINE('',#5753,#1319);
#801=LINE('',#5756,#1320);
#802=LINE('',#5758,#1321);
#803=LINE('',#5759,#1322);
#804=LINE('',#5762,#1323);
#805=LINE('',#5764,#1324);
#806=LINE('',#5766,#1325);
#807=LINE('',#5767,#1326);
#808=LINE('',#5770,#1327);
#809=LINE('',#5772,#1328);
#810=LINE('',#5774,#1329);
#811=LINE('',#5775,#1330);
#812=LINE('',#5778,#1331);
#813=LINE('',#5780,#1332);
#814=LINE('',#5782,#1333);
#815=LINE('',#5783,#1334);
#816=LINE('',#5786,#1335);
#817=LINE('',#5788,#1336);
#818=LINE('',#5790,#1337);
#819=LINE('',#5791,#1338);
#820=LINE('',#5794,#1339);
#821=LINE('',#5796,#1340);
#822=LINE('',#5798,#1341);
#823=LINE('',#5799,#1342);
#824=LINE('',#5802,#1343);
#825=LINE('',#5804,#1344);
#826=LINE('',#5806,#1345);
#827=LINE('',#5807,#1346);
#828=LINE('',#5810,#1347);
#829=LINE('',#5812,#1348);
#830=LINE('',#5814,#1349);
#831=LINE('',#5815,#1350);
#832=LINE('',#5818,#1351);
#833=LINE('',#5820,#1352);
#834=LINE('',#5822,#1353);
#835=LINE('',#5823,#1354);
#836=LINE('',#5826,#1355);
#837=LINE('',#5828,#1356);
#838=LINE('',#5830,#1357);
#839=LINE('',#5831,#1358);
#840=LINE('',#5834,#1359);
#841=LINE('',#5836,#1360);
#842=LINE('',#5838,#1361);
#843=LINE('',#5839,#1362);
#844=LINE('',#5842,#1363);
#845=LINE('',#5844,#1364);
#846=LINE('',#5846,#1365);
#847=LINE('',#5847,#1366);
#848=LINE('',#5850,#1367);
#849=LINE('',#5852,#1368);
#850=LINE('',#5854,#1369);
#851=LINE('',#5855,#1370);
#852=LINE('',#5861,#1371);
#853=LINE('',#5864,#1372);
#854=LINE('',#5867,#1373);
#855=LINE('',#5869,#1374);
#856=LINE('',#5871,#1375);
#857=LINE('',#5873,#1376);
#858=LINE('',#5875,#1377);
#859=LINE('',#5877,#1378);
#860=LINE('',#5879,#1379);
#861=LINE('',#5881,#1380);
#862=LINE('',#5882,#1381);
#863=LINE('',#5883,#1382);
#864=LINE('',#5889,#1383);
#865=LINE('',#5892,#1384);
#866=LINE('',#5894,#1385);
#867=LINE('',#5895,#1386);
#868=LINE('',#5897,#1387);
#869=LINE('',#5899,#1388);
#870=LINE('',#5900,#1389);
#871=LINE('',#5909,#1390);
#872=LINE('',#5911,#1391);
#873=LINE('',#5913,#1392);
#874=LINE('',#5914,#1393);
#875=LINE('',#5917,#1394);
#876=LINE('',#5919,#1395);
#877=LINE('',#5921,#1396);
#878=LINE('',#5922,#1397);
#879=LINE('',#5925,#1398);
#880=LINE('',#5927,#1399);
#881=LINE('',#5929,#1400);
#882=LINE('',#5930,#1401);
#883=LINE('',#5932,#1402);
#884=LINE('',#5934,#1403);
#885=LINE('',#5935,#1404);
#886=LINE('',#5937,#1405);
#887=LINE('',#5938,#1406);
#888=LINE('',#5941,#1407);
#889=LINE('',#5942,#1408);
#890=LINE('',#5943,#1409);
#891=LINE('',#5946,#1410);
#892=LINE('',#5948,#1411);
#893=LINE('',#5950,#1412);
#894=LINE('',#5951,#1413);
#895=LINE('',#5957,#1414);
#896=LINE('',#5960,#1415);
#897=LINE('',#5963,#1416);
#898=LINE('',#5965,#1417);
#899=LINE('',#5966,#1418);
#900=LINE('',#5969,#1419);
#901=LINE('',#5971,#1420);
#902=LINE('',#5973,#1421);
#903=LINE('',#5974,#1422);
#904=LINE('',#5977,#1423);
#905=LINE('',#5979,#1424);
#906=LINE('',#5981,#1425);
#907=LINE('',#5982,#1426);
#908=LINE('',#5985,#1427);
#909=LINE('',#5987,#1428);
#910=LINE('',#5989,#1429);
#911=LINE('',#5990,#1430);
#912=LINE('',#5993,#1431);
#913=LINE('',#5995,#1432);
#914=LINE('',#5997,#1433);
#915=LINE('',#5998,#1434);
#916=LINE('',#6001,#1435);
#917=LINE('',#6003,#1436);
#918=LINE('',#6005,#1437);
#919=LINE('',#6006,#1438);
#920=LINE('',#6009,#1439);
#921=LINE('',#6011,#1440);
#922=LINE('',#6013,#1441);
#923=LINE('',#6014,#1442);
#924=LINE('',#6017,#1443);
#925=LINE('',#6019,#1444);
#926=LINE('',#6021,#1445);
#927=LINE('',#6022,#1446);
#928=LINE('',#6025,#1447);
#929=LINE('',#6027,#1448);
#930=LINE('',#6029,#1449);
#931=LINE('',#6030,#1450);
#932=LINE('',#6033,#1451);
#933=LINE('',#6035,#1452);
#934=LINE('',#6037,#1453);
#935=LINE('',#6038,#1454);
#936=LINE('',#6041,#1455);
#937=LINE('',#6043,#1456);
#938=LINE('',#6045,#1457);
#939=LINE('',#6046,#1458);
#940=LINE('',#6049,#1459);
#941=LINE('',#6051,#1460);
#942=LINE('',#6053,#1461);
#943=LINE('',#6054,#1462);
#944=LINE('',#6057,#1463);
#945=LINE('',#6059,#1464);
#946=LINE('',#6061,#1465);
#947=LINE('',#6062,#1466);
#948=LINE('',#6065,#1467);
#949=LINE('',#6069,#1468);
#950=LINE('',#6073,#1469);
#951=LINE('',#6077,#1470);
#952=LINE('',#6080,#1471);
#953=LINE('',#6083,#1472);
#954=LINE('',#6084,#1473);
#955=LINE('',#6087,#1474);
#956=LINE('',#6089,#1475);
#957=LINE('',#6091,#1476);
#958=LINE('',#6092,#1477);
#959=LINE('',#6096,#1478);
#960=LINE('',#6099,#1479);
#961=LINE('',#6103,#1480);
#962=LINE('',#6104,#1481);
#963=LINE('',#6106,#1482);
#964=LINE('',#6110,#1483);
#965=LINE('',#6112,#1484);
#966=LINE('',#6114,#1485);
#967=LINE('',#6116,#1486);
#968=LINE('',#6118,#1487);
#969=LINE('',#6120,#1488);
#970=LINE('',#6121,#1489);
#971=LINE('',#6123,#1490);
#972=LINE('',#6125,#1491);
#973=LINE('',#6127,#1492);
#974=LINE('',#6133,#1493);
#975=LINE('',#6135,#1494);
#976=LINE('',#6137,#1495);
#977=LINE('',#6138,#1496);
#978=LINE('',#6141,#1497);
#979=LINE('',#6142,#1498);
#980=LINE('',#6145,#1499);
#981=LINE('',#6147,#1500);
#982=LINE('',#6148,#1501);
#983=LINE('',#6151,#1502);
#984=LINE('',#6152,#1503);
#985=LINE('',#6155,#1504);
#986=LINE('',#6156,#1505);
#987=LINE('',#6158,#1506);
#988=LINE('',#6163,#1507);
#989=LINE('',#6167,#1508);
#990=LINE('',#6169,#1509);
#991=LINE('',#6170,#1510);
#992=LINE('',#6173,#1511);
#993=LINE('',#6174,#1512);
#994=LINE('',#6177,#1513);
#995=LINE('',#6178,#1514);
#996=LINE('',#6180,#1515);
#997=LINE('',#6183,#1516);
#998=LINE('',#6185,#1517);
#999=LINE('',#6186,#1518);
#1000=LINE('',#6189,#1519);
#1001=LINE('',#6190,#1520);
#1002=LINE('',#6193,#1521);
#1003=LINE('',#6194,#1522);
#1004=LINE('',#6196,#1523);
#1005=LINE('',#6199,#1524);
#1006=LINE('',#6201,#1525);
#1007=LINE('',#6202,#1526);
#1008=LINE('',#6205,#1527);
#1009=LINE('',#6206,#1528);
#1010=LINE('',#6209,#1529);
#1011=LINE('',#6210,#1530);
#1012=LINE('',#6212,#1531);
#1013=LINE('',#6216,#1532);
#1014=LINE('',#6218,#1533);
#1015=LINE('',#6219,#1534);
#1016=LINE('',#6222,#1535);
#1017=LINE('',#6223,#1536);
#1018=LINE('',#6226,#1537);
#1019=LINE('',#6227,#1538);
#1020=LINE('',#6229,#1539);
#1021=LINE('',#6232,#1540);
#1022=LINE('',#6233,#1541);
#1023=LINE('',#6235,#1542);
#1024=LINE('',#6237,#1543);
#1025=LINE('',#6241,#1544);
#1026=LINE('',#6242,#1545);
#1027=LINE('',#6245,#1546);
#1028=LINE('',#6246,#1547);
#1029=LINE('',#6248,#1548);
#1030=LINE('',#6252,#1549);
#1031=LINE('',#6253,#1550);
#1032=LINE('',#6255,#1551);
#1033=LINE('',#6259,#1552);
#1034=LINE('',#6260,#1553);
#1035=LINE('',#6262,#1554);
#1036=LINE('',#6264,#1555);
#1037=LINE('',#6267,#1556);
#1038=LINE('',#6268,#1557);
#1039=LINE('',#6270,#1558);
#1040=LINE('',#6272,#1559);
#1041=LINE('',#6275,#1560);
#1042=LINE('',#6276,#1561);
#1043=LINE('',#6278,#1562);
#1044=LINE('',#6280,#1563);
#1045=LINE('',#6283,#1564);
#1046=LINE('',#6284,#1565);
#1047=LINE('',#6286,#1566);
#1048=LINE('',#6288,#1567);
#1049=LINE('',#6291,#1568);
#1050=LINE('',#6292,#1569);
#1051=LINE('',#6294,#1570);
#1052=LINE('',#6296,#1571);
#1053=LINE('',#6299,#1572);
#1054=LINE('',#6300,#1573);
#1055=LINE('',#6302,#1574);
#1056=LINE('',#6304,#1575);
#1057=LINE('',#6307,#1576);
#1058=LINE('',#6308,#1577);
#1059=LINE('',#6310,#1578);
#1060=LINE('',#6312,#1579);
#1061=LINE('',#6315,#1580);
#1062=LINE('',#6316,#1581);
#1063=LINE('',#6318,#1582);
#1064=LINE('',#6320,#1583);
#1065=LINE('',#6323,#1584);
#1066=LINE('',#6324,#1585);
#1067=LINE('',#6326,#1586);
#1068=LINE('',#6328,#1587);
#1069=LINE('',#6331,#1588);
#1070=LINE('',#6332,#1589);
#1071=LINE('',#6334,#1590);
#1072=LINE('',#6336,#1591);
#1073=LINE('',#6339,#1592);
#1074=LINE('',#6340,#1593);
#1075=LINE('',#6342,#1594);
#1076=LINE('',#6344,#1595);
#1077=LINE('',#6347,#1596);
#1078=LINE('',#6348,#1597);
#1079=LINE('',#6350,#1598);
#1080=LINE('',#6352,#1599);
#1081=LINE('',#6355,#1600);
#1082=LINE('',#6356,#1601);
#1083=LINE('',#6358,#1602);
#1084=LINE('',#6360,#1603);
#1085=LINE('',#6366,#1604);
#1086=LINE('',#6372,#1605);
#1087=LINE('',#6378,#1606);
#1088=LINE('',#6384,#1607);
#1089=LINE('',#6390,#1608);
#1090=LINE('',#6396,#1609);
#1091=LINE('',#6402,#1610);
#1092=LINE('',#6408,#1611);
#1093=LINE('',#6411,#1612);
#1094=LINE('',#6413,#1613);
#1095=VECTOR('',#4292,10.);
#1096=VECTOR('',#4293,10.);
#1097=VECTOR('',#4294,10.);
#1098=VECTOR('',#4295,10.);
#1099=VECTOR('',#4298,10.);
#1100=VECTOR('',#4299,10.);
#1101=VECTOR('',#4300,10.);
#1102=VECTOR('',#4301,10.);
#1103=VECTOR('',#4304,10.);
#1104=VECTOR('',#4305,10.);
#1105=VECTOR('',#4306,10.);
#1106=VECTOR('',#4309,10.);
#1107=VECTOR('',#4310,10.);
#1108=VECTOR('',#4311,10.);
#1109=VECTOR('',#4312,10.);
#1110=VECTOR('',#4313,10.);
#1111=VECTOR('',#4314,10.);
#1112=VECTOR('',#4317,10.);
#1113=VECTOR('',#4318,10.);
#1114=VECTOR('',#4319,10.);
#1115=VECTOR('',#4320,10.);
#1116=VECTOR('',#4323,10.);
#1117=VECTOR('',#4324,10.);
#1118=VECTOR('',#4325,10.);
#1119=VECTOR('',#4328,10.);
#1120=VECTOR('',#4329,10.);
#1121=VECTOR('',#4330,10.);
#1122=VECTOR('',#4333,10.);
#1123=VECTOR('',#4334,10.);
#1124=VECTOR('',#4339,10.);
#1125=VECTOR('',#4340,10.);
#1126=VECTOR('',#4341,10.);
#1127=VECTOR('',#4342,10.);
#1128=VECTOR('',#4345,10.);
#1129=VECTOR('',#4346,10.);
#1130=VECTOR('',#4347,10.);
#1131=VECTOR('',#4350,10.);
#1132=VECTOR('',#4351,10.);
#1133=VECTOR('',#4352,10.);
#1134=VECTOR('',#4355,10.);
#1135=VECTOR('',#4356,10.);
#1136=VECTOR('',#4361,10.);
#1137=VECTOR('',#4362,10.);
#1138=VECTOR('',#4363,10.);
#1139=VECTOR('',#4364,10.);
#1140=VECTOR('',#4367,10.);
#1141=VECTOR('',#4368,10.);
#1142=VECTOR('',#4369,10.);
#1143=VECTOR('',#4372,10.);
#1144=VECTOR('',#4373,10.);
#1145=VECTOR('',#4376,10.);
#1146=VECTOR('',#4377,10.);
#1147=VECTOR('',#4378,10.);
#1148=VECTOR('',#4379,10.);
#1149=VECTOR('',#4382,10.);
#1150=VECTOR('',#4383,10.);
#1151=VECTOR('',#4384,10.);
#1152=VECTOR('',#4387,10.);
#1153=VECTOR('',#4388,10.);
#1154=VECTOR('',#4391,10.);
#1155=VECTOR('',#4392,10.);
#1156=VECTOR('',#4397,10.);
#1157=VECTOR('',#4398,10.);
#1158=VECTOR('',#4401,10.);
#1159=VECTOR('',#4402,10.);
#1160=VECTOR('',#4405,10.);
#1161=VECTOR('',#4406,10.);
#1162=VECTOR('',#4407,10.);
#1163=VECTOR('',#4410,10.);
#1164=VECTOR('',#4411,10.);
#1165=VECTOR('',#4414,10.);
#1166=VECTOR('',#4415,10.);
#1167=VECTOR('',#4420,10.);
#1168=VECTOR('',#4421,10.);
#1169=VECTOR('',#4422,10.);
#1170=VECTOR('',#4423,10.);
#1171=VECTOR('',#4426,10.);
#1172=VECTOR('',#4427,10.);
#1173=VECTOR('',#4428,10.);
#1174=VECTOR('',#4429,10.);
#1175=VECTOR('',#4430,10.);
#1176=VECTOR('',#4431,10.);
#1177=VECTOR('',#4432,10.);
#1178=VECTOR('',#4433,10.);
#1179=VECTOR('',#4434,10.);
#1180=VECTOR('',#4435,10.);
#1181=VECTOR('',#4436,10.);
#1182=VECTOR('',#4439,10.);
#1183=VECTOR('',#4440,10.);
#1184=VECTOR('',#4441,10.);
#1185=VECTOR('',#4444,10.);
#1186=VECTOR('',#4445,10.);
#1187=VECTOR('',#4450,10.);
#1188=VECTOR('',#4451,10.);
#1189=VECTOR('',#4452,10.);
#1190=VECTOR('',#4453,10.);
#1191=VECTOR('',#4456,10.);
#1192=VECTOR('',#4457,10.);
#1193=VECTOR('',#4458,10.);
#1194=VECTOR('',#4461,10.);
#1195=VECTOR('',#4462,10.);
#1196=VECTOR('',#4463,10.);
#1197=VECTOR('',#4466,10.);
#1198=VECTOR('',#4467,10.);
#1199=VECTOR('',#4468,10.);
#1200=VECTOR('',#4471,10.);
#1201=VECTOR('',#4472,10.);
#1202=VECTOR('',#4473,10.);
#1203=VECTOR('',#4474,10.);
#1204=VECTOR('',#4477,10.);
#1205=VECTOR('',#4478,10.);
#1206=VECTOR('',#4479,10.);
#1207=VECTOR('',#4480,10.);
#1208=VECTOR('',#4483,10.);
#1209=VECTOR('',#4484,10.);
#1210=VECTOR('',#4487,10.);
#1211=VECTOR('',#4488,10.);
#1212=VECTOR('',#4489,10.);
#1213=VECTOR('',#4494,10.);
#1214=VECTOR('',#4495,10.);
#1215=VECTOR('',#4496,10.);
#1216=VECTOR('',#4499,10.);
#1217=VECTOR('',#4500,10.);
#1218=VECTOR('',#4501,10.);
#1219=VECTOR('',#4502,10.);
#1220=VECTOR('',#4505,10.);
#1221=VECTOR('',#4506,10.);
#1222=VECTOR('',#4507,10.);
#1223=VECTOR('',#4510,10.);
#1224=VECTOR('',#4511,10.);
#1225=VECTOR('',#4512,10.);
#1226=VECTOR('',#4515,10.);
#1227=VECTOR('',#4516,10.);
#1228=VECTOR('',#4517,10.);
#1229=VECTOR('',#4520,10.);
#1230=VECTOR('',#4521,10.);
#1231=VECTOR('',#4522,10.);
#1232=VECTOR('',#4525,10.);
#1233=VECTOR('',#4526,10.);
#1234=VECTOR('',#4527,10.);
#1235=VECTOR('',#4528,10.);
#1236=VECTOR('',#4531,10.);
#1237=VECTOR('',#4532,10.);
#1238=VECTOR('',#4533,10.);
#1239=VECTOR('',#4536,10.);
#1240=VECTOR('',#4537,10.);
#1241=VECTOR('',#4538,10.);
#1242=VECTOR('',#4543,10.);
#1243=VECTOR('',#4544,10.);
#1244=VECTOR('',#4545,10.);
#1245=VECTOR('',#4548,10.);
#1246=VECTOR('',#4549,10.);
#1247=VECTOR('',#4550,10.);
#1248=VECTOR('',#4553,10.);
#1249=VECTOR('',#4554,10.);
#1250=VECTOR('',#4555,10.);
#1251=VECTOR('',#4556,10.);
#1252=VECTOR('',#4559,10.);
#1253=VECTOR('',#4560,10.);
#1254=VECTOR('',#4561,10.);
#1255=VECTOR('',#4564,10.);
#1256=VECTOR('',#4565,10.);
#1257=VECTOR('',#4566,10.);
#1258=VECTOR('',#4569,10.);
#1259=VECTOR('',#4570,10.);
#1260=VECTOR('',#4571,10.);
#1261=VECTOR('',#4574,10.);
#1262=VECTOR('',#4575,10.);
#1263=VECTOR('',#4576,10.);
#1264=VECTOR('',#4577,10.);
#1265=VECTOR('',#4580,10.);
#1266=VECTOR('',#4581,10.);
#1267=VECTOR('',#4582,10.);
#1268=VECTOR('',#4585,10.);
#1269=VECTOR('',#4586,10.);
#1270=VECTOR('',#4589,10.);
#1271=VECTOR('',#4590,10.);
#1272=VECTOR('',#4591,10.);
#1273=VECTOR('',#4596,10.);
#1274=VECTOR('',#4597,10.);
#1275=VECTOR('',#4600,10.);
#1276=VECTOR('',#4601,10.);
#1277=VECTOR('',#4602,10.);
#1278=VECTOR('',#4603,10.);
#1279=VECTOR('',#4606,10.);
#1280=VECTOR('',#4607,10.);
#1281=VECTOR('',#4608,10.);
#1282=VECTOR('',#4611,10.);
#1283=VECTOR('',#4612,10.);
#1284=VECTOR('',#4613,10.);
#1285=VECTOR('',#4616,10.);
#1286=VECTOR('',#4617,10.);
#1287=VECTOR('',#4618,10.);
#1288=VECTOR('',#4621,10.);
#1289=VECTOR('',#4622,10.);
#1290=VECTOR('',#4623,10.);
#1291=VECTOR('',#4626,10.);
#1292=VECTOR('',#4627,10.);
#1293=VECTOR('',#4628,10.);
#1294=VECTOR('',#4631,10.);
#1295=VECTOR('',#4632,10.);
#1296=VECTOR('',#4633,10.);
#1297=VECTOR('',#4636,10.);
#1298=VECTOR('',#4637,10.);
#1299=VECTOR('',#4638,10.);
#1300=VECTOR('',#4643,10.);
#1301=VECTOR('',#4644,10.);
#1302=VECTOR('',#4649,10.);
#1303=VECTOR('',#4652,10.);
#1304=VECTOR('',#4655,10.);
#1305=VECTOR('',#4656,10.);
#1306=VECTOR('',#4657,10.);
#1307=VECTOR('',#4658,10.);
#1308=VECTOR('',#4659,10.);
#1309=VECTOR('',#4660,10.);
#1310=VECTOR('',#4661,10.);
#1311=VECTOR('',#4662,10.);
#1312=VECTOR('',#4663,10.);
#1313=VECTOR('',#4664,10.);
#1314=VECTOR('',#4665,10.);
#1315=VECTOR('',#4666,10.);
#1316=VECTOR('',#4667,10.);
#1317=VECTOR('',#4668,10.);
#1318=VECTOR('',#4669,10.);
#1319=VECTOR('',#4674,10.);
#1320=VECTOR('',#4677,10.);
#1321=VECTOR('',#4680,10.);
#1322=VECTOR('',#4681,10.);
#1323=VECTOR('',#4682,10.);
#1324=VECTOR('',#4683,10.);
#1325=VECTOR('',#4684,10.);
#1326=VECTOR('',#4685,10.);
#1327=VECTOR('',#4686,10.);
#1328=VECTOR('',#4687,10.);
#1329=VECTOR('',#4688,10.);
#1330=VECTOR('',#4689,10.);
#1331=VECTOR('',#4690,10.);
#1332=VECTOR('',#4691,10.);
#1333=VECTOR('',#4692,10.);
#1334=VECTOR('',#4693,10.);
#1335=VECTOR('',#4694,10.);
#1336=VECTOR('',#4695,10.);
#1337=VECTOR('',#4696,10.);
#1338=VECTOR('',#4697,10.);
#1339=VECTOR('',#4698,10.);
#1340=VECTOR('',#4699,10.);
#1341=VECTOR('',#4700,10.);
#1342=VECTOR('',#4701,10.);
#1343=VECTOR('',#4702,10.);
#1344=VECTOR('',#4703,10.);
#1345=VECTOR('',#4704,10.);
#1346=VECTOR('',#4705,10.);
#1347=VECTOR('',#4706,10.);
#1348=VECTOR('',#4707,10.);
#1349=VECTOR('',#4708,10.);
#1350=VECTOR('',#4709,10.);
#1351=VECTOR('',#4710,10.);
#1352=VECTOR('',#4711,10.);
#1353=VECTOR('',#4712,10.);
#1354=VECTOR('',#4713,10.);
#1355=VECTOR('',#4714,10.);
#1356=VECTOR('',#4715,10.);
#1357=VECTOR('',#4716,10.);
#1358=VECTOR('',#4717,10.);
#1359=VECTOR('',#4718,10.);
#1360=VECTOR('',#4719,10.);
#1361=VECTOR('',#4720,10.);
#1362=VECTOR('',#4721,10.);
#1363=VECTOR('',#4722,10.);
#1364=VECTOR('',#4723,10.);
#1365=VECTOR('',#4724,10.);
#1366=VECTOR('',#4725,10.);
#1367=VECTOR('',#4726,10.);
#1368=VECTOR('',#4727,10.);
#1369=VECTOR('',#4728,10.);
#1370=VECTOR('',#4729,10.);
#1371=VECTOR('',#4734,10.);
#1372=VECTOR('',#4737,10.);
#1373=VECTOR('',#4740,10.);
#1374=VECTOR('',#4741,10.);
#1375=VECTOR('',#4742,10.);
#1376=VECTOR('',#4743,10.);
#1377=VECTOR('',#4744,10.);
#1378=VECTOR('',#4745,10.);
#1379=VECTOR('',#4746,10.);
#1380=VECTOR('',#4747,10.);
#1381=VECTOR('',#4748,10.);
#1382=VECTOR('',#4749,10.);
#1383=VECTOR('',#4756,10.);
#1384=VECTOR('',#4759,10.);
#1385=VECTOR('',#4760,10.);
#1386=VECTOR('',#4761,10.);
#1387=VECTOR('',#4762,10.);
#1388=VECTOR('',#4763,10.);
#1389=VECTOR('',#4764,10.);
#1390=VECTOR('',#4771,10.);
#1391=VECTOR('',#4772,10.);
#1392=VECTOR('',#4773,10.);
#1393=VECTOR('',#4774,10.);
#1394=VECTOR('',#4775,10.);
#1395=VECTOR('',#4776,10.);
#1396=VECTOR('',#4777,10.);
#1397=VECTOR('',#4778,10.);
#1398=VECTOR('',#4779,10.);
#1399=VECTOR('',#4780,10.);
#1400=VECTOR('',#4781,10.);
#1401=VECTOR('',#4782,10.);
#1402=VECTOR('',#4783,10.);
#1403=VECTOR('',#4784,10.);
#1404=VECTOR('',#4785,10.);
#1405=VECTOR('',#4786,10.);
#1406=VECTOR('',#4787,10.);
#1407=VECTOR('',#4790,10.);
#1408=VECTOR('',#4791,10.);
#1409=VECTOR('',#4792,10.);
#1410=VECTOR('',#4793,10.);
#1411=VECTOR('',#4794,10.);
#1412=VECTOR('',#4795,10.);
#1413=VECTOR('',#4796,10.);
#1414=VECTOR('',#4801,10.);
#1415=VECTOR('',#4804,10.);
#1416=VECTOR('',#4807,10.);
#1417=VECTOR('',#4808,10.);
#1418=VECTOR('',#4809,10.);
#1419=VECTOR('',#4810,10.);
#1420=VECTOR('',#4811,10.);
#1421=VECTOR('',#4812,10.);
#1422=VECTOR('',#4813,10.);
#1423=VECTOR('',#4814,10.);
#1424=VECTOR('',#4815,10.);
#1425=VECTOR('',#4816,10.);
#1426=VECTOR('',#4817,10.);
#1427=VECTOR('',#4818,10.);
#1428=VECTOR('',#4819,10.);
#1429=VECTOR('',#4820,10.);
#1430=VECTOR('',#4821,10.);
#1431=VECTOR('',#4822,10.);
#1432=VECTOR('',#4823,10.);
#1433=VECTOR('',#4824,10.);
#1434=VECTOR('',#4825,10.);
#1435=VECTOR('',#4826,10.);
#1436=VECTOR('',#4827,10.);
#1437=VECTOR('',#4828,10.);
#1438=VECTOR('',#4829,10.);
#1439=VECTOR('',#4830,10.);
#1440=VECTOR('',#4831,10.);
#1441=VECTOR('',#4832,10.);
#1442=VECTOR('',#4833,10.);
#1443=VECTOR('',#4834,10.);
#1444=VECTOR('',#4835,10.);
#1445=VECTOR('',#4836,10.);
#1446=VECTOR('',#4837,10.);
#1447=VECTOR('',#4838,10.);
#1448=VECTOR('',#4839,10.);
#1449=VECTOR('',#4840,10.);
#1450=VECTOR('',#4841,10.);
#1451=VECTOR('',#4842,10.);
#1452=VECTOR('',#4843,10.);
#1453=VECTOR('',#4844,10.);
#1454=VECTOR('',#4845,10.);
#1455=VECTOR('',#4846,10.);
#1456=VECTOR('',#4847,10.);
#1457=VECTOR('',#4848,10.);
#1458=VECTOR('',#4849,10.);
#1459=VECTOR('',#4850,10.);
#1460=VECTOR('',#4851,10.);
#1461=VECTOR('',#4852,10.);
#1462=VECTOR('',#4853,10.);
#1463=VECTOR('',#4854,10.);
#1464=VECTOR('',#4855,10.);
#1465=VECTOR('',#4856,10.);
#1466=VECTOR('',#4857,10.);
#1467=VECTOR('',#4860,10.);
#1468=VECTOR('',#4863,10.);
#1469=VECTOR('',#4866,10.);
#1470=VECTOR('',#4871,10.);
#1471=VECTOR('',#4874,10.);
#1472=VECTOR('',#4877,10.);
#1473=VECTOR('',#4878,10.);
#1474=VECTOR('',#4879,10.);
#1475=VECTOR('',#4880,10.);
#1476=VECTOR('',#4881,10.);
#1477=VECTOR('',#4882,10.);
#1478=VECTOR('',#4887,10.);
#1479=VECTOR('',#4890,10.);
#1480=VECTOR('',#4895,10.);
#1481=VECTOR('',#4896,10.);
#1482=VECTOR('',#4899,10.);
#1483=VECTOR('',#4904,10.);
#1484=VECTOR('',#4905,10.);
#1485=VECTOR('',#4906,10.);
#1486=VECTOR('',#4907,10.);
#1487=VECTOR('',#4908,10.);
#1488=VECTOR('',#4909,10.);
#1489=VECTOR('',#4910,10.);
#1490=VECTOR('',#4913,10.);
#1491=VECTOR('',#4916,10.);
#1492=VECTOR('',#4919,10.);
#1493=VECTOR('',#4926,10.);
#1494=VECTOR('',#4927,10.);
#1495=VECTOR('',#4928,10.);
#1496=VECTOR('',#4929,10.);
#1497=VECTOR('',#4932,10.);
#1498=VECTOR('',#4933,10.);
#1499=VECTOR('',#4936,10.);
#1500=VECTOR('',#4937,10.);
#1501=VECTOR('',#4938,10.);
#1502=VECTOR('',#4941,10.);
#1503=VECTOR('',#4942,10.);
#1504=VECTOR('',#4945,10.);
#1505=VECTOR('',#4946,10.);
#1506=VECTOR('',#4949,10.);
#1507=VECTOR('',#4956,2.3);
#1508=VECTOR('',#4961,10.);
#1509=VECTOR('',#4962,10.);
#1510=VECTOR('',#4963,10.);
#1511=VECTOR('',#4966,10.);
#1512=VECTOR('',#4967,10.);
#1513=VECTOR('',#4970,10.);
#1514=VECTOR('',#4971,10.);
#1515=VECTOR('',#4974,10.);
#1516=VECTOR('',#4977,10.);
#1517=VECTOR('',#4978,10.);
#1518=VECTOR('',#4979,10.);
#1519=VECTOR('',#4982,10.);
#1520=VECTOR('',#4983,10.);
#1521=VECTOR('',#4986,10.);
#1522=VECTOR('',#4987,10.);
#1523=VECTOR('',#4990,10.);
#1524=VECTOR('',#4993,10.);
#1525=VECTOR('',#4994,10.);
#1526=VECTOR('',#4995,10.);
#1527=VECTOR('',#4998,10.);
#1528=VECTOR('',#4999,10.);
#1529=VECTOR('',#5002,10.);
#1530=VECTOR('',#5003,10.);
#1531=VECTOR('',#5006,10.);
#1532=VECTOR('',#5011,10.);
#1533=VECTOR('',#5012,10.);
#1534=VECTOR('',#5013,10.);
#1535=VECTOR('',#5016,10.);
#1536=VECTOR('',#5017,10.);
#1537=VECTOR('',#5020,10.);
#1538=VECTOR('',#5021,10.);
#1539=VECTOR('',#5024,10.);
#1540=VECTOR('',#5029,10.);
#1541=VECTOR('',#5030,10.);
#1542=VECTOR('',#5033,10.);
#1543=VECTOR('',#5036,10.);
#1544=VECTOR('',#5041,10.);
#1545=VECTOR('',#5042,10.);
#1546=VECTOR('',#5045,10.);
#1547=VECTOR('',#5046,10.);
#1548=VECTOR('',#5049,10.);
#1549=VECTOR('',#5054,10.);
#1550=VECTOR('',#5055,10.);
#1551=VECTOR('',#5058,10.);
#1552=VECTOR('',#5063,10.);
#1553=VECTOR('',#5064,10.);
#1554=VECTOR('',#5067,10.);
#1555=VECTOR('',#5070,10.);
#1556=VECTOR('',#5075,10.);
#1557=VECTOR('',#5076,10.);
#1558=VECTOR('',#5079,10.);
#1559=VECTOR('',#5082,10.);
#1560=VECTOR('',#5087,10.);
#1561=VECTOR('',#5088,10.);
#1562=VECTOR('',#5091,10.);
#1563=VECTOR('',#5094,10.);
#1564=VECTOR('',#5099,10.);
#1565=VECTOR('',#5100,10.);
#1566=VECTOR('',#5103,10.);
#1567=VECTOR('',#5106,10.);
#1568=VECTOR('',#5111,10.);
#1569=VECTOR('',#5112,10.);
#1570=VECTOR('',#5115,10.);
#1571=VECTOR('',#5118,10.);
#1572=VECTOR('',#5123,10.);
#1573=VECTOR('',#5124,10.);
#1574=VECTOR('',#5127,10.);
#1575=VECTOR('',#5130,10.);
#1576=VECTOR('',#5135,10.);
#1577=VECTOR('',#5136,10.);
#1578=VECTOR('',#5139,10.);
#1579=VECTOR('',#5142,10.);
#1580=VECTOR('',#5147,10.);
#1581=VECTOR('',#5148,10.);
#1582=VECTOR('',#5151,10.);
#1583=VECTOR('',#5154,10.);
#1584=VECTOR('',#5159,10.);
#1585=VECTOR('',#5160,10.);
#1586=VECTOR('',#5163,10.);
#1587=VECTOR('',#5166,10.);
#1588=VECTOR('',#5171,10.);
#1589=VECTOR('',#5172,10.);
#1590=VECTOR('',#5175,10.);
#1591=VECTOR('',#5178,10.);
#1592=VECTOR('',#5183,10.);
#1593=VECTOR('',#5184,10.);
#1594=VECTOR('',#5187,10.);
#1595=VECTOR('',#5190,10.);
#1596=VECTOR('',#5195,10.);
#1597=VECTOR('',#5196,10.);
#1598=VECTOR('',#5199,10.);
#1599=VECTOR('',#5202,10.);
#1600=VECTOR('',#5207,10.);
#1601=VECTOR('',#5208,10.);
#1602=VECTOR('',#5211,10.);
#1603=VECTOR('',#5214,10.);
#1604=VECTOR('',#5221,0.800000000000001);
#1605=VECTOR('',#5230,2.5);
#1606=VECTOR('',#5237,0.800000000000001);
#1607=VECTOR('',#5246,2.5);
#1608=VECTOR('',#5253,0.800000000000001);
#1609=VECTOR('',#5262,2.5);
#1610=VECTOR('',#5269,0.800000000000001);
#1611=VECTOR('',#5278,2.5);
#1612=VECTOR('',#5283,10.);
#1613=VECTOR('',#5286,10.);
#1614=VERTEX_POINT('',#5291);
#1615=VERTEX_POINT('',#5292);
#1616=VERTEX_POINT('',#5294);
#1617=VERTEX_POINT('',#5296);
#1618=VERTEX_POINT('',#5300);
#1619=VERTEX_POINT('',#5301);
#1620=VERTEX_POINT('',#5303);
#1621=VERTEX_POINT('',#5305);
#1622=VERTEX_POINT('',#5309);
#1623=VERTEX_POINT('',#5311);
#1624=VERTEX_POINT('',#5315);
#1625=VERTEX_POINT('',#5317);
#1626=VERTEX_POINT('',#5319);
#1627=VERTEX_POINT('',#5321);
#1628=VERTEX_POINT('',#5323);
#1629=VERTEX_POINT('',#5327);
#1630=VERTEX_POINT('',#5328);
#1631=VERTEX_POINT('',#5330);
#1632=VERTEX_POINT('',#5332);
#1633=VERTEX_POINT('',#5336);
#1634=VERTEX_POINT('',#5338);
#1635=VERTEX_POINT('',#5342);
#1636=VERTEX_POINT('',#5344);
#1637=VERTEX_POINT('',#5352);
#1638=VERTEX_POINT('',#5353);
#1639=VERTEX_POINT('',#5355);
#1640=VERTEX_POINT('',#5357);
#1641=VERTEX_POINT('',#5361);
#1642=VERTEX_POINT('',#5363);
#1643=VERTEX_POINT('',#5367);
#1644=VERTEX_POINT('',#5369);
#1645=VERTEX_POINT('',#5377);
#1646=VERTEX_POINT('',#5378);
#1647=VERTEX_POINT('',#5380);
#1648=VERTEX_POINT('',#5382);
#1649=VERTEX_POINT('',#5386);
#1650=VERTEX_POINT('',#5388);
#1651=VERTEX_POINT('',#5395);
#1652=VERTEX_POINT('',#5396);
#1653=VERTEX_POINT('',#5398);
#1654=VERTEX_POINT('',#5400);
#1655=VERTEX_POINT('',#5405);
#1656=VERTEX_POINT('',#5409);
#1657=VERTEX_POINT('',#5417);
#1658=VERTEX_POINT('',#5421);
#1659=VERTEX_POINT('',#5425);
#1660=VERTEX_POINT('',#5427);
#1661=VERTEX_POINT('',#5431);
#1662=VERTEX_POINT('',#5439);
#1663=VERTEX_POINT('',#5440);
#1664=VERTEX_POINT('',#5442);
#1665=VERTEX_POINT('',#5444);
#1666=VERTEX_POINT('',#5448);
#1667=VERTEX_POINT('',#5449);
#1668=VERTEX_POINT('',#5452);
#1669=VERTEX_POINT('',#5454);
#1670=VERTEX_POINT('',#5456);
#1671=VERTEX_POINT('',#5458);
#1672=VERTEX_POINT('',#5460);
#1673=VERTEX_POINT('',#5462);
#1674=VERTEX_POINT('',#5464);
#1675=VERTEX_POINT('',#5466);
#1676=VERTEX_POINT('',#5470);
#1677=VERTEX_POINT('',#5472);
#1678=VERTEX_POINT('',#5480);
#1679=VERTEX_POINT('',#5481);
#1680=VERTEX_POINT('',#5483);
#1681=VERTEX_POINT('',#5485);
#1682=VERTEX_POINT('',#5489);
#1683=VERTEX_POINT('',#5491);
#1684=VERTEX_POINT('',#5495);
#1685=VERTEX_POINT('',#5497);
#1686=VERTEX_POINT('',#5501);
#1687=VERTEX_POINT('',#5503);
#1688=VERTEX_POINT('',#5507);
#1689=VERTEX_POINT('',#5508);
#1690=VERTEX_POINT('',#5510);
#1691=VERTEX_POINT('',#5512);
#1692=VERTEX_POINT('',#5516);
#1693=VERTEX_POINT('',#5518);
#1694=VERTEX_POINT('',#5523);
#1695=VERTEX_POINT('',#5527);
#1696=VERTEX_POINT('',#5533);
#1697=VERTEX_POINT('',#5535);
#1698=VERTEX_POINT('',#5539);
#1699=VERTEX_POINT('',#5540);
#1700=VERTEX_POINT('',#5542);
#1701=VERTEX_POINT('',#5544);
#1702=VERTEX_POINT('',#5548);
#1703=VERTEX_POINT('',#5550);
#1704=VERTEX_POINT('',#5554);
#1705=VERTEX_POINT('',#5556);
#1706=VERTEX_POINT('',#5560);
#1707=VERTEX_POINT('',#5562);
#1708=VERTEX_POINT('',#5566);
#1709=VERTEX_POINT('',#5568);
#1710=VERTEX_POINT('',#5572);
#1711=VERTEX_POINT('',#5573);
#1712=VERTEX_POINT('',#5576);
#1713=VERTEX_POINT('',#5580);
#1714=VERTEX_POINT('',#5582);
#1715=VERTEX_POINT('',#5586);
#1716=VERTEX_POINT('',#5592);
#1717=VERTEX_POINT('',#5594);
#1718=VERTEX_POINT('',#5598);
#1719=VERTEX_POINT('',#5600);
#1720=VERTEX_POINT('',#5604);
#1721=VERTEX_POINT('',#5605);
#1722=VERTEX_POINT('',#5607);
#1723=VERTEX_POINT('',#5609);
#1724=VERTEX_POINT('',#5613);
#1725=VERTEX_POINT('',#5615);
#1726=VERTEX_POINT('',#5619);
#1727=VERTEX_POINT('',#5621);
#1728=VERTEX_POINT('',#5625);
#1729=VERTEX_POINT('',#5630);
#1730=VERTEX_POINT('',#5631);
#1731=VERTEX_POINT('',#5633);
#1732=VERTEX_POINT('',#5635);
#1733=VERTEX_POINT('',#5640);
#1734=VERTEX_POINT('',#5644);
#1735=VERTEX_POINT('',#5648);
#1736=VERTEX_POINT('',#5657);
#1737=VERTEX_POINT('',#5658);
#1738=VERTEX_POINT('',#5660);
#1739=VERTEX_POINT('',#5662);
#1740=VERTEX_POINT('',#5666);
#1741=VERTEX_POINT('',#5668);
#1742=VERTEX_POINT('',#5672);
#1743=VERTEX_POINT('',#5674);
#1744=VERTEX_POINT('',#5678);
#1745=VERTEX_POINT('',#5680);
#1746=VERTEX_POINT('',#5685);
#1747=VERTEX_POINT('',#5689);
#1748=VERTEX_POINT('',#5691);
#1749=VERTEX_POINT('',#5695);
#1750=VERTEX_POINT('',#5697);
#1751=VERTEX_POINT('',#5701);
#1752=VERTEX_POINT('',#5710);
#1753=VERTEX_POINT('',#5711);
#1754=VERTEX_POINT('',#5713);
#1755=VERTEX_POINT('',#5715);
#1756=VERTEX_POINT('',#5719);
#1757=VERTEX_POINT('',#5721);
#1758=VERTEX_POINT('',#5723);
#1759=VERTEX_POINT('',#5725);
#1760=VERTEX_POINT('',#5727);
#1761=VERTEX_POINT('',#5729);
#1762=VERTEX_POINT('',#5732);
#1763=VERTEX_POINT('',#5733);
#1764=VERTEX_POINT('',#5735);
#1765=VERTEX_POINT('',#5737);
#1766=VERTEX_POINT('',#5740);
#1767=VERTEX_POINT('',#5741);
#1768=VERTEX_POINT('',#5743);
#1769=VERTEX_POINT('',#5745);
#1770=VERTEX_POINT('',#5749);
#1771=VERTEX_POINT('',#5750);
#1772=VERTEX_POINT('',#5752);
#1773=VERTEX_POINT('',#5754);
#1774=VERTEX_POINT('',#5760);
#1775=VERTEX_POINT('',#5761);
#1776=VERTEX_POINT('',#5763);
#1777=VERTEX_POINT('',#5765);
#1778=VERTEX_POINT('',#5768);
#1779=VERTEX_POINT('',#5769);
#1780=VERTEX_POINT('',#5771);
#1781=VERTEX_POINT('',#5773);
#1782=VERTEX_POINT('',#5776);
#1783=VERTEX_POINT('',#5777);
#1784=VERTEX_POINT('',#5779);
#1785=VERTEX_POINT('',#5781);
#1786=VERTEX_POINT('',#5784);
#1787=VERTEX_POINT('',#5785);
#1788=VERTEX_POINT('',#5787);
#1789=VERTEX_POINT('',#5789);
#1790=VERTEX_POINT('',#5792);
#1791=VERTEX_POINT('',#5793);
#1792=VERTEX_POINT('',#5795);
#1793=VERTEX_POINT('',#5797);
#1794=VERTEX_POINT('',#5800);
#1795=VERTEX_POINT('',#5801);
#1796=VERTEX_POINT('',#5803);
#1797=VERTEX_POINT('',#5805);
#1798=VERTEX_POINT('',#5808);
#1799=VERTEX_POINT('',#5809);
#1800=VERTEX_POINT('',#5811);
#1801=VERTEX_POINT('',#5813);
#1802=VERTEX_POINT('',#5816);
#1803=VERTEX_POINT('',#5817);
#1804=VERTEX_POINT('',#5819);
#1805=VERTEX_POINT('',#5821);
#1806=VERTEX_POINT('',#5824);
#1807=VERTEX_POINT('',#5825);
#1808=VERTEX_POINT('',#5827);
#1809=VERTEX_POINT('',#5829);
#1810=VERTEX_POINT('',#5832);
#1811=VERTEX_POINT('',#5833);
#1812=VERTEX_POINT('',#5835);
#1813=VERTEX_POINT('',#5837);
#1814=VERTEX_POINT('',#5840);
#1815=VERTEX_POINT('',#5841);
#1816=VERTEX_POINT('',#5843);
#1817=VERTEX_POINT('',#5845);
#1818=VERTEX_POINT('',#5848);
#1819=VERTEX_POINT('',#5849);
#1820=VERTEX_POINT('',#5851);
#1821=VERTEX_POINT('',#5853);
#1822=VERTEX_POINT('',#5857);
#1823=VERTEX_POINT('',#5858);
#1824=VERTEX_POINT('',#5860);
#1825=VERTEX_POINT('',#5862);
#1826=VERTEX_POINT('',#5866);
#1827=VERTEX_POINT('',#5868);
#1828=VERTEX_POINT('',#5870);
#1829=VERTEX_POINT('',#5872);
#1830=VERTEX_POINT('',#5874);
#1831=VERTEX_POINT('',#5876);
#1832=VERTEX_POINT('',#5878);
#1833=VERTEX_POINT('',#5880);
#1834=VERTEX_POINT('',#5885);
#1835=VERTEX_POINT('',#5887);
#1836=VERTEX_POINT('',#5891);
#1837=VERTEX_POINT('',#5893);
#1838=VERTEX_POINT('',#5896);
#1839=VERTEX_POINT('',#5898);
#1840=VERTEX_POINT('',#5901);
#1841=VERTEX_POINT('',#5903);
#1842=VERTEX_POINT('',#5905);
#1843=VERTEX_POINT('',#5907);
#1844=VERTEX_POINT('',#5908);
#1845=VERTEX_POINT('',#5910);
#1846=VERTEX_POINT('',#5912);
#1847=VERTEX_POINT('',#5915);
#1848=VERTEX_POINT('',#5916);
#1849=VERTEX_POINT('',#5918);
#1850=VERTEX_POINT('',#5920);
#1851=VERTEX_POINT('',#5923);
#1852=VERTEX_POINT('',#5924);
#1853=VERTEX_POINT('',#5926);
#1854=VERTEX_POINT('',#5928);
#1855=VERTEX_POINT('',#5931);
#1856=VERTEX_POINT('',#5933);
#1857=VERTEX_POINT('',#5936);
#1858=VERTEX_POINT('',#5940);
#1859=VERTEX_POINT('',#5944);
#1860=VERTEX_POINT('',#5945);
#1861=VERTEX_POINT('',#5947);
#1862=VERTEX_POINT('',#5949);
#1863=VERTEX_POINT('',#5953);
#1864=VERTEX_POINT('',#5954);
#1865=VERTEX_POINT('',#5956);
#1866=VERTEX_POINT('',#5958);
#1867=VERTEX_POINT('',#5962);
#1868=VERTEX_POINT('',#5964);
#1869=VERTEX_POINT('',#5967);
#1870=VERTEX_POINT('',#5968);
#1871=VERTEX_POINT('',#5970);
#1872=VERTEX_POINT('',#5972);
#1873=VERTEX_POINT('',#5975);
#1874=VERTEX_POINT('',#5976);
#1875=VERTEX_POINT('',#5978);
#1876=VERTEX_POINT('',#5980);
#1877=VERTEX_POINT('',#5983);
#1878=VERTEX_POINT('',#5984);
#1879=VERTEX_POINT('',#5986);
#1880=VERTEX_POINT('',#5988);
#1881=VERTEX_POINT('',#5991);
#1882=VERTEX_POINT('',#5992);
#1883=VERTEX_POINT('',#5994);
#1884=VERTEX_POINT('',#5996);
#1885=VERTEX_POINT('',#5999);
#1886=VERTEX_POINT('',#6000);
#1887=VERTEX_POINT('',#6002);
#1888=VERTEX_POINT('',#6004);
#1889=VERTEX_POINT('',#6007);
#1890=VERTEX_POINT('',#6008);
#1891=VERTEX_POINT('',#6010);
#1892=VERTEX_POINT('',#6012);
#1893=VERTEX_POINT('',#6015);
#1894=VERTEX_POINT('',#6016);
#1895=VERTEX_POINT('',#6018);
#1896=VERTEX_POINT('',#6020);
#1897=VERTEX_POINT('',#6023);
#1898=VERTEX_POINT('',#6024);
#1899=VERTEX_POINT('',#6026);
#1900=VERTEX_POINT('',#6028);
#1901=VERTEX_POINT('',#6031);
#1902=VERTEX_POINT('',#6032);
#1903=VERTEX_POINT('',#6034);
#1904=VERTEX_POINT('',#6036);
#1905=VERTEX_POINT('',#6039);
#1906=VERTEX_POINT('',#6040);
#1907=VERTEX_POINT('',#6042);
#1908=VERTEX_POINT('',#6044);
#1909=VERTEX_POINT('',#6047);
#1910=VERTEX_POINT('',#6048);
#1911=VERTEX_POINT('',#6050);
#1912=VERTEX_POINT('',#6052);
#1913=VERTEX_POINT('',#6055);
#1914=VERTEX_POINT('',#6056);
#1915=VERTEX_POINT('',#6058);
#1916=VERTEX_POINT('',#6060);
#1917=VERTEX_POINT('',#6064);
#1918=VERTEX_POINT('',#6066);
#1919=VERTEX_POINT('',#6068);
#1920=VERTEX_POINT('',#6070);
#1921=VERTEX_POINT('',#6072);
#1922=VERTEX_POINT('',#6076);
#1923=VERTEX_POINT('',#6078);
#1924=VERTEX_POINT('',#6082);
#1925=VERTEX_POINT('',#6085);
#1926=VERTEX_POINT('',#6086);
#1927=VERTEX_POINT('',#6088);
#1928=VERTEX_POINT('',#6090);
#1929=VERTEX_POINT('',#6094);
#1930=VERTEX_POINT('',#6098);
#1931=VERTEX_POINT('',#6102);
#1932=VERTEX_POINT('',#6109);
#1933=VERTEX_POINT('',#6111);
#1934=VERTEX_POINT('',#6113);
#1935=VERTEX_POINT('',#6115);
#1936=VERTEX_POINT('',#6117);
#1937=VERTEX_POINT('',#6119);
#1938=VERTEX_POINT('',#6128);
#1939=VERTEX_POINT('',#6130);
#1940=VERTEX_POINT('',#6134);
#1941=VERTEX_POINT('',#6136);
#1942=VERTEX_POINT('',#6140);
#1943=VERTEX_POINT('',#6144);
#1944=VERTEX_POINT('',#6146);
#1945=VERTEX_POINT('',#6150);
#1946=VERTEX_POINT('',#6154);
#1947=VERTEX_POINT('',#6161);
#1948=VERTEX_POINT('',#6166);
#1949=VERTEX_POINT('',#6168);
#1950=VERTEX_POINT('',#6172);
#1951=VERTEX_POINT('',#6176);
#1952=VERTEX_POINT('',#6182);
#1953=VERTEX_POINT('',#6184);
#1954=VERTEX_POINT('',#6188);
#1955=VERTEX_POINT('',#6192);
#1956=VERTEX_POINT('',#6198);
#1957=VERTEX_POINT('',#6200);
#1958=VERTEX_POINT('',#6204);
#1959=VERTEX_POINT('',#6208);
#1960=VERTEX_POINT('',#6215);
#1961=VERTEX_POINT('',#6217);
#1962=VERTEX_POINT('',#6221);
#1963=VERTEX_POINT('',#6225);
#1964=VERTEX_POINT('',#6240);
#1965=VERTEX_POINT('',#6244);
#1966=VERTEX_POINT('',#6251);
#1967=VERTEX_POINT('',#6258);
#1968=VERTEX_POINT('',#6363);
#1969=VERTEX_POINT('',#6365);
#1970=VERTEX_POINT('',#6370);
#1971=VERTEX_POINT('',#6375);
#1972=VERTEX_POINT('',#6377);
#1973=VERTEX_POINT('',#6382);
#1974=VERTEX_POINT('',#6387);
#1975=VERTEX_POINT('',#6389);
#1976=VERTEX_POINT('',#6394);
#1977=VERTEX_POINT('',#6399);
#1978=VERTEX_POINT('',#6401);
#1979=VERTEX_POINT('',#6406);
#1980=EDGE_CURVE('',#1614,#1615,#576,.T.);
#1981=EDGE_CURVE('',#1616,#1614,#577,.T.);
#1982=EDGE_CURVE('',#1617,#1616,#578,.T.);
#1983=EDGE_CURVE('',#1617,#1615,#579,.T.);
#1984=EDGE_CURVE('',#1618,#1619,#580,.T.);
#1985=EDGE_CURVE('',#1618,#1620,#581,.T.);
#1986=EDGE_CURVE('',#1621,#1620,#582,.T.);
#1987=EDGE_CURVE('',#1619,#1621,#583,.T.);
#1988=EDGE_CURVE('',#1622,#1617,#584,.T.);
#1989=EDGE_CURVE('',#1623,#1622,#585,.T.);
#1990=EDGE_CURVE('',#1615,#1623,#586,.T.);
#1991=EDGE_CURVE('',#1624,#1616,#587,.T.);
#1992=EDGE_CURVE('',#1624,#1625,#588,.T.);
#1993=EDGE_CURVE('',#1626,#1625,#589,.T.);
#1994=EDGE_CURVE('',#1627,#1626,#590,.T.);
#1995=EDGE_CURVE('',#1628,#1627,#591,.T.);
#1996=EDGE_CURVE('',#1622,#1628,#592,.T.);
#1997=EDGE_CURVE('',#1629,#1630,#593,.T.);
#1998=EDGE_CURVE('',#1629,#1631,#594,.T.);
#1999=EDGE_CURVE('',#1632,#1631,#595,.T.);
#2000=EDGE_CURVE('',#1630,#1632,#596,.T.);
#2001=EDGE_CURVE('',#1630,#1633,#597,.T.);
#2002=EDGE_CURVE('',#1634,#1632,#598,.T.);
#2003=EDGE_CURVE('',#1633,#1634,#599,.T.);
#2004=EDGE_CURVE('',#1633,#1635,#600,.T.);
#2005=EDGE_CURVE('',#1636,#1634,#601,.T.);
#2006=EDGE_CURVE('',#1635,#1636,#602,.T.);
#2007=EDGE_CURVE('',#1635,#1629,#603,.T.);
#2008=EDGE_CURVE('',#1631,#1636,#604,.T.);
#2009=EDGE_CURVE('',#1637,#1638,#605,.T.);
#2010=EDGE_CURVE('',#1637,#1639,#606,.T.);
#2011=EDGE_CURVE('',#1640,#1639,#607,.T.);
#2012=EDGE_CURVE('',#1638,#1640,#608,.T.);
#2013=EDGE_CURVE('',#1638,#1641,#609,.T.);
#2014=EDGE_CURVE('',#1642,#1640,#610,.T.);
#2015=EDGE_CURVE('',#1641,#1642,#611,.T.);
#2016=EDGE_CURVE('',#1641,#1643,#612,.T.);
#2017=EDGE_CURVE('',#1644,#1642,#613,.T.);
#2018=EDGE_CURVE('',#1643,#1644,#614,.T.);
#2019=EDGE_CURVE('',#1643,#1637,#615,.T.);
#2020=EDGE_CURVE('',#1639,#1644,#616,.T.);
#2021=EDGE_CURVE('',#1645,#1646,#617,.T.);
#2022=EDGE_CURVE('',#1646,#1647,#618,.T.);
#2023=EDGE_CURVE('',#1648,#1647,#619,.T.);
#2024=EDGE_CURVE('',#1645,#1648,#620,.T.);
#2025=EDGE_CURVE('',#1649,#1648,#621,.T.);
#2026=EDGE_CURVE('',#1647,#1650,#622,.T.);
#2027=EDGE_CURVE('',#1649,#1650,#623,.T.);
#2028=EDGE_CURVE('',#1646,#1618,#624,.T.);
#2029=EDGE_CURVE('',#1620,#1645,#625,.T.);
#2030=EDGE_CURVE('',#1651,#1652,#626,.T.);
#2031=EDGE_CURVE('',#1651,#1653,#627,.T.);
#2032=EDGE_CURVE('',#1654,#1653,#628,.T.);
#2033=EDGE_CURVE('',#1652,#1654,#629,.T.);
#2034=EDGE_CURVE('',#1652,#1619,#630,.T.);
#2035=EDGE_CURVE('',#1655,#1654,#631,.T.);
#2036=EDGE_CURVE('',#1650,#1655,#632,.T.);
#2037=EDGE_CURVE('',#1656,#1655,#633,.T.);
#2038=EDGE_CURVE('',#1649,#1656,#634,.T.);
#2039=EDGE_CURVE('',#1653,#1656,#635,.T.);
#2040=EDGE_CURVE('',#1621,#1651,#636,.T.);
#2041=EDGE_CURVE('',#1657,#1628,#637,.T.);
#2042=EDGE_CURVE('',#1623,#1657,#638,.T.);
#2043=EDGE_CURVE('',#1658,#1657,#639,.T.);
#2044=EDGE_CURVE('',#1658,#1627,#640,.T.);
#2045=EDGE_CURVE('',#1659,#1624,#641,.T.);
#2046=EDGE_CURVE('',#1659,#1660,#642,.T.);
#2047=EDGE_CURVE('',#1625,#1660,#643,.T.);
#2048=EDGE_CURVE('',#1661,#1626,#644,.T.);
#2049=EDGE_CURVE('',#1658,#1661,#645,.T.);
#2050=EDGE_CURVE('',#1660,#1661,#646,.T.);
#2051=EDGE_CURVE('',#1614,#1659,#647,.T.);
#2052=EDGE_CURVE('',#1662,#1663,#648,.T.);
#2053=EDGE_CURVE('',#1662,#1664,#649,.T.);
#2054=EDGE_CURVE('',#1665,#1664,#650,.T.);
#2055=EDGE_CURVE('',#1663,#1665,#651,.T.);
#2056=EDGE_CURVE('',#1666,#1667,#652,.T.);
#2057=EDGE_CURVE('',#1663,#1666,#653,.T.);
#2058=EDGE_CURVE('',#1668,#1665,#654,.T.);
#2059=EDGE_CURVE('',#1669,#1668,#655,.T.);
#2060=EDGE_CURVE('',#1670,#1669,#656,.T.);
#2061=EDGE_CURVE('',#1670,#1671,#657,.T.);
#2062=EDGE_CURVE('',#1672,#1671,#658,.T.);
#2063=EDGE_CURVE('',#1673,#1672,#659,.T.);
#2064=EDGE_CURVE('',#1674,#1673,#660,.T.);
#2065=EDGE_CURVE('',#1674,#1675,#661,.T.);
#2066=EDGE_CURVE('',#1667,#1675,#662,.T.);
#2067=EDGE_CURVE('',#1669,#1676,#663,.T.);
#2068=EDGE_CURVE('',#1677,#1668,#664,.T.);
#2069=EDGE_CURVE('',#1676,#1677,#665,.T.);
#2070=EDGE_CURVE('',#1676,#1662,#666,.T.);
#2071=EDGE_CURVE('',#1664,#1677,#667,.T.);
#2072=EDGE_CURVE('',#1678,#1679,#668,.T.);
#2073=EDGE_CURVE('',#1679,#1680,#669,.T.);
#2074=EDGE_CURVE('',#1681,#1680,#670,.T.);
#2075=EDGE_CURVE('',#1678,#1681,#671,.T.);
#2076=EDGE_CURVE('',#1682,#1681,#672,.T.);
#2077=EDGE_CURVE('',#1680,#1683,#673,.T.);
#2078=EDGE_CURVE('',#1682,#1683,#674,.T.);
#2079=EDGE_CURVE('',#1684,#1678,#675,.T.);
#2080=EDGE_CURVE('',#1685,#1684,#676,.T.);
#2081=EDGE_CURVE('',#1679,#1685,#677,.T.);
#2082=EDGE_CURVE('',#1686,#1684,#678,.T.);
#2083=EDGE_CURVE('',#1687,#1686,#679,.T.);
#2084=EDGE_CURVE('',#1687,#1685,#680,.T.);
#2085=EDGE_CURVE('',#1688,#1689,#681,.T.);
#2086=EDGE_CURVE('',#1688,#1690,#682,.T.);
#2087=EDGE_CURVE('',#1691,#1690,#683,.T.);
#2088=EDGE_CURVE('',#1689,#1691,#684,.T.);
#2089=EDGE_CURVE('',#1689,#1692,#685,.T.);
#2090=EDGE_CURVE('',#1693,#1691,#686,.T.);
#2091=EDGE_CURVE('',#1683,#1693,#687,.T.);
#2092=EDGE_CURVE('',#1692,#1687,#688,.T.);
#2093=EDGE_CURVE('',#1694,#1693,#689,.T.);
#2094=EDGE_CURVE('',#1682,#1694,#690,.T.);
#2095=EDGE_CURVE('',#1695,#1688,#691,.T.);
#2096=EDGE_CURVE('',#1686,#1695,#692,.T.);
#2097=EDGE_CURVE('',#1690,#1694,#693,.T.);
#2098=EDGE_CURVE('',#1696,#1695,#694,.T.);
#2099=EDGE_CURVE('',#1696,#1697,#695,.T.);
#2100=EDGE_CURVE('',#1686,#1697,#696,.T.);
#2101=EDGE_CURVE('',#1698,#1699,#697,.T.);
#2102=EDGE_CURVE('',#1699,#1700,#698,.T.);
#2103=EDGE_CURVE('',#1701,#1700,#699,.T.);
#2104=EDGE_CURVE('',#1698,#1701,#700,.T.);
#2105=EDGE_CURVE('',#1700,#1702,#701,.T.);
#2106=EDGE_CURVE('',#1703,#1702,#702,.T.);
#2107=EDGE_CURVE('',#1703,#1701,#703,.T.);
#2108=EDGE_CURVE('',#1699,#1704,#704,.T.);
#2109=EDGE_CURVE('',#1705,#1698,#705,.T.);
#2110=EDGE_CURVE('',#1704,#1705,#706,.T.);
#2111=EDGE_CURVE('',#1702,#1706,#707,.T.);
#2112=EDGE_CURVE('',#1707,#1706,#708,.T.);
#2113=EDGE_CURVE('',#1703,#1707,#709,.T.);
#2114=EDGE_CURVE('',#1708,#1705,#710,.T.);
#2115=EDGE_CURVE('',#1709,#1708,#711,.T.);
#2116=EDGE_CURVE('',#1709,#1704,#712,.T.);
#2117=EDGE_CURVE('',#1710,#1711,#713,.T.);
#2118=EDGE_CURVE('',#1708,#1710,#714,.T.);
#2119=EDGE_CURVE('',#1712,#1707,#715,.T.);
#2120=EDGE_CURVE('',#1711,#1712,#716,.T.);
#2121=EDGE_CURVE('',#1711,#1713,#717,.T.);
#2122=EDGE_CURVE('',#1714,#1712,#718,.T.);
#2123=EDGE_CURVE('',#1713,#1714,#719,.T.);
#2124=EDGE_CURVE('',#1713,#1715,#720,.T.);
#2125=EDGE_CURVE('',#1706,#1714,#721,.T.);
#2126=EDGE_CURVE('',#1715,#1709,#722,.T.);
#2127=EDGE_CURVE('',#1716,#1710,#723,.T.);
#2128=EDGE_CURVE('',#1716,#1717,#724,.T.);
#2129=EDGE_CURVE('',#1708,#1717,#725,.T.);
#2130=EDGE_CURVE('',#1718,#1709,#726,.T.);
#2131=EDGE_CURVE('',#1718,#1719,#727,.T.);
#2132=EDGE_CURVE('',#1715,#1719,#728,.T.);
#2133=EDGE_CURVE('',#1720,#1721,#729,.T.);
#2134=EDGE_CURVE('',#1721,#1722,#730,.T.);
#2135=EDGE_CURVE('',#1723,#1722,#731,.T.);
#2136=EDGE_CURVE('',#1720,#1723,#732,.T.);
#2137=EDGE_CURVE('',#1724,#1723,#733,.T.);
#2138=EDGE_CURVE('',#1722,#1725,#734,.T.);
#2139=EDGE_CURVE('',#1724,#1725,#735,.T.);
#2140=EDGE_CURVE('',#1726,#1720,#736,.T.);
#2141=EDGE_CURVE('',#1727,#1726,#737,.T.);
#2142=EDGE_CURVE('',#1721,#1727,#738,.T.);
#2143=EDGE_CURVE('',#1728,#1726,#739,.T.);
#2144=EDGE_CURVE('',#1697,#1728,#740,.T.);
#2145=EDGE_CURVE('',#1697,#1727,#741,.T.);
#2146=EDGE_CURVE('',#1729,#1730,#742,.T.);
#2147=EDGE_CURVE('',#1729,#1731,#743,.T.);
#2148=EDGE_CURVE('',#1732,#1731,#744,.T.);
#2149=EDGE_CURVE('',#1730,#1732,#745,.T.);
#2150=EDGE_CURVE('',#1730,#1696,#746,.T.);
#2151=EDGE_CURVE('',#1733,#1732,#747,.T.);
#2152=EDGE_CURVE('',#1725,#1733,#748,.T.);
#2153=EDGE_CURVE('',#1734,#1733,#749,.T.);
#2154=EDGE_CURVE('',#1724,#1734,#750,.T.);
#2155=EDGE_CURVE('',#1735,#1729,#751,.T.);
#2156=EDGE_CURVE('',#1728,#1735,#752,.T.);
#2157=EDGE_CURVE('',#1731,#1734,#753,.T.);
#2158=EDGE_CURVE('',#1666,#1735,#754,.T.);
#2159=EDGE_CURVE('',#1728,#1667,#755,.T.);
#2160=EDGE_CURVE('',#1736,#1737,#756,.T.);
#2161=EDGE_CURVE('',#1737,#1738,#757,.T.);
#2162=EDGE_CURVE('',#1739,#1738,#758,.T.);
#2163=EDGE_CURVE('',#1736,#1739,#759,.T.);
#2164=EDGE_CURVE('',#1738,#1740,#760,.T.);
#2165=EDGE_CURVE('',#1741,#1740,#761,.T.);
#2166=EDGE_CURVE('',#1741,#1739,#762,.T.);
#2167=EDGE_CURVE('',#1737,#1742,#763,.T.);
#2168=EDGE_CURVE('',#1743,#1736,#764,.T.);
#2169=EDGE_CURVE('',#1742,#1743,#765,.T.);
#2170=EDGE_CURVE('',#1740,#1744,#766,.T.);
#2171=EDGE_CURVE('',#1745,#1744,#767,.T.);
#2172=EDGE_CURVE('',#1741,#1745,#768,.T.);
#2173=EDGE_CURVE('',#1718,#1743,#769,.T.);
#2174=EDGE_CURVE('',#1746,#1718,#770,.T.);
#2175=EDGE_CURVE('',#1746,#1742,#771,.T.);
#2176=EDGE_CURVE('',#1719,#1747,#772,.T.);
#2177=EDGE_CURVE('',#1748,#1745,#773,.T.);
#2178=EDGE_CURVE('',#1747,#1748,#774,.T.);
#2179=EDGE_CURVE('',#1747,#1749,#775,.T.);
#2180=EDGE_CURVE('',#1750,#1748,#776,.T.);
#2181=EDGE_CURVE('',#1749,#1750,#777,.T.);
#2182=EDGE_CURVE('',#1749,#1751,#778,.T.);
#2183=EDGE_CURVE('',#1744,#1750,#779,.T.);
#2184=EDGE_CURVE('',#1751,#1746,#780,.T.);
#2185=EDGE_CURVE('',#1671,#1746,#781,.T.);
#2186=EDGE_CURVE('',#1751,#1670,#782,.T.);
#2187=EDGE_CURVE('',#1752,#1753,#64,.T.);
#2188=EDGE_CURVE('',#1752,#1754,#783,.T.);
#2189=EDGE_CURVE('',#1754,#1755,#65,.T.);
#2190=EDGE_CURVE('',#1755,#1753,#784,.T.);
#2191=EDGE_CURVE('',#1756,#1755,#785,.T.);
#2192=EDGE_CURVE('',#1757,#1756,#786,.T.);
#2193=EDGE_CURVE('',#1758,#1757,#787,.T.);
#2194=EDGE_CURVE('',#1758,#1759,#788,.T.);
#2195=EDGE_CURVE('',#1759,#1760,#789,.T.);
#2196=EDGE_CURVE('',#1760,#1761,#790,.T.);
#2197=EDGE_CURVE('',#1753,#1761,#791,.T.);
#2198=EDGE_CURVE('',#1762,#1763,#792,.T.);
#2199=EDGE_CURVE('',#1763,#1764,#793,.T.);
#2200=EDGE_CURVE('',#1764,#1765,#794,.T.);
#2201=EDGE_CURVE('',#1765,#1762,#795,.T.);
#2202=EDGE_CURVE('',#1766,#1767,#796,.T.);
#2203=EDGE_CURVE('',#1767,#1768,#797,.T.);
#2204=EDGE_CURVE('',#1768,#1769,#798,.T.);
#2205=EDGE_CURVE('',#1769,#1766,#799,.T.);
#2206=EDGE_CURVE('',#1770,#1771,#66,.T.);
#2207=EDGE_CURVE('',#1770,#1772,#800,.T.);
#2208=EDGE_CURVE('',#1772,#1773,#67,.T.);
#2209=EDGE_CURVE('',#1773,#1771,#801,.T.);
#2210=EDGE_CURVE('',#1771,#1752,#802,.T.);
#2211=EDGE_CURVE('',#1754,#1773,#803,.T.);
#2212=EDGE_CURVE('',#1774,#1775,#804,.T.);
#2213=EDGE_CURVE('',#1775,#1776,#805,.T.);
#2214=EDGE_CURVE('',#1776,#1777,#806,.T.);
#2215=EDGE_CURVE('',#1777,#1774,#807,.T.);
#2216=EDGE_CURVE('',#1778,#1779,#808,.T.);
#2217=EDGE_CURVE('',#1779,#1780,#809,.T.);
#2218=EDGE_CURVE('',#1780,#1781,#810,.T.);
#2219=EDGE_CURVE('',#1781,#1778,#811,.T.);
#2220=EDGE_CURVE('',#1782,#1783,#812,.T.);
#2221=EDGE_CURVE('',#1783,#1784,#813,.T.);
#2222=EDGE_CURVE('',#1784,#1785,#814,.T.);
#2223=EDGE_CURVE('',#1785,#1782,#815,.T.);
#2224=EDGE_CURVE('',#1786,#1787,#816,.T.);
#2225=EDGE_CURVE('',#1787,#1788,#817,.T.);
#2226=EDGE_CURVE('',#1788,#1789,#818,.T.);
#2227=EDGE_CURVE('',#1789,#1786,#819,.T.);
#2228=EDGE_CURVE('',#1790,#1791,#820,.T.);
#2229=EDGE_CURVE('',#1791,#1792,#821,.T.);
#2230=EDGE_CURVE('',#1792,#1793,#822,.T.);
#2231=EDGE_CURVE('',#1793,#1790,#823,.T.);
#2232=EDGE_CURVE('',#1794,#1795,#824,.T.);
#2233=EDGE_CURVE('',#1795,#1796,#825,.T.);
#2234=EDGE_CURVE('',#1796,#1797,#826,.T.);
#2235=EDGE_CURVE('',#1797,#1794,#827,.T.);
#2236=EDGE_CURVE('',#1798,#1799,#828,.T.);
#2237=EDGE_CURVE('',#1799,#1800,#829,.T.);
#2238=EDGE_CURVE('',#1800,#1801,#830,.T.);
#2239=EDGE_CURVE('',#1801,#1798,#831,.T.);
#2240=EDGE_CURVE('',#1802,#1803,#832,.T.);
#2241=EDGE_CURVE('',#1803,#1804,#833,.T.);
#2242=EDGE_CURVE('',#1804,#1805,#834,.T.);
#2243=EDGE_CURVE('',#1805,#1802,#835,.T.);
#2244=EDGE_CURVE('',#1806,#1807,#836,.T.);
#2245=EDGE_CURVE('',#1807,#1808,#837,.T.);
#2246=EDGE_CURVE('',#1808,#1809,#838,.T.);
#2247=EDGE_CURVE('',#1809,#1806,#839,.T.);
#2248=EDGE_CURVE('',#1810,#1811,#840,.T.);
#2249=EDGE_CURVE('',#1811,#1812,#841,.T.);
#2250=EDGE_CURVE('',#1812,#1813,#842,.T.);
#2251=EDGE_CURVE('',#1813,#1810,#843,.T.);
#2252=EDGE_CURVE('',#1814,#1815,#844,.T.);
#2253=EDGE_CURVE('',#1815,#1816,#845,.T.);
#2254=EDGE_CURVE('',#1816,#1817,#846,.T.);
#2255=EDGE_CURVE('',#1817,#1814,#847,.T.);
#2256=EDGE_CURVE('',#1818,#1819,#848,.T.);
#2257=EDGE_CURVE('',#1819,#1820,#849,.T.);
#2258=EDGE_CURVE('',#1820,#1821,#850,.T.);
#2259=EDGE_CURVE('',#1821,#1818,#851,.T.);
#2260=EDGE_CURVE('',#1822,#1823,#68,.T.);
#2261=EDGE_CURVE('',#1822,#1824,#852,.T.);
#2262=EDGE_CURVE('',#1824,#1825,#69,.T.);
#2263=EDGE_CURVE('',#1825,#1823,#853,.T.);
#2264=EDGE_CURVE('',#1826,#1770,#854,.T.);
#2265=EDGE_CURVE('',#1826,#1827,#855,.T.);
#2266=EDGE_CURVE('',#1827,#1828,#856,.T.);
#2267=EDGE_CURVE('',#1828,#1829,#857,.T.);
#2268=EDGE_CURVE('',#1829,#1830,#858,.T.);
#2269=EDGE_CURVE('',#1830,#1831,#859,.T.);
#2270=EDGE_CURVE('',#1832,#1831,#860,.T.);
#2271=EDGE_CURVE('',#1832,#1833,#861,.T.);
#2272=EDGE_CURVE('',#1833,#1823,#862,.T.);
#2273=EDGE_CURVE('',#1772,#1825,#863,.T.);
#2274=EDGE_CURVE('',#1757,#1834,#70,.T.);
#2275=EDGE_CURVE('',#1756,#1835,#71,.T.);
#2276=EDGE_CURVE('',#1835,#1834,#864,.T.);
#2277=EDGE_CURVE('',#1834,#1836,#865,.T.);
#2278=EDGE_CURVE('',#1836,#1837,#866,.T.);
#2279=EDGE_CURVE('',#1837,#1832,#867,.T.);
#2280=EDGE_CURVE('',#1831,#1838,#868,.T.);
#2281=EDGE_CURVE('',#1838,#1839,#869,.T.);
#2282=EDGE_CURVE('',#1839,#1758,#870,.T.);
#2283=EDGE_CURVE('',#1840,#1840,#72,.T.);
#2284=EDGE_CURVE('',#1841,#1841,#73,.T.);
#2285=EDGE_CURVE('',#1842,#1842,#74,.T.);
#2286=EDGE_CURVE('',#1843,#1844,#871,.T.);
#2287=EDGE_CURVE('',#1844,#1845,#872,.T.);
#2288=EDGE_CURVE('',#1845,#1846,#873,.T.);
#2289=EDGE_CURVE('',#1846,#1843,#874,.T.);
#2290=EDGE_CURVE('',#1847,#1848,#875,.T.);
#2291=EDGE_CURVE('',#1848,#1849,#876,.T.);
#2292=EDGE_CURVE('',#1849,#1850,#877,.T.);
#2293=EDGE_CURVE('',#1850,#1847,#878,.T.);
#2294=EDGE_CURVE('',#1851,#1852,#879,.T.);
#2295=EDGE_CURVE('',#1852,#1853,#880,.T.);
#2296=EDGE_CURVE('',#1853,#1854,#881,.T.);
#2297=EDGE_CURVE('',#1854,#1851,#882,.T.);
#2298=EDGE_CURVE('',#1692,#1855,#883,.T.);
#2299=EDGE_CURVE('',#1855,#1856,#884,.T.);
#2300=EDGE_CURVE('',#1856,#1674,#885,.T.);
#2301=EDGE_CURVE('',#1673,#1857,#886,.T.);
#2302=EDGE_CURVE('',#1857,#1716,#887,.T.);
#2303=EDGE_CURVE('',#1822,#1858,#888,.T.);
#2304=EDGE_CURVE('',#1858,#1836,#889,.T.);
#2305=EDGE_CURVE('',#1824,#1835,#890,.T.);
#2306=EDGE_CURVE('',#1859,#1860,#891,.T.);
#2307=EDGE_CURVE('',#1860,#1861,#892,.T.);
#2308=EDGE_CURVE('',#1861,#1862,#893,.T.);
#2309=EDGE_CURVE('',#1862,#1859,#894,.T.);
#2310=EDGE_CURVE('',#1863,#1864,#75,.T.);
#2311=EDGE_CURVE('',#1864,#1865,#895,.T.);
#2312=EDGE_CURVE('',#1865,#1866,#76,.T.);
#2313=EDGE_CURVE('',#1866,#1863,#896,.T.);
#2314=EDGE_CURVE('',#1867,#1864,#897,.T.);
#2315=EDGE_CURVE('',#1868,#1867,#898,.T.);
#2316=EDGE_CURVE('',#1868,#1865,#899,.T.);
#2317=EDGE_CURVE('',#1869,#1870,#900,.T.);
#2318=EDGE_CURVE('',#1870,#1871,#901,.T.);
#2319=EDGE_CURVE('',#1871,#1872,#902,.T.);
#2320=EDGE_CURVE('',#1872,#1869,#903,.T.);
#2321=EDGE_CURVE('',#1873,#1874,#904,.T.);
#2322=EDGE_CURVE('',#1874,#1875,#905,.T.);
#2323=EDGE_CURVE('',#1875,#1876,#906,.T.);
#2324=EDGE_CURVE('',#1876,#1873,#907,.T.);
#2325=EDGE_CURVE('',#1877,#1878,#908,.T.);
#2326=EDGE_CURVE('',#1878,#1879,#909,.T.);
#2327=EDGE_CURVE('',#1879,#1880,#910,.T.);
#2328=EDGE_CURVE('',#1880,#1877,#911,.T.);
#2329=EDGE_CURVE('',#1881,#1882,#912,.T.);
#2330=EDGE_CURVE('',#1882,#1883,#913,.T.);
#2331=EDGE_CURVE('',#1883,#1884,#914,.T.);
#2332=EDGE_CURVE('',#1884,#1881,#915,.T.);
#2333=EDGE_CURVE('',#1885,#1886,#916,.T.);
#2334=EDGE_CURVE('',#1886,#1887,#917,.T.);
#2335=EDGE_CURVE('',#1887,#1888,#918,.T.);
#2336=EDGE_CURVE('',#1888,#1885,#919,.T.);
#2337=EDGE_CURVE('',#1889,#1890,#920,.T.);
#2338=EDGE_CURVE('',#1890,#1891,#921,.T.);
#2339=EDGE_CURVE('',#1891,#1892,#922,.T.);
#2340=EDGE_CURVE('',#1892,#1889,#923,.T.);
#2341=EDGE_CURVE('',#1893,#1894,#924,.T.);
#2342=EDGE_CURVE('',#1894,#1895,#925,.T.);
#2343=EDGE_CURVE('',#1895,#1896,#926,.T.);
#2344=EDGE_CURVE('',#1896,#1893,#927,.T.);
#2345=EDGE_CURVE('',#1897,#1898,#928,.T.);
#2346=EDGE_CURVE('',#1898,#1899,#929,.T.);
#2347=EDGE_CURVE('',#1899,#1900,#930,.T.);
#2348=EDGE_CURVE('',#1900,#1897,#931,.T.);
#2349=EDGE_CURVE('',#1901,#1902,#932,.T.);
#2350=EDGE_CURVE('',#1902,#1903,#933,.T.);
#2351=EDGE_CURVE('',#1903,#1904,#934,.T.);
#2352=EDGE_CURVE('',#1904,#1901,#935,.T.);
#2353=EDGE_CURVE('',#1905,#1906,#936,.T.);
#2354=EDGE_CURVE('',#1906,#1907,#937,.T.);
#2355=EDGE_CURVE('',#1907,#1908,#938,.T.);
#2356=EDGE_CURVE('',#1908,#1905,#939,.T.);
#2357=EDGE_CURVE('',#1909,#1910,#940,.T.);
#2358=EDGE_CURVE('',#1910,#1911,#941,.T.);
#2359=EDGE_CURVE('',#1911,#1912,#942,.T.);
#2360=EDGE_CURVE('',#1912,#1909,#943,.T.);
#2361=EDGE_CURVE('',#1913,#1914,#944,.T.);
#2362=EDGE_CURVE('',#1914,#1915,#945,.T.);
#2363=EDGE_CURVE('',#1915,#1916,#946,.T.);
#2364=EDGE_CURVE('',#1916,#1913,#947,.T.);
#2365=EDGE_CURVE('',#1863,#1917,#948,.T.);
#2366=EDGE_CURVE('',#1918,#1917,#77,.T.);
#2367=EDGE_CURVE('',#1918,#1919,#949,.T.);
#2368=EDGE_CURVE('',#1920,#1919,#78,.T.);
#2369=EDGE_CURVE('',#1920,#1921,#950,.T.);
#2370=EDGE_CURVE('',#1867,#1921,#79,.T.);
#2371=EDGE_CURVE('',#1917,#1922,#951,.T.);
#2372=EDGE_CURVE('',#1922,#1923,#80,.T.);
#2373=EDGE_CURVE('',#1923,#1918,#952,.T.);
#2374=EDGE_CURVE('',#1923,#1924,#953,.T.);
#2375=EDGE_CURVE('',#1919,#1924,#954,.T.);
#2376=EDGE_CURVE('',#1925,#1926,#955,.T.);
#2377=EDGE_CURVE('',#1926,#1927,#956,.T.);
#2378=EDGE_CURVE('',#1927,#1928,#957,.T.);
#2379=EDGE_CURVE('',#1928,#1925,#958,.T.);
#2380=EDGE_CURVE('',#1924,#1929,#81,.T.);
#2381=EDGE_CURVE('',#1929,#1920,#959,.T.);
#2382=EDGE_CURVE('',#1921,#1930,#960,.T.);
#2383=EDGE_CURVE('',#1930,#1868,#82,.T.);
#2384=EDGE_CURVE('',#1931,#1858,#961,.T.);
#2385=EDGE_CURVE('',#1837,#1931,#962,.T.);
#2386=EDGE_CURVE('',#1833,#1931,#963,.T.);
#2387=EDGE_CURVE('',#1932,#1829,#964,.T.);
#2388=EDGE_CURVE('',#1933,#1932,#965,.T.);
#2389=EDGE_CURVE('',#1933,#1934,#966,.T.);
#2390=EDGE_CURVE('',#1935,#1934,#967,.T.);
#2391=EDGE_CURVE('',#1936,#1935,#968,.T.);
#2392=EDGE_CURVE('',#1936,#1937,#969,.T.);
#2393=EDGE_CURVE('',#1937,#1830,#970,.T.);
#2394=EDGE_CURVE('',#1838,#1937,#971,.T.);
#2395=EDGE_CURVE('',#1839,#1936,#972,.T.);
#2396=EDGE_CURVE('',#1761,#1826,#973,.T.);
#2397=EDGE_CURVE('',#1938,#1938,#83,.T.);
#2398=EDGE_CURVE('',#1939,#1939,#84,.T.);
#2399=EDGE_CURVE('',#1827,#1760,#974,.T.);
#2400=EDGE_CURVE('',#1933,#1940,#975,.T.);
#2401=EDGE_CURVE('',#1940,#1941,#976,.T.);
#2402=EDGE_CURVE('',#1941,#1934,#977,.T.);
#2403=EDGE_CURVE('',#1941,#1942,#978,.T.);
#2404=EDGE_CURVE('',#1935,#1942,#979,.T.);
#2405=EDGE_CURVE('',#1851,#1943,#980,.T.);
#2406=EDGE_CURVE('',#1944,#1943,#981,.T.);
#2407=EDGE_CURVE('',#1852,#1944,#982,.T.);
#2408=EDGE_CURVE('',#1945,#1944,#983,.T.);
#2409=EDGE_CURVE('',#1853,#1945,#984,.T.);
#2410=EDGE_CURVE('',#1946,#1945,#985,.T.);
#2411=EDGE_CURVE('',#1854,#1946,#986,.T.);
#2412=EDGE_CURVE('',#1943,#1946,#987,.T.);
#2413=EDGE_CURVE('',#1947,#1947,#85,.T.);
#2414=EDGE_CURVE('',#1947,#1840,#988,.T.);
#2415=EDGE_CURVE('',#1948,#1768,#989,.T.);
#2416=EDGE_CURVE('',#1949,#1948,#990,.T.);
#2417=EDGE_CURVE('',#1949,#1769,#991,.T.);
#2418=EDGE_CURVE('',#1950,#1949,#992,.T.);
#2419=EDGE_CURVE('',#1766,#1950,#993,.T.);
#2420=EDGE_CURVE('',#1951,#1950,#994,.T.);
#2421=EDGE_CURVE('',#1767,#1951,#995,.T.);
#2422=EDGE_CURVE('',#1948,#1951,#996,.T.);
#2423=EDGE_CURVE('',#1952,#1764,#997,.T.);
#2424=EDGE_CURVE('',#1953,#1952,#998,.T.);
#2425=EDGE_CURVE('',#1953,#1765,#999,.T.);
#2426=EDGE_CURVE('',#1954,#1953,#1000,.T.);
#2427=EDGE_CURVE('',#1762,#1954,#1001,.T.);
#2428=EDGE_CURVE('',#1955,#1954,#1002,.T.);
#2429=EDGE_CURVE('',#1763,#1955,#1003,.T.);
#2430=EDGE_CURVE('',#1952,#1955,#1004,.T.);
#2431=EDGE_CURVE('',#1847,#1956,#1005,.T.);
#2432=EDGE_CURVE('',#1957,#1956,#1006,.T.);
#2433=EDGE_CURVE('',#1848,#1957,#1007,.T.);
#2434=EDGE_CURVE('',#1958,#1957,#1008,.T.);
#2435=EDGE_CURVE('',#1849,#1958,#1009,.T.);
#2436=EDGE_CURVE('',#1959,#1958,#1010,.T.);
#2437=EDGE_CURVE('',#1850,#1959,#1011,.T.);
#2438=EDGE_CURVE('',#1956,#1959,#1012,.T.);
#2439=EDGE_CURVE('',#1843,#1960,#1013,.T.);
#2440=EDGE_CURVE('',#1961,#1960,#1014,.T.);
#2441=EDGE_CURVE('',#1844,#1961,#1015,.T.);
#2442=EDGE_CURVE('',#1962,#1961,#1016,.T.);
#2443=EDGE_CURVE('',#1845,#1962,#1017,.T.);
#2444=EDGE_CURVE('',#1963,#1962,#1018,.T.);
#2445=EDGE_CURVE('',#1846,#1963,#1019,.T.);
#2446=EDGE_CURVE('',#1960,#1963,#1020,.T.);
#2447=EDGE_CURVE('',#1928,#1861,#1021,.T.);
#2448=EDGE_CURVE('',#1927,#1862,#1022,.T.);
#2449=EDGE_CURVE('',#1859,#1926,#1023,.T.);
#2450=EDGE_CURVE('',#1860,#1925,#1024,.T.);
#2451=EDGE_CURVE('',#1964,#1687,#1025,.T.);
#2452=EDGE_CURVE('',#1855,#1964,#1026,.T.);
#2453=EDGE_CURVE('',#1965,#1964,#1027,.T.);
#2454=EDGE_CURVE('',#1856,#1965,#1028,.T.);
#2455=EDGE_CURVE('',#1675,#1965,#1029,.T.);
#2456=EDGE_CURVE('',#1966,#1672,#1030,.T.);
#2457=EDGE_CURVE('',#1857,#1966,#1031,.T.);
#2458=EDGE_CURVE('',#1717,#1966,#1032,.T.);
#2459=EDGE_CURVE('',#1967,#1932,#1033,.T.);
#2460=EDGE_CURVE('',#1967,#1940,#1034,.T.);
#2461=EDGE_CURVE('',#1942,#1967,#1035,.T.);
#2462=EDGE_CURVE('',#1759,#1828,#1036,.T.);
#2463=EDGE_CURVE('',#1776,#1916,#1037,.T.);
#2464=EDGE_CURVE('',#1777,#1915,#1038,.T.);
#2465=EDGE_CURVE('',#1914,#1774,#1039,.T.);
#2466=EDGE_CURVE('',#1913,#1775,#1040,.T.);
#2467=EDGE_CURVE('',#1780,#1912,#1041,.T.);
#2468=EDGE_CURVE('',#1781,#1911,#1042,.T.);
#2469=EDGE_CURVE('',#1910,#1778,#1043,.T.);
#2470=EDGE_CURVE('',#1909,#1779,#1044,.T.);
#2471=EDGE_CURVE('',#1784,#1908,#1045,.T.);
#2472=EDGE_CURVE('',#1785,#1907,#1046,.T.);
#2473=EDGE_CURVE('',#1906,#1782,#1047,.T.);
#2474=EDGE_CURVE('',#1905,#1783,#1048,.T.);
#2475=EDGE_CURVE('',#1788,#1904,#1049,.T.);
#2476=EDGE_CURVE('',#1789,#1903,#1050,.T.);
#2477=EDGE_CURVE('',#1902,#1786,#1051,.T.);
#2478=EDGE_CURVE('',#1901,#1787,#1052,.T.);
#2479=EDGE_CURVE('',#1792,#1900,#1053,.T.);
#2480=EDGE_CURVE('',#1793,#1899,#1054,.T.);
#2481=EDGE_CURVE('',#1898,#1790,#1055,.T.);
#2482=EDGE_CURVE('',#1897,#1791,#1056,.T.);
#2483=EDGE_CURVE('',#1796,#1896,#1057,.T.);
#2484=EDGE_CURVE('',#1797,#1895,#1058,.T.);
#2485=EDGE_CURVE('',#1894,#1794,#1059,.T.);
#2486=EDGE_CURVE('',#1893,#1795,#1060,.T.);
#2487=EDGE_CURVE('',#1800,#1892,#1061,.T.);
#2488=EDGE_CURVE('',#1801,#1891,#1062,.T.);
#2489=EDGE_CURVE('',#1890,#1798,#1063,.T.);
#2490=EDGE_CURVE('',#1889,#1799,#1064,.T.);
#2491=EDGE_CURVE('',#1804,#1888,#1065,.T.);
#2492=EDGE_CURVE('',#1805,#1887,#1066,.T.);
#2493=EDGE_CURVE('',#1886,#1802,#1067,.T.);
#2494=EDGE_CURVE('',#1885,#1803,#1068,.T.);
#2495=EDGE_CURVE('',#1808,#1884,#1069,.T.);
#2496=EDGE_CURVE('',#1809,#1883,#1070,.T.);
#2497=EDGE_CURVE('',#1882,#1806,#1071,.T.);
#2498=EDGE_CURVE('',#1881,#1807,#1072,.T.);
#2499=EDGE_CURVE('',#1812,#1880,#1073,.T.);
#2500=EDGE_CURVE('',#1813,#1879,#1074,.T.);
#2501=EDGE_CURVE('',#1878,#1810,#1075,.T.);
#2502=EDGE_CURVE('',#1877,#1811,#1076,.T.);
#2503=EDGE_CURVE('',#1816,#1876,#1077,.T.);
#2504=EDGE_CURVE('',#1817,#1875,#1078,.T.);
#2505=EDGE_CURVE('',#1874,#1814,#1079,.T.);
#2506=EDGE_CURVE('',#1873,#1815,#1080,.T.);
#2507=EDGE_CURVE('',#1820,#1872,#1081,.T.);
#2508=EDGE_CURVE('',#1821,#1871,#1082,.T.);
#2509=EDGE_CURVE('',#1870,#1818,#1083,.T.);
#2510=EDGE_CURVE('',#1869,#1819,#1084,.T.);
#2511=EDGE_CURVE('',#1968,#1968,#86,.T.);
#2512=EDGE_CURVE('',#1968,#1969,#1085,.T.);
#2513=EDGE_CURVE('',#1969,#1969,#87,.T.);
#2514=EDGE_CURVE('',#1970,#1970,#88,.T.);
#2515=EDGE_CURVE('',#1970,#1841,#1086,.T.);
#2516=EDGE_CURVE('',#1971,#1971,#89,.T.);
#2517=EDGE_CURVE('',#1971,#1972,#1087,.T.);
#2518=EDGE_CURVE('',#1972,#1972,#90,.T.);
#2519=EDGE_CURVE('',#1973,#1973,#91,.T.);
#2520=EDGE_CURVE('',#1973,#1939,#1088,.T.);
#2521=EDGE_CURVE('',#1974,#1974,#92,.T.);
#2522=EDGE_CURVE('',#1974,#1975,#1089,.T.);
#2523=EDGE_CURVE('',#1975,#1975,#93,.T.);
#2524=EDGE_CURVE('',#1976,#1976,#94,.T.);
#2525=EDGE_CURVE('',#1976,#1842,#1090,.T.);
#2526=EDGE_CURVE('',#1977,#1977,#95,.T.);
#2527=EDGE_CURVE('',#1977,#1978,#1091,.T.);
#2528=EDGE_CURVE('',#1978,#1978,#96,.T.);
#2529=EDGE_CURVE('',#1979,#1979,#97,.T.);
#2530=EDGE_CURVE('',#1979,#1938,#1092,.T.);
#2531=EDGE_CURVE('',#1929,#1930,#1093,.T.);
#2532=EDGE_CURVE('',#1866,#1922,#1094,.T.);
#2533=ORIENTED_EDGE('',*,*,#1980,.F.);
#2534=ORIENTED_EDGE('',*,*,#1981,.F.);
#2535=ORIENTED_EDGE('',*,*,#1982,.F.);
#2536=ORIENTED_EDGE('',*,*,#1983,.T.);
#2537=ORIENTED_EDGE('',*,*,#1984,.F.);
#2538=ORIENTED_EDGE('',*,*,#1985,.T.);
#2539=ORIENTED_EDGE('',*,*,#1986,.F.);
#2540=ORIENTED_EDGE('',*,*,#1987,.F.);
#2541=ORIENTED_EDGE('',*,*,#1988,.F.);
#2542=ORIENTED_EDGE('',*,*,#1989,.F.);
#2543=ORIENTED_EDGE('',*,*,#1990,.F.);
#2544=ORIENTED_EDGE('',*,*,#1983,.F.);
#2545=ORIENTED_EDGE('',*,*,#1988,.T.);
#2546=ORIENTED_EDGE('',*,*,#1982,.T.);
#2547=ORIENTED_EDGE('',*,*,#1991,.F.);
#2548=ORIENTED_EDGE('',*,*,#1992,.T.);
#2549=ORIENTED_EDGE('',*,*,#1993,.F.);
#2550=ORIENTED_EDGE('',*,*,#1994,.F.);
#2551=ORIENTED_EDGE('',*,*,#1995,.F.);
#2552=ORIENTED_EDGE('',*,*,#1996,.F.);
#2553=ORIENTED_EDGE('',*,*,#1997,.F.);
#2554=ORIENTED_EDGE('',*,*,#1998,.T.);
#2555=ORIENTED_EDGE('',*,*,#1999,.F.);
#2556=ORIENTED_EDGE('',*,*,#2000,.F.);
#2557=ORIENTED_EDGE('',*,*,#2001,.F.);
#2558=ORIENTED_EDGE('',*,*,#2000,.T.);
#2559=ORIENTED_EDGE('',*,*,#2002,.F.);
#2560=ORIENTED_EDGE('',*,*,#2003,.F.);
#2561=ORIENTED_EDGE('',*,*,#2004,.F.);
#2562=ORIENTED_EDGE('',*,*,#2003,.T.);
#2563=ORIENTED_EDGE('',*,*,#2005,.F.);
#2564=ORIENTED_EDGE('',*,*,#2006,.F.);
#2565=ORIENTED_EDGE('',*,*,#2007,.F.);
#2566=ORIENTED_EDGE('',*,*,#2006,.T.);
#2567=ORIENTED_EDGE('',*,*,#2008,.F.);
#2568=ORIENTED_EDGE('',*,*,#1998,.F.);
#2569=ORIENTED_EDGE('',*,*,#2008,.T.);
#2570=ORIENTED_EDGE('',*,*,#2005,.T.);
#2571=ORIENTED_EDGE('',*,*,#2002,.T.);
#2572=ORIENTED_EDGE('',*,*,#1999,.T.);
#2573=ORIENTED_EDGE('',*,*,#2009,.F.);
#2574=ORIENTED_EDGE('',*,*,#2010,.T.);
#2575=ORIENTED_EDGE('',*,*,#2011,.F.);
#2576=ORIENTED_EDGE('',*,*,#2012,.F.);
#2577=ORIENTED_EDGE('',*,*,#2013,.F.);
#2578=ORIENTED_EDGE('',*,*,#2012,.T.);
#2579=ORIENTED_EDGE('',*,*,#2014,.F.);
#2580=ORIENTED_EDGE('',*,*,#2015,.F.);
#2581=ORIENTED_EDGE('',*,*,#2016,.F.);
#2582=ORIENTED_EDGE('',*,*,#2015,.T.);
#2583=ORIENTED_EDGE('',*,*,#2017,.F.);
#2584=ORIENTED_EDGE('',*,*,#2018,.F.);
#2585=ORIENTED_EDGE('',*,*,#2019,.F.);
#2586=ORIENTED_EDGE('',*,*,#2018,.T.);
#2587=ORIENTED_EDGE('',*,*,#2020,.F.);
#2588=ORIENTED_EDGE('',*,*,#2010,.F.);
#2589=ORIENTED_EDGE('',*,*,#2020,.T.);
#2590=ORIENTED_EDGE('',*,*,#2017,.T.);
#2591=ORIENTED_EDGE('',*,*,#2014,.T.);
#2592=ORIENTED_EDGE('',*,*,#2011,.T.);
#2593=ORIENTED_EDGE('',*,*,#2021,.T.);
#2594=ORIENTED_EDGE('',*,*,#2022,.T.);
#2595=ORIENTED_EDGE('',*,*,#2023,.F.);
#2596=ORIENTED_EDGE('',*,*,#2024,.F.);
#2597=ORIENTED_EDGE('',*,*,#2025,.T.);
#2598=ORIENTED_EDGE('',*,*,#2023,.T.);
#2599=ORIENTED_EDGE('',*,*,#2026,.T.);
#2600=ORIENTED_EDGE('',*,*,#2027,.F.);
#2601=ORIENTED_EDGE('',*,*,#2028,.F.);
#2602=ORIENTED_EDGE('',*,*,#2021,.F.);
#2603=ORIENTED_EDGE('',*,*,#2029,.F.);
#2604=ORIENTED_EDGE('',*,*,#1985,.F.);
#2605=ORIENTED_EDGE('',*,*,#2030,.F.);
#2606=ORIENTED_EDGE('',*,*,#2031,.T.);
#2607=ORIENTED_EDGE('',*,*,#2032,.F.);
#2608=ORIENTED_EDGE('',*,*,#2033,.F.);
#2609=ORIENTED_EDGE('',*,*,#1984,.T.);
#2610=ORIENTED_EDGE('',*,*,#2034,.F.);
#2611=ORIENTED_EDGE('',*,*,#2033,.T.);
#2612=ORIENTED_EDGE('',*,*,#2035,.F.);
#2613=ORIENTED_EDGE('',*,*,#2036,.F.);
#2614=ORIENTED_EDGE('',*,*,#2026,.F.);
#2615=ORIENTED_EDGE('',*,*,#2022,.F.);
#2616=ORIENTED_EDGE('',*,*,#2028,.T.);
#2617=ORIENTED_EDGE('',*,*,#2027,.T.);
#2618=ORIENTED_EDGE('',*,*,#2036,.T.);
#2619=ORIENTED_EDGE('',*,*,#2037,.F.);
#2620=ORIENTED_EDGE('',*,*,#2038,.F.);
#2621=ORIENTED_EDGE('',*,*,#2029,.T.);
#2622=ORIENTED_EDGE('',*,*,#2024,.T.);
#2623=ORIENTED_EDGE('',*,*,#2025,.F.);
#2624=ORIENTED_EDGE('',*,*,#2038,.T.);
#2625=ORIENTED_EDGE('',*,*,#2039,.F.);
#2626=ORIENTED_EDGE('',*,*,#2031,.F.);
#2627=ORIENTED_EDGE('',*,*,#2040,.F.);
#2628=ORIENTED_EDGE('',*,*,#1986,.T.);
#2629=ORIENTED_EDGE('',*,*,#2039,.T.);
#2630=ORIENTED_EDGE('',*,*,#2037,.T.);
#2631=ORIENTED_EDGE('',*,*,#2035,.T.);
#2632=ORIENTED_EDGE('',*,*,#2032,.T.);
#2633=ORIENTED_EDGE('',*,*,#1989,.T.);
#2634=ORIENTED_EDGE('',*,*,#1996,.T.);
#2635=ORIENTED_EDGE('',*,*,#2041,.F.);
#2636=ORIENTED_EDGE('',*,*,#2042,.F.);
#2637=ORIENTED_EDGE('',*,*,#2043,.T.);
#2638=ORIENTED_EDGE('',*,*,#2041,.T.);
#2639=ORIENTED_EDGE('',*,*,#1995,.T.);
#2640=ORIENTED_EDGE('',*,*,#2044,.F.);
#2641=ORIENTED_EDGE('',*,*,#2045,.F.);
#2642=ORIENTED_EDGE('',*,*,#2046,.T.);
#2643=ORIENTED_EDGE('',*,*,#2047,.F.);
#2644=ORIENTED_EDGE('',*,*,#1992,.F.);
#2645=ORIENTED_EDGE('',*,*,#2044,.T.);
#2646=ORIENTED_EDGE('',*,*,#1994,.T.);
#2647=ORIENTED_EDGE('',*,*,#2048,.F.);
#2648=ORIENTED_EDGE('',*,*,#2049,.F.);
#2649=ORIENTED_EDGE('',*,*,#1990,.T.);
#2650=ORIENTED_EDGE('',*,*,#2042,.T.);
#2651=ORIENTED_EDGE('',*,*,#2043,.F.);
#2652=ORIENTED_EDGE('',*,*,#2049,.T.);
#2653=ORIENTED_EDGE('',*,*,#2050,.F.);
#2654=ORIENTED_EDGE('',*,*,#2046,.F.);
#2655=ORIENTED_EDGE('',*,*,#2051,.F.);
#2656=ORIENTED_EDGE('',*,*,#1980,.T.);
#2657=ORIENTED_EDGE('',*,*,#2050,.T.);
#2658=ORIENTED_EDGE('',*,*,#2048,.T.);
#2659=ORIENTED_EDGE('',*,*,#1993,.T.);
#2660=ORIENTED_EDGE('',*,*,#2047,.T.);
#2661=ORIENTED_EDGE('',*,*,#2052,.F.);
#2662=ORIENTED_EDGE('',*,*,#2053,.T.);
#2663=ORIENTED_EDGE('',*,*,#2054,.F.);
#2664=ORIENTED_EDGE('',*,*,#2055,.F.);
#2665=ORIENTED_EDGE('',*,*,#2056,.F.);
#2666=ORIENTED_EDGE('',*,*,#2057,.F.);
#2667=ORIENTED_EDGE('',*,*,#2055,.T.);
#2668=ORIENTED_EDGE('',*,*,#2058,.F.);
#2669=ORIENTED_EDGE('',*,*,#2059,.F.);
#2670=ORIENTED_EDGE('',*,*,#2060,.F.);
#2671=ORIENTED_EDGE('',*,*,#2061,.T.);
#2672=ORIENTED_EDGE('',*,*,#2062,.F.);
#2673=ORIENTED_EDGE('',*,*,#2063,.F.);
#2674=ORIENTED_EDGE('',*,*,#2064,.F.);
#2675=ORIENTED_EDGE('',*,*,#2065,.T.);
#2676=ORIENTED_EDGE('',*,*,#2066,.F.);
#2677=ORIENTED_EDGE('',*,*,#2067,.F.);
#2678=ORIENTED_EDGE('',*,*,#2059,.T.);
#2679=ORIENTED_EDGE('',*,*,#2068,.F.);
#2680=ORIENTED_EDGE('',*,*,#2069,.F.);
#2681=ORIENTED_EDGE('',*,*,#2070,.F.);
#2682=ORIENTED_EDGE('',*,*,#2069,.T.);
#2683=ORIENTED_EDGE('',*,*,#2071,.F.);
#2684=ORIENTED_EDGE('',*,*,#2053,.F.);
#2685=ORIENTED_EDGE('',*,*,#2071,.T.);
#2686=ORIENTED_EDGE('',*,*,#2068,.T.);
#2687=ORIENTED_EDGE('',*,*,#2058,.T.);
#2688=ORIENTED_EDGE('',*,*,#2054,.T.);
#2689=ORIENTED_EDGE('',*,*,#2072,.T.);
#2690=ORIENTED_EDGE('',*,*,#2073,.T.);
#2691=ORIENTED_EDGE('',*,*,#2074,.F.);
#2692=ORIENTED_EDGE('',*,*,#2075,.F.);
#2693=ORIENTED_EDGE('',*,*,#2076,.T.);
#2694=ORIENTED_EDGE('',*,*,#2074,.T.);
#2695=ORIENTED_EDGE('',*,*,#2077,.T.);
#2696=ORIENTED_EDGE('',*,*,#2078,.F.);
#2697=ORIENTED_EDGE('',*,*,#2079,.F.);
#2698=ORIENTED_EDGE('',*,*,#2080,.F.);
#2699=ORIENTED_EDGE('',*,*,#2081,.F.);
#2700=ORIENTED_EDGE('',*,*,#2072,.F.);
#2701=ORIENTED_EDGE('',*,*,#2080,.T.);
#2702=ORIENTED_EDGE('',*,*,#2082,.F.);
#2703=ORIENTED_EDGE('',*,*,#2083,.F.);
#2704=ORIENTED_EDGE('',*,*,#2084,.T.);
#2705=ORIENTED_EDGE('',*,*,#2085,.F.);
#2706=ORIENTED_EDGE('',*,*,#2086,.T.);
#2707=ORIENTED_EDGE('',*,*,#2087,.F.);
#2708=ORIENTED_EDGE('',*,*,#2088,.F.);
#2709=ORIENTED_EDGE('',*,*,#2089,.F.);
#2710=ORIENTED_EDGE('',*,*,#2088,.T.);
#2711=ORIENTED_EDGE('',*,*,#2090,.F.);
#2712=ORIENTED_EDGE('',*,*,#2091,.F.);
#2713=ORIENTED_EDGE('',*,*,#2077,.F.);
#2714=ORIENTED_EDGE('',*,*,#2073,.F.);
#2715=ORIENTED_EDGE('',*,*,#2081,.T.);
#2716=ORIENTED_EDGE('',*,*,#2084,.F.);
#2717=ORIENTED_EDGE('',*,*,#2092,.F.);
#2718=ORIENTED_EDGE('',*,*,#2078,.T.);
#2719=ORIENTED_EDGE('',*,*,#2091,.T.);
#2720=ORIENTED_EDGE('',*,*,#2093,.F.);
#2721=ORIENTED_EDGE('',*,*,#2094,.F.);
#2722=ORIENTED_EDGE('',*,*,#2095,.F.);
#2723=ORIENTED_EDGE('',*,*,#2096,.F.);
#2724=ORIENTED_EDGE('',*,*,#2082,.T.);
#2725=ORIENTED_EDGE('',*,*,#2079,.T.);
#2726=ORIENTED_EDGE('',*,*,#2075,.T.);
#2727=ORIENTED_EDGE('',*,*,#2076,.F.);
#2728=ORIENTED_EDGE('',*,*,#2094,.T.);
#2729=ORIENTED_EDGE('',*,*,#2097,.F.);
#2730=ORIENTED_EDGE('',*,*,#2086,.F.);
#2731=ORIENTED_EDGE('',*,*,#2097,.T.);
#2732=ORIENTED_EDGE('',*,*,#2093,.T.);
#2733=ORIENTED_EDGE('',*,*,#2090,.T.);
#2734=ORIENTED_EDGE('',*,*,#2087,.T.);
#2735=ORIENTED_EDGE('',*,*,#2096,.T.);
#2736=ORIENTED_EDGE('',*,*,#2098,.F.);
#2737=ORIENTED_EDGE('',*,*,#2099,.T.);
#2738=ORIENTED_EDGE('',*,*,#2100,.F.);
#2739=ORIENTED_EDGE('',*,*,#2101,.T.);
#2740=ORIENTED_EDGE('',*,*,#2102,.T.);
#2741=ORIENTED_EDGE('',*,*,#2103,.F.);
#2742=ORIENTED_EDGE('',*,*,#2104,.F.);
#2743=ORIENTED_EDGE('',*,*,#2105,.T.);
#2744=ORIENTED_EDGE('',*,*,#2106,.F.);
#2745=ORIENTED_EDGE('',*,*,#2107,.T.);
#2746=ORIENTED_EDGE('',*,*,#2103,.T.);
#2747=ORIENTED_EDGE('',*,*,#2108,.F.);
#2748=ORIENTED_EDGE('',*,*,#2101,.F.);
#2749=ORIENTED_EDGE('',*,*,#2109,.F.);
#2750=ORIENTED_EDGE('',*,*,#2110,.F.);
#2751=ORIENTED_EDGE('',*,*,#2106,.T.);
#2752=ORIENTED_EDGE('',*,*,#2111,.T.);
#2753=ORIENTED_EDGE('',*,*,#2112,.F.);
#2754=ORIENTED_EDGE('',*,*,#2113,.F.);
#2755=ORIENTED_EDGE('',*,*,#2110,.T.);
#2756=ORIENTED_EDGE('',*,*,#2114,.F.);
#2757=ORIENTED_EDGE('',*,*,#2115,.F.);
#2758=ORIENTED_EDGE('',*,*,#2116,.T.);
#2759=ORIENTED_EDGE('',*,*,#2117,.F.);
#2760=ORIENTED_EDGE('',*,*,#2118,.F.);
#2761=ORIENTED_EDGE('',*,*,#2114,.T.);
#2762=ORIENTED_EDGE('',*,*,#2109,.T.);
#2763=ORIENTED_EDGE('',*,*,#2104,.T.);
#2764=ORIENTED_EDGE('',*,*,#2107,.F.);
#2765=ORIENTED_EDGE('',*,*,#2113,.T.);
#2766=ORIENTED_EDGE('',*,*,#2119,.F.);
#2767=ORIENTED_EDGE('',*,*,#2120,.F.);
#2768=ORIENTED_EDGE('',*,*,#2121,.F.);
#2769=ORIENTED_EDGE('',*,*,#2120,.T.);
#2770=ORIENTED_EDGE('',*,*,#2122,.F.);
#2771=ORIENTED_EDGE('',*,*,#2123,.F.);
#2772=ORIENTED_EDGE('',*,*,#2124,.F.);
#2773=ORIENTED_EDGE('',*,*,#2123,.T.);
#2774=ORIENTED_EDGE('',*,*,#2125,.F.);
#2775=ORIENTED_EDGE('',*,*,#2111,.F.);
#2776=ORIENTED_EDGE('',*,*,#2105,.F.);
#2777=ORIENTED_EDGE('',*,*,#2102,.F.);
#2778=ORIENTED_EDGE('',*,*,#2108,.T.);
#2779=ORIENTED_EDGE('',*,*,#2116,.F.);
#2780=ORIENTED_EDGE('',*,*,#2126,.F.);
#2781=ORIENTED_EDGE('',*,*,#2125,.T.);
#2782=ORIENTED_EDGE('',*,*,#2122,.T.);
#2783=ORIENTED_EDGE('',*,*,#2119,.T.);
#2784=ORIENTED_EDGE('',*,*,#2112,.T.);
#2785=ORIENTED_EDGE('',*,*,#2118,.T.);
#2786=ORIENTED_EDGE('',*,*,#2127,.F.);
#2787=ORIENTED_EDGE('',*,*,#2128,.T.);
#2788=ORIENTED_EDGE('',*,*,#2129,.F.);
#2789=ORIENTED_EDGE('',*,*,#2126,.T.);
#2790=ORIENTED_EDGE('',*,*,#2130,.F.);
#2791=ORIENTED_EDGE('',*,*,#2131,.T.);
#2792=ORIENTED_EDGE('',*,*,#2132,.F.);
#2793=ORIENTED_EDGE('',*,*,#2133,.T.);
#2794=ORIENTED_EDGE('',*,*,#2134,.T.);
#2795=ORIENTED_EDGE('',*,*,#2135,.F.);
#2796=ORIENTED_EDGE('',*,*,#2136,.F.);
#2797=ORIENTED_EDGE('',*,*,#2137,.T.);
#2798=ORIENTED_EDGE('',*,*,#2135,.T.);
#2799=ORIENTED_EDGE('',*,*,#2138,.T.);
#2800=ORIENTED_EDGE('',*,*,#2139,.F.);
#2801=ORIENTED_EDGE('',*,*,#2140,.F.);
#2802=ORIENTED_EDGE('',*,*,#2141,.F.);
#2803=ORIENTED_EDGE('',*,*,#2142,.F.);
#2804=ORIENTED_EDGE('',*,*,#2133,.F.);
#2805=ORIENTED_EDGE('',*,*,#2141,.T.);
#2806=ORIENTED_EDGE('',*,*,#2143,.F.);
#2807=ORIENTED_EDGE('',*,*,#2144,.F.);
#2808=ORIENTED_EDGE('',*,*,#2145,.T.);
#2809=ORIENTED_EDGE('',*,*,#2146,.F.);
#2810=ORIENTED_EDGE('',*,*,#2147,.T.);
#2811=ORIENTED_EDGE('',*,*,#2148,.F.);
#2812=ORIENTED_EDGE('',*,*,#2149,.F.);
#2813=ORIENTED_EDGE('',*,*,#2150,.F.);
#2814=ORIENTED_EDGE('',*,*,#2149,.T.);
#2815=ORIENTED_EDGE('',*,*,#2151,.F.);
#2816=ORIENTED_EDGE('',*,*,#2152,.F.);
#2817=ORIENTED_EDGE('',*,*,#2138,.F.);
#2818=ORIENTED_EDGE('',*,*,#2134,.F.);
#2819=ORIENTED_EDGE('',*,*,#2142,.T.);
#2820=ORIENTED_EDGE('',*,*,#2145,.F.);
#2821=ORIENTED_EDGE('',*,*,#2099,.F.);
#2822=ORIENTED_EDGE('',*,*,#2139,.T.);
#2823=ORIENTED_EDGE('',*,*,#2152,.T.);
#2824=ORIENTED_EDGE('',*,*,#2153,.F.);
#2825=ORIENTED_EDGE('',*,*,#2154,.F.);
#2826=ORIENTED_EDGE('',*,*,#2155,.F.);
#2827=ORIENTED_EDGE('',*,*,#2156,.F.);
#2828=ORIENTED_EDGE('',*,*,#2143,.T.);
#2829=ORIENTED_EDGE('',*,*,#2140,.T.);
#2830=ORIENTED_EDGE('',*,*,#2136,.T.);
#2831=ORIENTED_EDGE('',*,*,#2137,.F.);
#2832=ORIENTED_EDGE('',*,*,#2154,.T.);
#2833=ORIENTED_EDGE('',*,*,#2157,.F.);
#2834=ORIENTED_EDGE('',*,*,#2147,.F.);
#2835=ORIENTED_EDGE('',*,*,#2157,.T.);
#2836=ORIENTED_EDGE('',*,*,#2153,.T.);
#2837=ORIENTED_EDGE('',*,*,#2151,.T.);
#2838=ORIENTED_EDGE('',*,*,#2148,.T.);
#2839=ORIENTED_EDGE('',*,*,#2156,.T.);
#2840=ORIENTED_EDGE('',*,*,#2158,.F.);
#2841=ORIENTED_EDGE('',*,*,#2056,.T.);
#2842=ORIENTED_EDGE('',*,*,#2159,.F.);
#2843=ORIENTED_EDGE('',*,*,#2160,.T.);
#2844=ORIENTED_EDGE('',*,*,#2161,.T.);
#2845=ORIENTED_EDGE('',*,*,#2162,.F.);
#2846=ORIENTED_EDGE('',*,*,#2163,.F.);
#2847=ORIENTED_EDGE('',*,*,#2164,.T.);
#2848=ORIENTED_EDGE('',*,*,#2165,.F.);
#2849=ORIENTED_EDGE('',*,*,#2166,.T.);
#2850=ORIENTED_EDGE('',*,*,#2162,.T.);
#2851=ORIENTED_EDGE('',*,*,#2167,.F.);
#2852=ORIENTED_EDGE('',*,*,#2160,.F.);
#2853=ORIENTED_EDGE('',*,*,#2168,.F.);
#2854=ORIENTED_EDGE('',*,*,#2169,.F.);
#2855=ORIENTED_EDGE('',*,*,#2165,.T.);
#2856=ORIENTED_EDGE('',*,*,#2170,.T.);
#2857=ORIENTED_EDGE('',*,*,#2171,.F.);
#2858=ORIENTED_EDGE('',*,*,#2172,.F.);
#2859=ORIENTED_EDGE('',*,*,#2169,.T.);
#2860=ORIENTED_EDGE('',*,*,#2173,.F.);
#2861=ORIENTED_EDGE('',*,*,#2174,.F.);
#2862=ORIENTED_EDGE('',*,*,#2175,.T.);
#2863=ORIENTED_EDGE('',*,*,#2176,.F.);
#2864=ORIENTED_EDGE('',*,*,#2131,.F.);
#2865=ORIENTED_EDGE('',*,*,#2173,.T.);
#2866=ORIENTED_EDGE('',*,*,#2168,.T.);
#2867=ORIENTED_EDGE('',*,*,#2163,.T.);
#2868=ORIENTED_EDGE('',*,*,#2166,.F.);
#2869=ORIENTED_EDGE('',*,*,#2172,.T.);
#2870=ORIENTED_EDGE('',*,*,#2177,.F.);
#2871=ORIENTED_EDGE('',*,*,#2178,.F.);
#2872=ORIENTED_EDGE('',*,*,#2179,.F.);
#2873=ORIENTED_EDGE('',*,*,#2178,.T.);
#2874=ORIENTED_EDGE('',*,*,#2180,.F.);
#2875=ORIENTED_EDGE('',*,*,#2181,.F.);
#2876=ORIENTED_EDGE('',*,*,#2182,.F.);
#2877=ORIENTED_EDGE('',*,*,#2181,.T.);
#2878=ORIENTED_EDGE('',*,*,#2183,.F.);
#2879=ORIENTED_EDGE('',*,*,#2170,.F.);
#2880=ORIENTED_EDGE('',*,*,#2164,.F.);
#2881=ORIENTED_EDGE('',*,*,#2161,.F.);
#2882=ORIENTED_EDGE('',*,*,#2167,.T.);
#2883=ORIENTED_EDGE('',*,*,#2175,.F.);
#2884=ORIENTED_EDGE('',*,*,#2184,.F.);
#2885=ORIENTED_EDGE('',*,*,#2183,.T.);
#2886=ORIENTED_EDGE('',*,*,#2180,.T.);
#2887=ORIENTED_EDGE('',*,*,#2177,.T.);
#2888=ORIENTED_EDGE('',*,*,#2171,.T.);
#2889=ORIENTED_EDGE('',*,*,#2184,.T.);
#2890=ORIENTED_EDGE('',*,*,#2185,.F.);
#2891=ORIENTED_EDGE('',*,*,#2061,.F.);
#2892=ORIENTED_EDGE('',*,*,#2186,.F.);
#2893=ORIENTED_EDGE('',*,*,#2187,.F.);
#2894=ORIENTED_EDGE('',*,*,#2188,.T.);
#2895=ORIENTED_EDGE('',*,*,#2189,.T.);
#2896=ORIENTED_EDGE('',*,*,#2190,.T.);
#2897=ORIENTED_EDGE('',*,*,#2190,.F.);
#2898=ORIENTED_EDGE('',*,*,#2191,.F.);
#2899=ORIENTED_EDGE('',*,*,#2192,.F.);
#2900=ORIENTED_EDGE('',*,*,#2193,.F.);
#2901=ORIENTED_EDGE('',*,*,#2194,.T.);
#2902=ORIENTED_EDGE('',*,*,#2195,.T.);
#2903=ORIENTED_EDGE('',*,*,#2196,.T.);
#2904=ORIENTED_EDGE('',*,*,#2197,.F.);
#2905=ORIENTED_EDGE('',*,*,#2198,.T.);
#2906=ORIENTED_EDGE('',*,*,#2199,.T.);
#2907=ORIENTED_EDGE('',*,*,#2200,.T.);
#2908=ORIENTED_EDGE('',*,*,#2201,.T.);
#2909=ORIENTED_EDGE('',*,*,#2202,.T.);
#2910=ORIENTED_EDGE('',*,*,#2203,.T.);
#2911=ORIENTED_EDGE('',*,*,#2204,.T.);
#2912=ORIENTED_EDGE('',*,*,#2205,.T.);
#2913=ORIENTED_EDGE('',*,*,#2206,.F.);
#2914=ORIENTED_EDGE('',*,*,#2207,.T.);
#2915=ORIENTED_EDGE('',*,*,#2208,.T.);
#2916=ORIENTED_EDGE('',*,*,#2209,.T.);
#2917=ORIENTED_EDGE('',*,*,#2188,.F.);
#2918=ORIENTED_EDGE('',*,*,#2210,.F.);
#2919=ORIENTED_EDGE('',*,*,#2209,.F.);
#2920=ORIENTED_EDGE('',*,*,#2211,.F.);
#2921=ORIENTED_EDGE('',*,*,#2212,.T.);
#2922=ORIENTED_EDGE('',*,*,#2213,.T.);
#2923=ORIENTED_EDGE('',*,*,#2214,.T.);
#2924=ORIENTED_EDGE('',*,*,#2215,.T.);
#2925=ORIENTED_EDGE('',*,*,#2216,.T.);
#2926=ORIENTED_EDGE('',*,*,#2217,.T.);
#2927=ORIENTED_EDGE('',*,*,#2218,.T.);
#2928=ORIENTED_EDGE('',*,*,#2219,.T.);
#2929=ORIENTED_EDGE('',*,*,#2220,.T.);
#2930=ORIENTED_EDGE('',*,*,#2221,.T.);
#2931=ORIENTED_EDGE('',*,*,#2222,.T.);
#2932=ORIENTED_EDGE('',*,*,#2223,.T.);
#2933=ORIENTED_EDGE('',*,*,#2224,.T.);
#2934=ORIENTED_EDGE('',*,*,#2225,.T.);
#2935=ORIENTED_EDGE('',*,*,#2226,.T.);
#2936=ORIENTED_EDGE('',*,*,#2227,.T.);
#2937=ORIENTED_EDGE('',*,*,#2228,.T.);
#2938=ORIENTED_EDGE('',*,*,#2229,.T.);
#2939=ORIENTED_EDGE('',*,*,#2230,.T.);
#2940=ORIENTED_EDGE('',*,*,#2231,.T.);
#2941=ORIENTED_EDGE('',*,*,#2232,.T.);
#2942=ORIENTED_EDGE('',*,*,#2233,.T.);
#2943=ORIENTED_EDGE('',*,*,#2234,.T.);
#2944=ORIENTED_EDGE('',*,*,#2235,.T.);
#2945=ORIENTED_EDGE('',*,*,#2236,.T.);
#2946=ORIENTED_EDGE('',*,*,#2237,.T.);
#2947=ORIENTED_EDGE('',*,*,#2238,.T.);
#2948=ORIENTED_EDGE('',*,*,#2239,.T.);
#2949=ORIENTED_EDGE('',*,*,#2240,.T.);
#2950=ORIENTED_EDGE('',*,*,#2241,.T.);
#2951=ORIENTED_EDGE('',*,*,#2242,.T.);
#2952=ORIENTED_EDGE('',*,*,#2243,.T.);
#2953=ORIENTED_EDGE('',*,*,#2244,.T.);
#2954=ORIENTED_EDGE('',*,*,#2245,.T.);
#2955=ORIENTED_EDGE('',*,*,#2246,.T.);
#2956=ORIENTED_EDGE('',*,*,#2247,.T.);
#2957=ORIENTED_EDGE('',*,*,#2248,.T.);
#2958=ORIENTED_EDGE('',*,*,#2249,.T.);
#2959=ORIENTED_EDGE('',*,*,#2250,.T.);
#2960=ORIENTED_EDGE('',*,*,#2251,.T.);
#2961=ORIENTED_EDGE('',*,*,#2252,.T.);
#2962=ORIENTED_EDGE('',*,*,#2253,.T.);
#2963=ORIENTED_EDGE('',*,*,#2254,.T.);
#2964=ORIENTED_EDGE('',*,*,#2255,.T.);
#2965=ORIENTED_EDGE('',*,*,#2256,.T.);
#2966=ORIENTED_EDGE('',*,*,#2257,.T.);
#2967=ORIENTED_EDGE('',*,*,#2258,.T.);
#2968=ORIENTED_EDGE('',*,*,#2259,.T.);
#2969=ORIENTED_EDGE('',*,*,#2260,.F.);
#2970=ORIENTED_EDGE('',*,*,#2261,.T.);
#2971=ORIENTED_EDGE('',*,*,#2262,.T.);
#2972=ORIENTED_EDGE('',*,*,#2263,.T.);
#2973=ORIENTED_EDGE('',*,*,#2207,.F.);
#2974=ORIENTED_EDGE('',*,*,#2264,.F.);
#2975=ORIENTED_EDGE('',*,*,#2265,.T.);
#2976=ORIENTED_EDGE('',*,*,#2266,.T.);
#2977=ORIENTED_EDGE('',*,*,#2267,.T.);
#2978=ORIENTED_EDGE('',*,*,#2268,.T.);
#2979=ORIENTED_EDGE('',*,*,#2269,.T.);
#2980=ORIENTED_EDGE('',*,*,#2270,.F.);
#2981=ORIENTED_EDGE('',*,*,#2271,.T.);
#2982=ORIENTED_EDGE('',*,*,#2272,.T.);
#2983=ORIENTED_EDGE('',*,*,#2263,.F.);
#2984=ORIENTED_EDGE('',*,*,#2273,.F.);
#2985=ORIENTED_EDGE('',*,*,#2274,.F.);
#2986=ORIENTED_EDGE('',*,*,#2192,.T.);
#2987=ORIENTED_EDGE('',*,*,#2275,.T.);
#2988=ORIENTED_EDGE('',*,*,#2276,.T.);
#2989=ORIENTED_EDGE('',*,*,#2274,.T.);
#2990=ORIENTED_EDGE('',*,*,#2277,.T.);
#2991=ORIENTED_EDGE('',*,*,#2278,.T.);
#2992=ORIENTED_EDGE('',*,*,#2279,.T.);
#2993=ORIENTED_EDGE('',*,*,#2270,.T.);
#2994=ORIENTED_EDGE('',*,*,#2280,.T.);
#2995=ORIENTED_EDGE('',*,*,#2281,.T.);
#2996=ORIENTED_EDGE('',*,*,#2282,.T.);
#2997=ORIENTED_EDGE('',*,*,#2193,.T.);
#2998=ORIENTED_EDGE('',*,*,#2051,.T.);
#2999=ORIENTED_EDGE('',*,*,#2045,.T.);
#3000=ORIENTED_EDGE('',*,*,#1991,.T.);
#3001=ORIENTED_EDGE('',*,*,#1981,.T.);
#3002=ORIENTED_EDGE('',*,*,#1997,.T.);
#3003=ORIENTED_EDGE('',*,*,#2001,.T.);
#3004=ORIENTED_EDGE('',*,*,#2004,.T.);
#3005=ORIENTED_EDGE('',*,*,#2007,.T.);
#3006=ORIENTED_EDGE('',*,*,#2283,.T.);
#3007=ORIENTED_EDGE('',*,*,#2284,.T.);
#3008=ORIENTED_EDGE('',*,*,#2285,.T.);
#3009=ORIENTED_EDGE('',*,*,#2286,.T.);
#3010=ORIENTED_EDGE('',*,*,#2287,.T.);
#3011=ORIENTED_EDGE('',*,*,#2288,.T.);
#3012=ORIENTED_EDGE('',*,*,#2289,.T.);
#3013=ORIENTED_EDGE('',*,*,#2290,.T.);
#3014=ORIENTED_EDGE('',*,*,#2291,.T.);
#3015=ORIENTED_EDGE('',*,*,#2292,.T.);
#3016=ORIENTED_EDGE('',*,*,#2293,.T.);
#3017=ORIENTED_EDGE('',*,*,#2294,.T.);
#3018=ORIENTED_EDGE('',*,*,#2295,.T.);
#3019=ORIENTED_EDGE('',*,*,#2296,.T.);
#3020=ORIENTED_EDGE('',*,*,#2297,.T.);
#3021=ORIENTED_EDGE('',*,*,#2057,.T.);
#3022=ORIENTED_EDGE('',*,*,#2158,.T.);
#3023=ORIENTED_EDGE('',*,*,#2155,.T.);
#3024=ORIENTED_EDGE('',*,*,#2146,.T.);
#3025=ORIENTED_EDGE('',*,*,#2150,.T.);
#3026=ORIENTED_EDGE('',*,*,#2098,.T.);
#3027=ORIENTED_EDGE('',*,*,#2095,.T.);
#3028=ORIENTED_EDGE('',*,*,#2085,.T.);
#3029=ORIENTED_EDGE('',*,*,#2089,.T.);
#3030=ORIENTED_EDGE('',*,*,#2298,.T.);
#3031=ORIENTED_EDGE('',*,*,#2299,.T.);
#3032=ORIENTED_EDGE('',*,*,#2300,.T.);
#3033=ORIENTED_EDGE('',*,*,#2064,.T.);
#3034=ORIENTED_EDGE('',*,*,#2301,.T.);
#3035=ORIENTED_EDGE('',*,*,#2302,.T.);
#3036=ORIENTED_EDGE('',*,*,#2127,.T.);
#3037=ORIENTED_EDGE('',*,*,#2117,.T.);
#3038=ORIENTED_EDGE('',*,*,#2121,.T.);
#3039=ORIENTED_EDGE('',*,*,#2124,.T.);
#3040=ORIENTED_EDGE('',*,*,#2132,.T.);
#3041=ORIENTED_EDGE('',*,*,#2176,.T.);
#3042=ORIENTED_EDGE('',*,*,#2179,.T.);
#3043=ORIENTED_EDGE('',*,*,#2182,.T.);
#3044=ORIENTED_EDGE('',*,*,#2186,.T.);
#3045=ORIENTED_EDGE('',*,*,#2060,.T.);
#3046=ORIENTED_EDGE('',*,*,#2067,.T.);
#3047=ORIENTED_EDGE('',*,*,#2070,.T.);
#3048=ORIENTED_EDGE('',*,*,#2052,.T.);
#3049=ORIENTED_EDGE('',*,*,#1987,.T.);
#3050=ORIENTED_EDGE('',*,*,#2040,.T.);
#3051=ORIENTED_EDGE('',*,*,#2030,.T.);
#3052=ORIENTED_EDGE('',*,*,#2034,.T.);
#3053=ORIENTED_EDGE('',*,*,#2009,.T.);
#3054=ORIENTED_EDGE('',*,*,#2013,.T.);
#3055=ORIENTED_EDGE('',*,*,#2016,.T.);
#3056=ORIENTED_EDGE('',*,*,#2019,.T.);
#3057=ORIENTED_EDGE('',*,*,#2261,.F.);
#3058=ORIENTED_EDGE('',*,*,#2303,.T.);
#3059=ORIENTED_EDGE('',*,*,#2304,.T.);
#3060=ORIENTED_EDGE('',*,*,#2277,.F.);
#3061=ORIENTED_EDGE('',*,*,#2276,.F.);
#3062=ORIENTED_EDGE('',*,*,#2305,.F.);
#3063=ORIENTED_EDGE('',*,*,#2306,.T.);
#3064=ORIENTED_EDGE('',*,*,#2307,.T.);
#3065=ORIENTED_EDGE('',*,*,#2308,.T.);
#3066=ORIENTED_EDGE('',*,*,#2309,.T.);
#3067=ORIENTED_EDGE('',*,*,#2310,.T.);
#3068=ORIENTED_EDGE('',*,*,#2311,.T.);
#3069=ORIENTED_EDGE('',*,*,#2312,.T.);
#3070=ORIENTED_EDGE('',*,*,#2313,.T.);
#3071=ORIENTED_EDGE('',*,*,#2311,.F.);
#3072=ORIENTED_EDGE('',*,*,#2314,.F.);
#3073=ORIENTED_EDGE('',*,*,#2315,.F.);
#3074=ORIENTED_EDGE('',*,*,#2316,.T.);
#3075=ORIENTED_EDGE('',*,*,#2317,.T.);
#3076=ORIENTED_EDGE('',*,*,#2318,.T.);
#3077=ORIENTED_EDGE('',*,*,#2319,.T.);
#3078=ORIENTED_EDGE('',*,*,#2320,.T.);
#3079=ORIENTED_EDGE('',*,*,#2321,.T.);
#3080=ORIENTED_EDGE('',*,*,#2322,.T.);
#3081=ORIENTED_EDGE('',*,*,#2323,.T.);
#3082=ORIENTED_EDGE('',*,*,#2324,.T.);
#3083=ORIENTED_EDGE('',*,*,#2325,.T.);
#3084=ORIENTED_EDGE('',*,*,#2326,.T.);
#3085=ORIENTED_EDGE('',*,*,#2327,.T.);
#3086=ORIENTED_EDGE('',*,*,#2328,.T.);
#3087=ORIENTED_EDGE('',*,*,#2329,.T.);
#3088=ORIENTED_EDGE('',*,*,#2330,.T.);
#3089=ORIENTED_EDGE('',*,*,#2331,.T.);
#3090=ORIENTED_EDGE('',*,*,#2332,.T.);
#3091=ORIENTED_EDGE('',*,*,#2333,.T.);
#3092=ORIENTED_EDGE('',*,*,#2334,.T.);
#3093=ORIENTED_EDGE('',*,*,#2335,.T.);
#3094=ORIENTED_EDGE('',*,*,#2336,.T.);
#3095=ORIENTED_EDGE('',*,*,#2337,.T.);
#3096=ORIENTED_EDGE('',*,*,#2338,.T.);
#3097=ORIENTED_EDGE('',*,*,#2339,.T.);
#3098=ORIENTED_EDGE('',*,*,#2340,.T.);
#3099=ORIENTED_EDGE('',*,*,#2341,.T.);
#3100=ORIENTED_EDGE('',*,*,#2342,.T.);
#3101=ORIENTED_EDGE('',*,*,#2343,.T.);
#3102=ORIENTED_EDGE('',*,*,#2344,.T.);
#3103=ORIENTED_EDGE('',*,*,#2345,.T.);
#3104=ORIENTED_EDGE('',*,*,#2346,.T.);
#3105=ORIENTED_EDGE('',*,*,#2347,.T.);
#3106=ORIENTED_EDGE('',*,*,#2348,.T.);
#3107=ORIENTED_EDGE('',*,*,#2349,.T.);
#3108=ORIENTED_EDGE('',*,*,#2350,.T.);
#3109=ORIENTED_EDGE('',*,*,#2351,.T.);
#3110=ORIENTED_EDGE('',*,*,#2352,.T.);
#3111=ORIENTED_EDGE('',*,*,#2353,.T.);
#3112=ORIENTED_EDGE('',*,*,#2354,.T.);
#3113=ORIENTED_EDGE('',*,*,#2355,.T.);
#3114=ORIENTED_EDGE('',*,*,#2356,.T.);
#3115=ORIENTED_EDGE('',*,*,#2357,.T.);
#3116=ORIENTED_EDGE('',*,*,#2358,.T.);
#3117=ORIENTED_EDGE('',*,*,#2359,.T.);
#3118=ORIENTED_EDGE('',*,*,#2360,.T.);
#3119=ORIENTED_EDGE('',*,*,#2361,.T.);
#3120=ORIENTED_EDGE('',*,*,#2362,.T.);
#3121=ORIENTED_EDGE('',*,*,#2363,.T.);
#3122=ORIENTED_EDGE('',*,*,#2364,.T.);
#3123=ORIENTED_EDGE('',*,*,#2310,.F.);
#3124=ORIENTED_EDGE('',*,*,#2365,.T.);
#3125=ORIENTED_EDGE('',*,*,#2366,.F.);
#3126=ORIENTED_EDGE('',*,*,#2367,.T.);
#3127=ORIENTED_EDGE('',*,*,#2368,.F.);
#3128=ORIENTED_EDGE('',*,*,#2369,.T.);
#3129=ORIENTED_EDGE('',*,*,#2370,.F.);
#3130=ORIENTED_EDGE('',*,*,#2314,.T.);
#3131=ORIENTED_EDGE('',*,*,#2273,.T.);
#3132=ORIENTED_EDGE('',*,*,#2262,.F.);
#3133=ORIENTED_EDGE('',*,*,#2305,.T.);
#3134=ORIENTED_EDGE('',*,*,#2275,.F.);
#3135=ORIENTED_EDGE('',*,*,#2191,.T.);
#3136=ORIENTED_EDGE('',*,*,#2189,.F.);
#3137=ORIENTED_EDGE('',*,*,#2211,.T.);
#3138=ORIENTED_EDGE('',*,*,#2208,.F.);
#3139=ORIENTED_EDGE('',*,*,#2366,.T.);
#3140=ORIENTED_EDGE('',*,*,#2371,.T.);
#3141=ORIENTED_EDGE('',*,*,#2372,.T.);
#3142=ORIENTED_EDGE('',*,*,#2373,.T.);
#3143=ORIENTED_EDGE('',*,*,#2373,.F.);
#3144=ORIENTED_EDGE('',*,*,#2374,.T.);
#3145=ORIENTED_EDGE('',*,*,#2375,.F.);
#3146=ORIENTED_EDGE('',*,*,#2367,.F.);
#3147=ORIENTED_EDGE('',*,*,#2376,.T.);
#3148=ORIENTED_EDGE('',*,*,#2377,.T.);
#3149=ORIENTED_EDGE('',*,*,#2378,.T.);
#3150=ORIENTED_EDGE('',*,*,#2379,.T.);
#3151=ORIENTED_EDGE('',*,*,#2368,.T.);
#3152=ORIENTED_EDGE('',*,*,#2375,.T.);
#3153=ORIENTED_EDGE('',*,*,#2380,.T.);
#3154=ORIENTED_EDGE('',*,*,#2381,.T.);
#3155=ORIENTED_EDGE('',*,*,#2370,.T.);
#3156=ORIENTED_EDGE('',*,*,#2382,.T.);
#3157=ORIENTED_EDGE('',*,*,#2383,.T.);
#3158=ORIENTED_EDGE('',*,*,#2315,.T.);
#3159=ORIENTED_EDGE('',*,*,#2278,.F.);
#3160=ORIENTED_EDGE('',*,*,#2304,.F.);
#3161=ORIENTED_EDGE('',*,*,#2384,.F.);
#3162=ORIENTED_EDGE('',*,*,#2385,.F.);
#3163=ORIENTED_EDGE('',*,*,#2279,.F.);
#3164=ORIENTED_EDGE('',*,*,#2385,.T.);
#3165=ORIENTED_EDGE('',*,*,#2386,.F.);
#3166=ORIENTED_EDGE('',*,*,#2271,.F.);
#3167=ORIENTED_EDGE('',*,*,#2260,.T.);
#3168=ORIENTED_EDGE('',*,*,#2272,.F.);
#3169=ORIENTED_EDGE('',*,*,#2386,.T.);
#3170=ORIENTED_EDGE('',*,*,#2384,.T.);
#3171=ORIENTED_EDGE('',*,*,#2303,.F.);
#3172=ORIENTED_EDGE('',*,*,#2387,.F.);
#3173=ORIENTED_EDGE('',*,*,#2388,.F.);
#3174=ORIENTED_EDGE('',*,*,#2389,.T.);
#3175=ORIENTED_EDGE('',*,*,#2390,.F.);
#3176=ORIENTED_EDGE('',*,*,#2391,.F.);
#3177=ORIENTED_EDGE('',*,*,#2392,.T.);
#3178=ORIENTED_EDGE('',*,*,#2393,.T.);
#3179=ORIENTED_EDGE('',*,*,#2268,.F.);
#3180=ORIENTED_EDGE('',*,*,#2280,.F.);
#3181=ORIENTED_EDGE('',*,*,#2269,.F.);
#3182=ORIENTED_EDGE('',*,*,#2393,.F.);
#3183=ORIENTED_EDGE('',*,*,#2394,.F.);
#3184=ORIENTED_EDGE('',*,*,#2395,.F.);
#3185=ORIENTED_EDGE('',*,*,#2281,.F.);
#3186=ORIENTED_EDGE('',*,*,#2394,.T.);
#3187=ORIENTED_EDGE('',*,*,#2392,.F.);
#3188=ORIENTED_EDGE('',*,*,#2187,.T.);
#3189=ORIENTED_EDGE('',*,*,#2197,.T.);
#3190=ORIENTED_EDGE('',*,*,#2396,.T.);
#3191=ORIENTED_EDGE('',*,*,#2264,.T.);
#3192=ORIENTED_EDGE('',*,*,#2206,.T.);
#3193=ORIENTED_EDGE('',*,*,#2210,.T.);
#3194=ORIENTED_EDGE('',*,*,#2397,.T.);
#3195=ORIENTED_EDGE('',*,*,#2398,.T.);
#3196=ORIENTED_EDGE('',*,*,#2396,.F.);
#3197=ORIENTED_EDGE('',*,*,#2196,.F.);
#3198=ORIENTED_EDGE('',*,*,#2399,.F.);
#3199=ORIENTED_EDGE('',*,*,#2265,.F.);
#3200=ORIENTED_EDGE('',*,*,#2400,.T.);
#3201=ORIENTED_EDGE('',*,*,#2401,.T.);
#3202=ORIENTED_EDGE('',*,*,#2402,.T.);
#3203=ORIENTED_EDGE('',*,*,#2389,.F.);
#3204=ORIENTED_EDGE('',*,*,#2390,.T.);
#3205=ORIENTED_EDGE('',*,*,#2402,.F.);
#3206=ORIENTED_EDGE('',*,*,#2403,.T.);
#3207=ORIENTED_EDGE('',*,*,#2404,.F.);
#3208=ORIENTED_EDGE('',*,*,#2294,.F.);
#3209=ORIENTED_EDGE('',*,*,#2405,.T.);
#3210=ORIENTED_EDGE('',*,*,#2406,.F.);
#3211=ORIENTED_EDGE('',*,*,#2407,.F.);
#3212=ORIENTED_EDGE('',*,*,#2295,.F.);
#3213=ORIENTED_EDGE('',*,*,#2407,.T.);
#3214=ORIENTED_EDGE('',*,*,#2408,.F.);
#3215=ORIENTED_EDGE('',*,*,#2409,.F.);
#3216=ORIENTED_EDGE('',*,*,#2296,.F.);
#3217=ORIENTED_EDGE('',*,*,#2409,.T.);
#3218=ORIENTED_EDGE('',*,*,#2410,.F.);
#3219=ORIENTED_EDGE('',*,*,#2411,.F.);
#3220=ORIENTED_EDGE('',*,*,#2297,.F.);
#3221=ORIENTED_EDGE('',*,*,#2411,.T.);
#3222=ORIENTED_EDGE('',*,*,#2412,.F.);
#3223=ORIENTED_EDGE('',*,*,#2405,.F.);
#3224=ORIENTED_EDGE('',*,*,#2412,.T.);
#3225=ORIENTED_EDGE('',*,*,#2410,.T.);
#3226=ORIENTED_EDGE('',*,*,#2408,.T.);
#3227=ORIENTED_EDGE('',*,*,#2406,.T.);
#3228=ORIENTED_EDGE('',*,*,#2413,.F.);
#3229=ORIENTED_EDGE('',*,*,#2414,.T.);
#3230=ORIENTED_EDGE('',*,*,#2283,.F.);
#3231=ORIENTED_EDGE('',*,*,#2414,.F.);
#3232=ORIENTED_EDGE('',*,*,#2413,.T.);
#3233=ORIENTED_EDGE('',*,*,#2204,.F.);
#3234=ORIENTED_EDGE('',*,*,#2415,.F.);
#3235=ORIENTED_EDGE('',*,*,#2416,.F.);
#3236=ORIENTED_EDGE('',*,*,#2417,.T.);
#3237=ORIENTED_EDGE('',*,*,#2205,.F.);
#3238=ORIENTED_EDGE('',*,*,#2417,.F.);
#3239=ORIENTED_EDGE('',*,*,#2418,.F.);
#3240=ORIENTED_EDGE('',*,*,#2419,.F.);
#3241=ORIENTED_EDGE('',*,*,#2202,.F.);
#3242=ORIENTED_EDGE('',*,*,#2419,.T.);
#3243=ORIENTED_EDGE('',*,*,#2420,.F.);
#3244=ORIENTED_EDGE('',*,*,#2421,.F.);
#3245=ORIENTED_EDGE('',*,*,#2203,.F.);
#3246=ORIENTED_EDGE('',*,*,#2421,.T.);
#3247=ORIENTED_EDGE('',*,*,#2422,.F.);
#3248=ORIENTED_EDGE('',*,*,#2415,.T.);
#3249=ORIENTED_EDGE('',*,*,#2200,.F.);
#3250=ORIENTED_EDGE('',*,*,#2423,.F.);
#3251=ORIENTED_EDGE('',*,*,#2424,.F.);
#3252=ORIENTED_EDGE('',*,*,#2425,.T.);
#3253=ORIENTED_EDGE('',*,*,#2201,.F.);
#3254=ORIENTED_EDGE('',*,*,#2425,.F.);
#3255=ORIENTED_EDGE('',*,*,#2426,.F.);
#3256=ORIENTED_EDGE('',*,*,#2427,.F.);
#3257=ORIENTED_EDGE('',*,*,#2198,.F.);
#3258=ORIENTED_EDGE('',*,*,#2427,.T.);
#3259=ORIENTED_EDGE('',*,*,#2428,.F.);
#3260=ORIENTED_EDGE('',*,*,#2429,.F.);
#3261=ORIENTED_EDGE('',*,*,#2199,.F.);
#3262=ORIENTED_EDGE('',*,*,#2429,.T.);
#3263=ORIENTED_EDGE('',*,*,#2430,.F.);
#3264=ORIENTED_EDGE('',*,*,#2423,.T.);
#3265=ORIENTED_EDGE('',*,*,#2290,.F.);
#3266=ORIENTED_EDGE('',*,*,#2431,.T.);
#3267=ORIENTED_EDGE('',*,*,#2432,.F.);
#3268=ORIENTED_EDGE('',*,*,#2433,.F.);
#3269=ORIENTED_EDGE('',*,*,#2291,.F.);
#3270=ORIENTED_EDGE('',*,*,#2433,.T.);
#3271=ORIENTED_EDGE('',*,*,#2434,.F.);
#3272=ORIENTED_EDGE('',*,*,#2435,.F.);
#3273=ORIENTED_EDGE('',*,*,#2292,.F.);
#3274=ORIENTED_EDGE('',*,*,#2435,.T.);
#3275=ORIENTED_EDGE('',*,*,#2436,.F.);
#3276=ORIENTED_EDGE('',*,*,#2437,.F.);
#3277=ORIENTED_EDGE('',*,*,#2293,.F.);
#3278=ORIENTED_EDGE('',*,*,#2437,.T.);
#3279=ORIENTED_EDGE('',*,*,#2438,.F.);
#3280=ORIENTED_EDGE('',*,*,#2431,.F.);
#3281=ORIENTED_EDGE('',*,*,#2438,.T.);
#3282=ORIENTED_EDGE('',*,*,#2436,.T.);
#3283=ORIENTED_EDGE('',*,*,#2434,.T.);
#3284=ORIENTED_EDGE('',*,*,#2432,.T.);
#3285=ORIENTED_EDGE('',*,*,#2286,.F.);
#3286=ORIENTED_EDGE('',*,*,#2439,.T.);
#3287=ORIENTED_EDGE('',*,*,#2440,.F.);
#3288=ORIENTED_EDGE('',*,*,#2441,.F.);
#3289=ORIENTED_EDGE('',*,*,#2287,.F.);
#3290=ORIENTED_EDGE('',*,*,#2441,.T.);
#3291=ORIENTED_EDGE('',*,*,#2442,.F.);
#3292=ORIENTED_EDGE('',*,*,#2443,.F.);
#3293=ORIENTED_EDGE('',*,*,#2288,.F.);
#3294=ORIENTED_EDGE('',*,*,#2443,.T.);
#3295=ORIENTED_EDGE('',*,*,#2444,.F.);
#3296=ORIENTED_EDGE('',*,*,#2445,.F.);
#3297=ORIENTED_EDGE('',*,*,#2289,.F.);
#3298=ORIENTED_EDGE('',*,*,#2445,.T.);
#3299=ORIENTED_EDGE('',*,*,#2446,.F.);
#3300=ORIENTED_EDGE('',*,*,#2439,.F.);
#3301=ORIENTED_EDGE('',*,*,#2446,.T.);
#3302=ORIENTED_EDGE('',*,*,#2444,.T.);
#3303=ORIENTED_EDGE('',*,*,#2442,.T.);
#3304=ORIENTED_EDGE('',*,*,#2440,.T.);
#3305=ORIENTED_EDGE('',*,*,#2308,.F.);
#3306=ORIENTED_EDGE('',*,*,#2447,.F.);
#3307=ORIENTED_EDGE('',*,*,#2378,.F.);
#3308=ORIENTED_EDGE('',*,*,#2448,.T.);
#3309=ORIENTED_EDGE('',*,*,#2309,.F.);
#3310=ORIENTED_EDGE('',*,*,#2448,.F.);
#3311=ORIENTED_EDGE('',*,*,#2377,.F.);
#3312=ORIENTED_EDGE('',*,*,#2449,.F.);
#3313=ORIENTED_EDGE('',*,*,#2306,.F.);
#3314=ORIENTED_EDGE('',*,*,#2449,.T.);
#3315=ORIENTED_EDGE('',*,*,#2376,.F.);
#3316=ORIENTED_EDGE('',*,*,#2450,.F.);
#3317=ORIENTED_EDGE('',*,*,#2307,.F.);
#3318=ORIENTED_EDGE('',*,*,#2450,.T.);
#3319=ORIENTED_EDGE('',*,*,#2379,.F.);
#3320=ORIENTED_EDGE('',*,*,#2447,.T.);
#3321=ORIENTED_EDGE('',*,*,#2092,.T.);
#3322=ORIENTED_EDGE('',*,*,#2451,.F.);
#3323=ORIENTED_EDGE('',*,*,#2452,.F.);
#3324=ORIENTED_EDGE('',*,*,#2298,.F.);
#3325=ORIENTED_EDGE('',*,*,#2299,.F.);
#3326=ORIENTED_EDGE('',*,*,#2452,.T.);
#3327=ORIENTED_EDGE('',*,*,#2453,.F.);
#3328=ORIENTED_EDGE('',*,*,#2454,.F.);
#3329=ORIENTED_EDGE('',*,*,#2300,.F.);
#3330=ORIENTED_EDGE('',*,*,#2454,.T.);
#3331=ORIENTED_EDGE('',*,*,#2455,.F.);
#3332=ORIENTED_EDGE('',*,*,#2065,.F.);
#3333=ORIENTED_EDGE('',*,*,#2066,.T.);
#3334=ORIENTED_EDGE('',*,*,#2455,.T.);
#3335=ORIENTED_EDGE('',*,*,#2453,.T.);
#3336=ORIENTED_EDGE('',*,*,#2451,.T.);
#3337=ORIENTED_EDGE('',*,*,#2083,.T.);
#3338=ORIENTED_EDGE('',*,*,#2100,.T.);
#3339=ORIENTED_EDGE('',*,*,#2144,.T.);
#3340=ORIENTED_EDGE('',*,*,#2159,.T.);
#3341=ORIENTED_EDGE('',*,*,#2301,.F.);
#3342=ORIENTED_EDGE('',*,*,#2063,.T.);
#3343=ORIENTED_EDGE('',*,*,#2456,.F.);
#3344=ORIENTED_EDGE('',*,*,#2457,.F.);
#3345=ORIENTED_EDGE('',*,*,#2302,.F.);
#3346=ORIENTED_EDGE('',*,*,#2457,.T.);
#3347=ORIENTED_EDGE('',*,*,#2458,.F.);
#3348=ORIENTED_EDGE('',*,*,#2128,.F.);
#3349=ORIENTED_EDGE('',*,*,#2062,.T.);
#3350=ORIENTED_EDGE('',*,*,#2185,.T.);
#3351=ORIENTED_EDGE('',*,*,#2174,.T.);
#3352=ORIENTED_EDGE('',*,*,#2130,.T.);
#3353=ORIENTED_EDGE('',*,*,#2115,.T.);
#3354=ORIENTED_EDGE('',*,*,#2129,.T.);
#3355=ORIENTED_EDGE('',*,*,#2458,.T.);
#3356=ORIENTED_EDGE('',*,*,#2456,.T.);
#3357=ORIENTED_EDGE('',*,*,#2388,.T.);
#3358=ORIENTED_EDGE('',*,*,#2459,.F.);
#3359=ORIENTED_EDGE('',*,*,#2460,.T.);
#3360=ORIENTED_EDGE('',*,*,#2400,.F.);
#3361=ORIENTED_EDGE('',*,*,#2461,.F.);
#3362=ORIENTED_EDGE('',*,*,#2403,.F.);
#3363=ORIENTED_EDGE('',*,*,#2401,.F.);
#3364=ORIENTED_EDGE('',*,*,#2460,.F.);
#3365=ORIENTED_EDGE('',*,*,#2387,.T.);
#3366=ORIENTED_EDGE('',*,*,#2267,.F.);
#3367=ORIENTED_EDGE('',*,*,#2462,.F.);
#3368=ORIENTED_EDGE('',*,*,#2194,.F.);
#3369=ORIENTED_EDGE('',*,*,#2282,.F.);
#3370=ORIENTED_EDGE('',*,*,#2395,.T.);
#3371=ORIENTED_EDGE('',*,*,#2391,.T.);
#3372=ORIENTED_EDGE('',*,*,#2404,.T.);
#3373=ORIENTED_EDGE('',*,*,#2461,.T.);
#3374=ORIENTED_EDGE('',*,*,#2459,.T.);
#3375=ORIENTED_EDGE('',*,*,#2399,.T.);
#3376=ORIENTED_EDGE('',*,*,#2195,.F.);
#3377=ORIENTED_EDGE('',*,*,#2462,.T.);
#3378=ORIENTED_EDGE('',*,*,#2266,.F.);
#3379=ORIENTED_EDGE('',*,*,#2214,.F.);
#3380=ORIENTED_EDGE('',*,*,#2463,.T.);
#3381=ORIENTED_EDGE('',*,*,#2363,.F.);
#3382=ORIENTED_EDGE('',*,*,#2464,.F.);
#3383=ORIENTED_EDGE('',*,*,#2215,.F.);
#3384=ORIENTED_EDGE('',*,*,#2464,.T.);
#3385=ORIENTED_EDGE('',*,*,#2362,.F.);
#3386=ORIENTED_EDGE('',*,*,#2465,.T.);
#3387=ORIENTED_EDGE('',*,*,#2212,.F.);
#3388=ORIENTED_EDGE('',*,*,#2465,.F.);
#3389=ORIENTED_EDGE('',*,*,#2361,.F.);
#3390=ORIENTED_EDGE('',*,*,#2466,.T.);
#3391=ORIENTED_EDGE('',*,*,#2213,.F.);
#3392=ORIENTED_EDGE('',*,*,#2466,.F.);
#3393=ORIENTED_EDGE('',*,*,#2364,.F.);
#3394=ORIENTED_EDGE('',*,*,#2463,.F.);
#3395=ORIENTED_EDGE('',*,*,#2218,.F.);
#3396=ORIENTED_EDGE('',*,*,#2467,.T.);
#3397=ORIENTED_EDGE('',*,*,#2359,.F.);
#3398=ORIENTED_EDGE('',*,*,#2468,.F.);
#3399=ORIENTED_EDGE('',*,*,#2219,.F.);
#3400=ORIENTED_EDGE('',*,*,#2468,.T.);
#3401=ORIENTED_EDGE('',*,*,#2358,.F.);
#3402=ORIENTED_EDGE('',*,*,#2469,.T.);
#3403=ORIENTED_EDGE('',*,*,#2216,.F.);
#3404=ORIENTED_EDGE('',*,*,#2469,.F.);
#3405=ORIENTED_EDGE('',*,*,#2357,.F.);
#3406=ORIENTED_EDGE('',*,*,#2470,.T.);
#3407=ORIENTED_EDGE('',*,*,#2217,.F.);
#3408=ORIENTED_EDGE('',*,*,#2470,.F.);
#3409=ORIENTED_EDGE('',*,*,#2360,.F.);
#3410=ORIENTED_EDGE('',*,*,#2467,.F.);
#3411=ORIENTED_EDGE('',*,*,#2222,.F.);
#3412=ORIENTED_EDGE('',*,*,#2471,.T.);
#3413=ORIENTED_EDGE('',*,*,#2355,.F.);
#3414=ORIENTED_EDGE('',*,*,#2472,.F.);
#3415=ORIENTED_EDGE('',*,*,#2223,.F.);
#3416=ORIENTED_EDGE('',*,*,#2472,.T.);
#3417=ORIENTED_EDGE('',*,*,#2354,.F.);
#3418=ORIENTED_EDGE('',*,*,#2473,.T.);
#3419=ORIENTED_EDGE('',*,*,#2220,.F.);
#3420=ORIENTED_EDGE('',*,*,#2473,.F.);
#3421=ORIENTED_EDGE('',*,*,#2353,.F.);
#3422=ORIENTED_EDGE('',*,*,#2474,.T.);
#3423=ORIENTED_EDGE('',*,*,#2221,.F.);
#3424=ORIENTED_EDGE('',*,*,#2474,.F.);
#3425=ORIENTED_EDGE('',*,*,#2356,.F.);
#3426=ORIENTED_EDGE('',*,*,#2471,.F.);
#3427=ORIENTED_EDGE('',*,*,#2226,.F.);
#3428=ORIENTED_EDGE('',*,*,#2475,.T.);
#3429=ORIENTED_EDGE('',*,*,#2351,.F.);
#3430=ORIENTED_EDGE('',*,*,#2476,.F.);
#3431=ORIENTED_EDGE('',*,*,#2227,.F.);
#3432=ORIENTED_EDGE('',*,*,#2476,.T.);
#3433=ORIENTED_EDGE('',*,*,#2350,.F.);
#3434=ORIENTED_EDGE('',*,*,#2477,.T.);
#3435=ORIENTED_EDGE('',*,*,#2224,.F.);
#3436=ORIENTED_EDGE('',*,*,#2477,.F.);
#3437=ORIENTED_EDGE('',*,*,#2349,.F.);
#3438=ORIENTED_EDGE('',*,*,#2478,.T.);
#3439=ORIENTED_EDGE('',*,*,#2225,.F.);
#3440=ORIENTED_EDGE('',*,*,#2478,.F.);
#3441=ORIENTED_EDGE('',*,*,#2352,.F.);
#3442=ORIENTED_EDGE('',*,*,#2475,.F.);
#3443=ORIENTED_EDGE('',*,*,#2230,.F.);
#3444=ORIENTED_EDGE('',*,*,#2479,.T.);
#3445=ORIENTED_EDGE('',*,*,#2347,.F.);
#3446=ORIENTED_EDGE('',*,*,#2480,.F.);
#3447=ORIENTED_EDGE('',*,*,#2231,.F.);
#3448=ORIENTED_EDGE('',*,*,#2480,.T.);
#3449=ORIENTED_EDGE('',*,*,#2346,.F.);
#3450=ORIENTED_EDGE('',*,*,#2481,.T.);
#3451=ORIENTED_EDGE('',*,*,#2228,.F.);
#3452=ORIENTED_EDGE('',*,*,#2481,.F.);
#3453=ORIENTED_EDGE('',*,*,#2345,.F.);
#3454=ORIENTED_EDGE('',*,*,#2482,.T.);
#3455=ORIENTED_EDGE('',*,*,#2229,.F.);
#3456=ORIENTED_EDGE('',*,*,#2482,.F.);
#3457=ORIENTED_EDGE('',*,*,#2348,.F.);
#3458=ORIENTED_EDGE('',*,*,#2479,.F.);
#3459=ORIENTED_EDGE('',*,*,#2234,.F.);
#3460=ORIENTED_EDGE('',*,*,#2483,.T.);
#3461=ORIENTED_EDGE('',*,*,#2343,.F.);
#3462=ORIENTED_EDGE('',*,*,#2484,.F.);
#3463=ORIENTED_EDGE('',*,*,#2235,.F.);
#3464=ORIENTED_EDGE('',*,*,#2484,.T.);
#3465=ORIENTED_EDGE('',*,*,#2342,.F.);
#3466=ORIENTED_EDGE('',*,*,#2485,.T.);
#3467=ORIENTED_EDGE('',*,*,#2232,.F.);
#3468=ORIENTED_EDGE('',*,*,#2485,.F.);
#3469=ORIENTED_EDGE('',*,*,#2341,.F.);
#3470=ORIENTED_EDGE('',*,*,#2486,.T.);
#3471=ORIENTED_EDGE('',*,*,#2233,.F.);
#3472=ORIENTED_EDGE('',*,*,#2486,.F.);
#3473=ORIENTED_EDGE('',*,*,#2344,.F.);
#3474=ORIENTED_EDGE('',*,*,#2483,.F.);
#3475=ORIENTED_EDGE('',*,*,#2238,.F.);
#3476=ORIENTED_EDGE('',*,*,#2487,.T.);
#3477=ORIENTED_EDGE('',*,*,#2339,.F.);
#3478=ORIENTED_EDGE('',*,*,#2488,.F.);
#3479=ORIENTED_EDGE('',*,*,#2239,.F.);
#3480=ORIENTED_EDGE('',*,*,#2488,.T.);
#3481=ORIENTED_EDGE('',*,*,#2338,.F.);
#3482=ORIENTED_EDGE('',*,*,#2489,.T.);
#3483=ORIENTED_EDGE('',*,*,#2236,.F.);
#3484=ORIENTED_EDGE('',*,*,#2489,.F.);
#3485=ORIENTED_EDGE('',*,*,#2337,.F.);
#3486=ORIENTED_EDGE('',*,*,#2490,.T.);
#3487=ORIENTED_EDGE('',*,*,#2237,.F.);
#3488=ORIENTED_EDGE('',*,*,#2490,.F.);
#3489=ORIENTED_EDGE('',*,*,#2340,.F.);
#3490=ORIENTED_EDGE('',*,*,#2487,.F.);
#3491=ORIENTED_EDGE('',*,*,#2242,.F.);
#3492=ORIENTED_EDGE('',*,*,#2491,.T.);
#3493=ORIENTED_EDGE('',*,*,#2335,.F.);
#3494=ORIENTED_EDGE('',*,*,#2492,.F.);
#3495=ORIENTED_EDGE('',*,*,#2243,.F.);
#3496=ORIENTED_EDGE('',*,*,#2492,.T.);
#3497=ORIENTED_EDGE('',*,*,#2334,.F.);
#3498=ORIENTED_EDGE('',*,*,#2493,.T.);
#3499=ORIENTED_EDGE('',*,*,#2240,.F.);
#3500=ORIENTED_EDGE('',*,*,#2493,.F.);
#3501=ORIENTED_EDGE('',*,*,#2333,.F.);
#3502=ORIENTED_EDGE('',*,*,#2494,.T.);
#3503=ORIENTED_EDGE('',*,*,#2241,.F.);
#3504=ORIENTED_EDGE('',*,*,#2494,.F.);
#3505=ORIENTED_EDGE('',*,*,#2336,.F.);
#3506=ORIENTED_EDGE('',*,*,#2491,.F.);
#3507=ORIENTED_EDGE('',*,*,#2246,.F.);
#3508=ORIENTED_EDGE('',*,*,#2495,.T.);
#3509=ORIENTED_EDGE('',*,*,#2331,.F.);
#3510=ORIENTED_EDGE('',*,*,#2496,.F.);
#3511=ORIENTED_EDGE('',*,*,#2247,.F.);
#3512=ORIENTED_EDGE('',*,*,#2496,.T.);
#3513=ORIENTED_EDGE('',*,*,#2330,.F.);
#3514=ORIENTED_EDGE('',*,*,#2497,.T.);
#3515=ORIENTED_EDGE('',*,*,#2244,.F.);
#3516=ORIENTED_EDGE('',*,*,#2497,.F.);
#3517=ORIENTED_EDGE('',*,*,#2329,.F.);
#3518=ORIENTED_EDGE('',*,*,#2498,.T.);
#3519=ORIENTED_EDGE('',*,*,#2245,.F.);
#3520=ORIENTED_EDGE('',*,*,#2498,.F.);
#3521=ORIENTED_EDGE('',*,*,#2332,.F.);
#3522=ORIENTED_EDGE('',*,*,#2495,.F.);
#3523=ORIENTED_EDGE('',*,*,#2250,.F.);
#3524=ORIENTED_EDGE('',*,*,#2499,.T.);
#3525=ORIENTED_EDGE('',*,*,#2327,.F.);
#3526=ORIENTED_EDGE('',*,*,#2500,.F.);
#3527=ORIENTED_EDGE('',*,*,#2251,.F.);
#3528=ORIENTED_EDGE('',*,*,#2500,.T.);
#3529=ORIENTED_EDGE('',*,*,#2326,.F.);
#3530=ORIENTED_EDGE('',*,*,#2501,.T.);
#3531=ORIENTED_EDGE('',*,*,#2248,.F.);
#3532=ORIENTED_EDGE('',*,*,#2501,.F.);
#3533=ORIENTED_EDGE('',*,*,#2325,.F.);
#3534=ORIENTED_EDGE('',*,*,#2502,.T.);
#3535=ORIENTED_EDGE('',*,*,#2249,.F.);
#3536=ORIENTED_EDGE('',*,*,#2502,.F.);
#3537=ORIENTED_EDGE('',*,*,#2328,.F.);
#3538=ORIENTED_EDGE('',*,*,#2499,.F.);
#3539=ORIENTED_EDGE('',*,*,#2254,.F.);
#3540=ORIENTED_EDGE('',*,*,#2503,.T.);
#3541=ORIENTED_EDGE('',*,*,#2323,.F.);
#3542=ORIENTED_EDGE('',*,*,#2504,.F.);
#3543=ORIENTED_EDGE('',*,*,#2255,.F.);
#3544=ORIENTED_EDGE('',*,*,#2504,.T.);
#3545=ORIENTED_EDGE('',*,*,#2322,.F.);
#3546=ORIENTED_EDGE('',*,*,#2505,.T.);
#3547=ORIENTED_EDGE('',*,*,#2252,.F.);
#3548=ORIENTED_EDGE('',*,*,#2505,.F.);
#3549=ORIENTED_EDGE('',*,*,#2321,.F.);
#3550=ORIENTED_EDGE('',*,*,#2506,.T.);
#3551=ORIENTED_EDGE('',*,*,#2253,.F.);
#3552=ORIENTED_EDGE('',*,*,#2506,.F.);
#3553=ORIENTED_EDGE('',*,*,#2324,.F.);
#3554=ORIENTED_EDGE('',*,*,#2503,.F.);
#3555=ORIENTED_EDGE('',*,*,#2258,.F.);
#3556=ORIENTED_EDGE('',*,*,#2507,.T.);
#3557=ORIENTED_EDGE('',*,*,#2319,.F.);
#3558=ORIENTED_EDGE('',*,*,#2508,.F.);
#3559=ORIENTED_EDGE('',*,*,#2259,.F.);
#3560=ORIENTED_EDGE('',*,*,#2508,.T.);
#3561=ORIENTED_EDGE('',*,*,#2318,.F.);
#3562=ORIENTED_EDGE('',*,*,#2509,.T.);
#3563=ORIENTED_EDGE('',*,*,#2256,.F.);
#3564=ORIENTED_EDGE('',*,*,#2509,.F.);
#3565=ORIENTED_EDGE('',*,*,#2317,.F.);
#3566=ORIENTED_EDGE('',*,*,#2510,.T.);
#3567=ORIENTED_EDGE('',*,*,#2257,.F.);
#3568=ORIENTED_EDGE('',*,*,#2510,.F.);
#3569=ORIENTED_EDGE('',*,*,#2320,.F.);
#3570=ORIENTED_EDGE('',*,*,#2507,.F.);
#3571=ORIENTED_EDGE('',*,*,#2511,.F.);
#3572=ORIENTED_EDGE('',*,*,#2512,.T.);
#3573=ORIENTED_EDGE('',*,*,#2513,.F.);
#3574=ORIENTED_EDGE('',*,*,#2512,.F.);
#3575=ORIENTED_EDGE('',*,*,#2511,.T.);
#3576=ORIENTED_EDGE('',*,*,#2514,.F.);
#3577=ORIENTED_EDGE('',*,*,#2515,.T.);
#3578=ORIENTED_EDGE('',*,*,#2284,.F.);
#3579=ORIENTED_EDGE('',*,*,#2515,.F.);
#3580=ORIENTED_EDGE('',*,*,#2514,.T.);
#3581=ORIENTED_EDGE('',*,*,#2513,.T.);
#3582=ORIENTED_EDGE('',*,*,#2516,.F.);
#3583=ORIENTED_EDGE('',*,*,#2517,.T.);
#3584=ORIENTED_EDGE('',*,*,#2518,.F.);
#3585=ORIENTED_EDGE('',*,*,#2517,.F.);
#3586=ORIENTED_EDGE('',*,*,#2516,.T.);
#3587=ORIENTED_EDGE('',*,*,#2519,.F.);
#3588=ORIENTED_EDGE('',*,*,#2520,.T.);
#3589=ORIENTED_EDGE('',*,*,#2398,.F.);
#3590=ORIENTED_EDGE('',*,*,#2520,.F.);
#3591=ORIENTED_EDGE('',*,*,#2519,.T.);
#3592=ORIENTED_EDGE('',*,*,#2518,.T.);
#3593=ORIENTED_EDGE('',*,*,#2521,.F.);
#3594=ORIENTED_EDGE('',*,*,#2522,.T.);
#3595=ORIENTED_EDGE('',*,*,#2523,.F.);
#3596=ORIENTED_EDGE('',*,*,#2522,.F.);
#3597=ORIENTED_EDGE('',*,*,#2521,.T.);
#3598=ORIENTED_EDGE('',*,*,#2524,.F.);
#3599=ORIENTED_EDGE('',*,*,#2525,.T.);
#3600=ORIENTED_EDGE('',*,*,#2285,.F.);
#3601=ORIENTED_EDGE('',*,*,#2525,.F.);
#3602=ORIENTED_EDGE('',*,*,#2524,.T.);
#3603=ORIENTED_EDGE('',*,*,#2523,.T.);
#3604=ORIENTED_EDGE('',*,*,#2526,.F.);
#3605=ORIENTED_EDGE('',*,*,#2527,.T.);
#3606=ORIENTED_EDGE('',*,*,#2528,.F.);
#3607=ORIENTED_EDGE('',*,*,#2527,.F.);
#3608=ORIENTED_EDGE('',*,*,#2526,.T.);
#3609=ORIENTED_EDGE('',*,*,#2529,.F.);
#3610=ORIENTED_EDGE('',*,*,#2530,.T.);
#3611=ORIENTED_EDGE('',*,*,#2397,.F.);
#3612=ORIENTED_EDGE('',*,*,#2530,.F.);
#3613=ORIENTED_EDGE('',*,*,#2529,.T.);
#3614=ORIENTED_EDGE('',*,*,#2528,.T.);
#3615=ORIENTED_EDGE('',*,*,#2381,.F.);
#3616=ORIENTED_EDGE('',*,*,#2531,.T.);
#3617=ORIENTED_EDGE('',*,*,#2382,.F.);
#3618=ORIENTED_EDGE('',*,*,#2369,.F.);
#3619=ORIENTED_EDGE('',*,*,#2313,.F.);
#3620=ORIENTED_EDGE('',*,*,#2532,.T.);
#3621=ORIENTED_EDGE('',*,*,#2371,.F.);
#3622=ORIENTED_EDGE('',*,*,#2365,.F.);
#3623=ORIENTED_EDGE('',*,*,#2420,.T.);
#3624=ORIENTED_EDGE('',*,*,#2418,.T.);
#3625=ORIENTED_EDGE('',*,*,#2416,.T.);
#3626=ORIENTED_EDGE('',*,*,#2422,.T.);
#3627=ORIENTED_EDGE('',*,*,#2428,.T.);
#3628=ORIENTED_EDGE('',*,*,#2426,.T.);
#3629=ORIENTED_EDGE('',*,*,#2424,.T.);
#3630=ORIENTED_EDGE('',*,*,#2430,.T.);
#3631=ORIENTED_EDGE('',*,*,#2312,.F.);
#3632=ORIENTED_EDGE('',*,*,#2316,.F.);
#3633=ORIENTED_EDGE('',*,*,#2383,.F.);
#3634=ORIENTED_EDGE('',*,*,#2531,.F.);
#3635=ORIENTED_EDGE('',*,*,#2380,.F.);
#3636=ORIENTED_EDGE('',*,*,#2374,.F.);
#3637=ORIENTED_EDGE('',*,*,#2372,.F.);
#3638=ORIENTED_EDGE('',*,*,#2532,.F.);
#3639=PLANE('',#4048);
#3640=PLANE('',#4049);
#3641=PLANE('',#4050);
#3642=PLANE('',#4051);
#3643=PLANE('',#4052);
#3644=PLANE('',#4053);
#3645=PLANE('',#4054);
#3646=PLANE('',#4055);
#3647=PLANE('',#4056);
#3648=PLANE('',#4057);
#3649=PLANE('',#4058);
#3650=PLANE('',#4059);
#3651=PLANE('',#4060);
#3652=PLANE('',#4061);
#3653=PLANE('',#4062);
#3654=PLANE('',#4063);
#3655=PLANE('',#4064);
#3656=PLANE('',#4065);
#3657=PLANE('',#4066);
#3658=PLANE('',#4067);
#3659=PLANE('',#4068);
#3660=PLANE('',#4069);
#3661=PLANE('',#4070);
#3662=PLANE('',#4071);
#3663=PLANE('',#4072);
#3664=PLANE('',#4073);
#3665=PLANE('',#4074);
#3666=PLANE('',#4075);
#3667=PLANE('',#4076);
#3668=PLANE('',#4077);
#3669=PLANE('',#4078);
#3670=PLANE('',#4079);
#3671=PLANE('',#4080);
#3672=PLANE('',#4081);
#3673=PLANE('',#4082);
#3674=PLANE('',#4083);
#3675=PLANE('',#4084);
#3676=PLANE('',#4085);
#3677=PLANE('',#4086);
#3678=PLANE('',#4087);
#3679=PLANE('',#4088);
#3680=PLANE('',#4089);
#3681=PLANE('',#4090);
#3682=PLANE('',#4091);
#3683=PLANE('',#4092);
#3684=PLANE('',#4093);
#3685=PLANE('',#4094);
#3686=PLANE('',#4095);
#3687=PLANE('',#4096);
#3688=PLANE('',#4097);
#3689=PLANE('',#4098);
#3690=PLANE('',#4099);
#3691=PLANE('',#4100);
#3692=PLANE('',#4101);
#3693=PLANE('',#4102);
#3694=PLANE('',#4103);
#3695=PLANE('',#4104);
#3696=PLANE('',#4105);
#3697=PLANE('',#4106);
#3698=PLANE('',#4107);
#3699=PLANE('',#4108);
#3700=PLANE('',#4109);
#3701=PLANE('',#4110);
#3702=PLANE('',#4111);
#3703=PLANE('',#4112);
#3704=PLANE('',#4113);
#3705=PLANE('',#4114);
#3706=PLANE('',#4115);
#3707=PLANE('',#4116);
#3708=PLANE('',#4117);
#3709=PLANE('',#4118);
#3710=PLANE('',#4119);
#3711=PLANE('',#4120);
#3712=PLANE('',#4121);
#3713=PLANE('',#4125);
#3714=PLANE('',#4129);
#3715=PLANE('',#4133);
#3716=PLANE('',#4137);
#3717=PLANE('',#4141);
#3718=PLANE('',#4145);
#3719=PLANE('',#4146);
#3720=PLANE('',#4152);
#3721=PLANE('',#4157);
#3722=PLANE('',#4158);
#3723=PLANE('',#4159);
#3724=PLANE('',#4160);
#3725=PLANE('',#4161);
#3726=PLANE('',#4162);
#3727=PLANE('',#4163);
#3728=PLANE('',#4166);
#3729=PLANE('',#4167);
#3730=PLANE('',#4168);
#3731=PLANE('',#4169);
#3732=PLANE('',#4170);
#3733=PLANE('',#4171);
#3734=PLANE('',#4172);
#3735=PLANE('',#4175);
#3736=PLANE('',#4176);
#3737=PLANE('',#4177);
#3738=PLANE('',#4178);
#3739=PLANE('',#4179);
#3740=PLANE('',#4180);
#3741=PLANE('',#4181);
#3742=PLANE('',#4182);
#3743=PLANE('',#4183);
#3744=PLANE('',#4184);
#3745=PLANE('',#4185);
#3746=PLANE('',#4186);
#3747=PLANE('',#4187);
#3748=PLANE('',#4188);
#3749=PLANE('',#4189);
#3750=PLANE('',#4190);
#3751=PLANE('',#4191);
#3752=PLANE('',#4192);
#3753=PLANE('',#4193);
#3754=PLANE('',#4194);
#3755=PLANE('',#4195);
#3756=PLANE('',#4196);
#3757=PLANE('',#4197);
#3758=PLANE('',#4198);
#3759=PLANE('',#4199);
#3760=PLANE('',#4200);
#3761=PLANE('',#4201);
#3762=PLANE('',#4202);
#3763=PLANE('',#4203);
#3764=PLANE('',#4204);
#3765=PLANE('',#4205);
#3766=PLANE('',#4206);
#3767=PLANE('',#4207);
#3768=PLANE('',#4208);
#3769=PLANE('',#4209);
#3770=PLANE('',#4210);
#3771=PLANE('',#4211);
#3772=PLANE('',#4212);
#3773=PLANE('',#4213);
#3774=PLANE('',#4214);
#3775=PLANE('',#4215);
#3776=PLANE('',#4216);
#3777=PLANE('',#4217);
#3778=PLANE('',#4218);
#3779=PLANE('',#4219);
#3780=PLANE('',#4220);
#3781=PLANE('',#4221);
#3782=PLANE('',#4222);
#3783=PLANE('',#4223);
#3784=PLANE('',#4224);
#3785=PLANE('',#4225);
#3786=PLANE('',#4226);
#3787=PLANE('',#4227);
#3788=PLANE('',#4228);
#3789=PLANE('',#4229);
#3790=PLANE('',#4230);
#3791=PLANE('',#4231);
#3792=PLANE('',#4232);
#3793=PLANE('',#4233);
#3794=PLANE('',#4234);
#3795=PLANE('',#4235);
#3796=PLANE('',#4236);
#3797=PLANE('',#4237);
#3798=PLANE('',#4238);
#3799=PLANE('',#4239);
#3800=PLANE('',#4240);
#3801=PLANE('',#4241);
#3802=PLANE('',#4242);
#3803=PLANE('',#4243);
#3804=PLANE('',#4244);
#3805=PLANE('',#4245);
#3806=PLANE('',#4246);
#3807=PLANE('',#4247);
#3808=PLANE('',#4248);
#3809=PLANE('',#4249);
#3810=PLANE('',#4250);
#3811=PLANE('',#4251);
#3812=PLANE('',#4252);
#3813=PLANE('',#4253);
#3814=PLANE('',#4254);
#3815=PLANE('',#4255);
#3816=PLANE('',#4256);
#3817=PLANE('',#4260);
#3818=PLANE('',#4263);
#3819=PLANE('',#4267);
#3820=PLANE('',#4270);
#3821=PLANE('',#4274);
#3822=PLANE('',#4277);
#3823=PLANE('',#4281);
#3824=PLANE('',#4284);
#3825=PLANE('',#4285);
#3826=PLANE('',#4286);
#3827=PLANE('',#4287);
#3828=ADVANCED_FACE('',(#115),#3639,.F.);
#3829=ADVANCED_FACE('',(#116),#3640,.F.);
#3830=ADVANCED_FACE('',(#117),#3641,.F.);
#3831=ADVANCED_FACE('',(#118),#3642,.T.);
#3832=ADVANCED_FACE('',(#119),#3643,.T.);
#3833=ADVANCED_FACE('',(#120),#3644,.T.);
#3834=ADVANCED_FACE('',(#121),#3645,.T.);
#3835=ADVANCED_FACE('',(#122),#3646,.T.);
#3836=ADVANCED_FACE('',(#123),#3647,.T.);
#3837=ADVANCED_FACE('',(#124),#3648,.T.);
#3838=ADVANCED_FACE('',(#125),#3649,.T.);
#3839=ADVANCED_FACE('',(#126),#3650,.T.);
#3840=ADVANCED_FACE('',(#127),#3651,.T.);
#3841=ADVANCED_FACE('',(#128),#3652,.T.);
#3842=ADVANCED_FACE('',(#129),#3653,.T.);
#3843=ADVANCED_FACE('',(#130),#3654,.T.);
#3844=ADVANCED_FACE('',(#131),#3655,.F.);
#3845=ADVANCED_FACE('',(#132),#3656,.T.);
#3846=ADVANCED_FACE('',(#133),#3657,.T.);
#3847=ADVANCED_FACE('',(#134),#3658,.T.);
#3848=ADVANCED_FACE('',(#135),#3659,.T.);
#3849=ADVANCED_FACE('',(#136),#3660,.T.);
#3850=ADVANCED_FACE('',(#137),#3661,.T.);
#3851=ADVANCED_FACE('',(#138),#3662,.T.);
#3852=ADVANCED_FACE('',(#139),#3663,.T.);
#3853=ADVANCED_FACE('',(#140),#3664,.T.);
#3854=ADVANCED_FACE('',(#141),#3665,.T.);
#3855=ADVANCED_FACE('',(#142),#3666,.T.);
#3856=ADVANCED_FACE('',(#143),#3667,.T.);
#3857=ADVANCED_FACE('',(#144),#3668,.T.);
#3858=ADVANCED_FACE('',(#145),#3669,.T.);
#3859=ADVANCED_FACE('',(#146),#3670,.T.);
#3860=ADVANCED_FACE('',(#147),#3671,.T.);
#3861=ADVANCED_FACE('',(#148),#3672,.T.);
#3862=ADVANCED_FACE('',(#149),#3673,.T.);
#3863=ADVANCED_FACE('',(#150),#3674,.F.);
#3864=ADVANCED_FACE('',(#151),#3675,.T.);
#3865=ADVANCED_FACE('',(#152),#3676,.T.);
#3866=ADVANCED_FACE('',(#153),#3677,.T.);
#3867=ADVANCED_FACE('',(#154),#3678,.T.);
#3868=ADVANCED_FACE('',(#155),#3679,.T.);
#3869=ADVANCED_FACE('',(#156),#3680,.T.);
#3870=ADVANCED_FACE('',(#157),#3681,.T.);
#3871=ADVANCED_FACE('',(#158),#3682,.T.);
#3872=ADVANCED_FACE('',(#159),#3683,.T.);
#3873=ADVANCED_FACE('',(#160),#3684,.F.);
#3874=ADVANCED_FACE('',(#161),#3685,.T.);
#3875=ADVANCED_FACE('',(#162),#3686,.T.);
#3876=ADVANCED_FACE('',(#163),#3687,.T.);
#3877=ADVANCED_FACE('',(#164),#3688,.T.);
#3878=ADVANCED_FACE('',(#165),#3689,.T.);
#3879=ADVANCED_FACE('',(#166),#3690,.T.);
#3880=ADVANCED_FACE('',(#167),#3691,.T.);
#3881=ADVANCED_FACE('',(#168),#3692,.T.);
#3882=ADVANCED_FACE('',(#169),#3693,.T.);
#3883=ADVANCED_FACE('',(#170),#3694,.T.);
#3884=ADVANCED_FACE('',(#171),#3695,.F.);
#3885=ADVANCED_FACE('',(#172),#3696,.T.);
#3886=ADVANCED_FACE('',(#173),#3697,.T.);
#3887=ADVANCED_FACE('',(#174),#3698,.T.);
#3888=ADVANCED_FACE('',(#175),#3699,.T.);
#3889=ADVANCED_FACE('',(#176),#3700,.T.);
#3890=ADVANCED_FACE('',(#177),#3701,.T.);
#3891=ADVANCED_FACE('',(#178),#3702,.T.);
#3892=ADVANCED_FACE('',(#179),#3703,.T.);
#3893=ADVANCED_FACE('',(#180),#3704,.T.);
#3894=ADVANCED_FACE('',(#181),#3705,.F.);
#3895=ADVANCED_FACE('',(#182),#3706,.T.);
#3896=ADVANCED_FACE('',(#183),#3707,.T.);
#3897=ADVANCED_FACE('',(#184),#3708,.T.);
#3898=ADVANCED_FACE('',(#185),#3709,.T.);
#3899=ADVANCED_FACE('',(#186),#3710,.T.);
#3900=ADVANCED_FACE('',(#187),#3711,.T.);
#3901=ADVANCED_FACE('',(#188),#3712,.T.);
#3902=ADVANCED_FACE('',(#189),#98,.F.);
#3903=ADVANCED_FACE('',(#190,#15,#16),#3713,.F.);
#3904=ADVANCED_FACE('',(#191),#99,.F.);
#3905=ADVANCED_FACE('',(#192,#17,#18,#19,#20,#21,#22,#23,#24,#25,#26,#27,
#28),#3714,.F.);
#3906=ADVANCED_FACE('',(#193),#100,.F.);
#3907=ADVANCED_FACE('',(#194),#3715,.F.);
#3908=ADVANCED_FACE('',(#195),#101,.F.);
#3909=ADVANCED_FACE('',(#196,#29,#30,#31,#32,#33,#34,#35,#36,#37,#38,#39),
#3716,.T.);
#3910=ADVANCED_FACE('',(#197,#40),#3717,.F.);
#3911=ADVANCED_FACE('',(#198),#102,.T.);
#3912=ADVANCED_FACE('',(#199,#41,#42,#43,#44,#45,#46,#47,#48,#49,#50,#51,
#52),#3718,.T.);
#3913=ADVANCED_FACE('',(#200,#53),#3719,.T.);
#3914=ADVANCED_FACE('',(#201),#103,.T.);
#3915=ADVANCED_FACE('',(#202,#54),#3720,.T.);
#3916=ADVANCED_FACE('',(#203),#104,.T.);
#3917=ADVANCED_FACE('',(#204),#105,.T.);
#3918=ADVANCED_FACE('',(#205),#3721,.T.);
#3919=ADVANCED_FACE('',(#206),#3722,.T.);
#3920=ADVANCED_FACE('',(#207),#3723,.T.);
#3921=ADVANCED_FACE('',(#208),#3724,.T.);
#3922=ADVANCED_FACE('',(#209),#3725,.T.);
#3923=ADVANCED_FACE('',(#210),#3726,.T.);
#3924=ADVANCED_FACE('',(#211,#55,#56),#3727,.T.);
#3925=ADVANCED_FACE('',(#212,#57),#3728,.T.);
#3926=ADVANCED_FACE('',(#213),#3729,.F.);
#3927=ADVANCED_FACE('',(#214),#3730,.T.);
#3928=ADVANCED_FACE('',(#215),#3731,.T.);
#3929=ADVANCED_FACE('',(#216),#3732,.T.);
#3930=ADVANCED_FACE('',(#217),#3733,.T.);
#3931=ADVANCED_FACE('',(#218),#3734,.T.);
#3932=ADVANCED_FACE('',(#219),#106,.T.);
#3933=ADVANCED_FACE('',(#220),#3735,.T.);
#3934=ADVANCED_FACE('',(#221),#3736,.F.);
#3935=ADVANCED_FACE('',(#222),#3737,.F.);
#3936=ADVANCED_FACE('',(#223),#3738,.F.);
#3937=ADVANCED_FACE('',(#224),#3739,.T.);
#3938=ADVANCED_FACE('',(#225),#3740,.F.);
#3939=ADVANCED_FACE('',(#226),#3741,.F.);
#3940=ADVANCED_FACE('',(#227),#3742,.F.);
#3941=ADVANCED_FACE('',(#228),#3743,.T.);
#3942=ADVANCED_FACE('',(#229),#3744,.T.);
#3943=ADVANCED_FACE('',(#230),#3745,.T.);
#3944=ADVANCED_FACE('',(#231),#3746,.T.);
#3945=ADVANCED_FACE('',(#232),#3747,.T.);
#3946=ADVANCED_FACE('',(#233),#3748,.T.);
#3947=ADVANCED_FACE('',(#234),#3749,.T.);
#3948=ADVANCED_FACE('',(#235),#3750,.T.);
#3949=ADVANCED_FACE('',(#236),#3751,.T.);
#3950=ADVANCED_FACE('',(#237),#3752,.T.);
#3951=ADVANCED_FACE('',(#238),#3753,.T.);
#3952=ADVANCED_FACE('',(#239),#3754,.F.);
#3953=ADVANCED_FACE('',(#240),#3755,.F.);
#3954=ADVANCED_FACE('',(#241),#3756,.F.);
#3955=ADVANCED_FACE('',(#242),#3757,.T.);
#3956=ADVANCED_FACE('',(#243),#3758,.T.);
#3957=ADVANCED_FACE('',(#244),#3759,.T.);
#3958=ADVANCED_FACE('',(#245),#3760,.T.);
#3959=ADVANCED_FACE('',(#246),#3761,.T.);
#3960=ADVANCED_FACE('',(#247),#3762,.T.);
#3961=ADVANCED_FACE('',(#248),#3763,.T.);
#3962=ADVANCED_FACE('',(#249),#3764,.T.);
#3963=ADVANCED_FACE('',(#250),#3765,.F.);
#3964=ADVANCED_FACE('',(#251),#3766,.F.);
#3965=ADVANCED_FACE('',(#252),#3767,.T.);
#3966=ADVANCED_FACE('',(#253),#3768,.T.);
#3967=ADVANCED_FACE('',(#254),#3769,.F.);
#3968=ADVANCED_FACE('',(#255),#3770,.T.);
#3969=ADVANCED_FACE('',(#256),#3771,.F.);
#3970=ADVANCED_FACE('',(#257),#3772,.F.);
#3971=ADVANCED_FACE('',(#258),#3773,.F.);
#3972=ADVANCED_FACE('',(#259),#3774,.T.);
#3973=ADVANCED_FACE('',(#260),#3775,.F.);
#3974=ADVANCED_FACE('',(#261),#3776,.F.);
#3975=ADVANCED_FACE('',(#262),#3777,.F.);
#3976=ADVANCED_FACE('',(#263),#3778,.T.);
#3977=ADVANCED_FACE('',(#264),#3779,.F.);
#3978=ADVANCED_FACE('',(#265),#3780,.F.);
#3979=ADVANCED_FACE('',(#266),#3781,.F.);
#3980=ADVANCED_FACE('',(#267),#3782,.T.);
#3981=ADVANCED_FACE('',(#268),#3783,.F.);
#3982=ADVANCED_FACE('',(#269),#3784,.F.);
#3983=ADVANCED_FACE('',(#270),#3785,.F.);
#3984=ADVANCED_FACE('',(#271),#3786,.T.);
#3985=ADVANCED_FACE('',(#272),#3787,.F.);
#3986=ADVANCED_FACE('',(#273),#3788,.F.);
#3987=ADVANCED_FACE('',(#274),#3789,.F.);
#3988=ADVANCED_FACE('',(#275),#3790,.T.);
#3989=ADVANCED_FACE('',(#276),#3791,.F.);
#3990=ADVANCED_FACE('',(#277),#3792,.F.);
#3991=ADVANCED_FACE('',(#278),#3793,.F.);
#3992=ADVANCED_FACE('',(#279),#3794,.T.);
#3993=ADVANCED_FACE('',(#280),#3795,.F.);
#3994=ADVANCED_FACE('',(#281),#3796,.F.);
#3995=ADVANCED_FACE('',(#282),#3797,.F.);
#3996=ADVANCED_FACE('',(#283),#3798,.T.);
#3997=ADVANCED_FACE('',(#284),#3799,.F.);
#3998=ADVANCED_FACE('',(#285),#3800,.F.);
#3999=ADVANCED_FACE('',(#286),#3801,.F.);
#4000=ADVANCED_FACE('',(#287),#3802,.T.);
#4001=ADVANCED_FACE('',(#288),#3803,.F.);
#4002=ADVANCED_FACE('',(#289),#3804,.F.);
#4003=ADVANCED_FACE('',(#290),#3805,.F.);
#4004=ADVANCED_FACE('',(#291),#3806,.T.);
#4005=ADVANCED_FACE('',(#292),#3807,.F.);
#4006=ADVANCED_FACE('',(#293),#3808,.F.);
#4007=ADVANCED_FACE('',(#294),#3809,.F.);
#4008=ADVANCED_FACE('',(#295),#3810,.T.);
#4009=ADVANCED_FACE('',(#296),#3811,.F.);
#4010=ADVANCED_FACE('',(#297),#3812,.F.);
#4011=ADVANCED_FACE('',(#298),#3813,.F.);
#4012=ADVANCED_FACE('',(#299),#3814,.T.);
#4013=ADVANCED_FACE('',(#300),#3815,.F.);
#4014=ADVANCED_FACE('',(#301),#3816,.F.);
#4015=ADVANCED_FACE('',(#302),#107,.F.);
#4016=ADVANCED_FACE('',(#303),#3817,.T.);
#4017=ADVANCED_FACE('',(#304),#108,.T.);
#4018=ADVANCED_FACE('',(#305,#58),#3818,.T.);
#4019=ADVANCED_FACE('',(#306),#109,.F.);
#4020=ADVANCED_FACE('',(#307),#3819,.T.);
#4021=ADVANCED_FACE('',(#308),#110,.T.);
#4022=ADVANCED_FACE('',(#309,#59),#3820,.T.);
#4023=ADVANCED_FACE('',(#310),#111,.F.);
#4024=ADVANCED_FACE('',(#311),#3821,.T.);
#4025=ADVANCED_FACE('',(#312),#112,.T.);
#4026=ADVANCED_FACE('',(#313,#60),#3822,.T.);
#4027=ADVANCED_FACE('',(#314),#113,.F.);
#4028=ADVANCED_FACE('',(#315),#3823,.T.);
#4029=ADVANCED_FACE('',(#316),#114,.T.);
#4030=ADVANCED_FACE('',(#317,#61),#3824,.T.);
#4031=ADVANCED_FACE('',(#318),#3825,.T.);
#4032=ADVANCED_FACE('',(#319,#62,#63),#3826,.T.);
#4033=ADVANCED_FACE('',(#320),#3827,.F.);
#4034=CLOSED_SHELL('',(#3828,#3829,#3830,#3831,#3832,#3833,#3834,#3835,
#3836,#3837,#3838,#3839,#3840,#3841,#3842,#3843,#3844,#3845,#3846,#3847,
#3848,#3849,#3850,#3851,#3852,#3853,#3854,#3855,#3856,#3857,#3858,#3859,
#3860,#3861,#3862,#3863,#3864,#3865,#3866,#3867,#3868,#3869,#3870,#3871,
#3872,#3873,#3874,#3875,#3876,#3877,#3878,#3879,#3880,#3881,#3882,#3883,
#3884,#3885,#3886,#3887,#3888,#3889,#3890,#3891,#3892,#3893,#3894,#3895,
#3896,#3897,#3898,#3899,#3900,#3901,#3902,#3903,#3904,#3905,#3906,#3907,
#3908,#3909,#3910,#3911,#3912,#3913,#3914,#3915,#3916,#3917,#3918,#3919,
#3920,#3921,#3922,#3923,#3924,#3925,#3926,#3927,#3928,#3929,#3930,#3931,
#3932,#3933,#3934,#3935,#3936,#3937,#3938,#3939,#3940,#3941,#3942,#3943,
#3944,#3945,#3946,#3947,#3948,#3949,#3950,#3951,#3952,#3953,#3954,#3955,
#3956,#3957,#3958,#3959,#3960,#3961,#3962,#3963,#3964,#3965,#3966,#3967,
#3968,#3969,#3970,#3971,#3972,#3973,#3974,#3975,#3976,#3977,#3978,#3979,
#3980,#3981,#3982,#3983,#3984,#3985,#3986,#3987,#3988,#3989,#3990,#3991,
#3992,#3993,#3994,#3995,#3996,#3997,#3998,#3999,#4000,#4001,#4002,#4003,
#4004,#4005,#4006,#4007,#4008,#4009,#4010,#4011,#4012,#4013,#4014,#4015,
#4016,#4017,#4018,#4019,#4020,#4021,#4022,#4023,#4024,#4025,#4026,#4027,
#4028,#4029,#4030,#4031,#4032,#4033));
#4035=DERIVED_UNIT_ELEMENT(#4037,1.);
#4036=DERIVED_UNIT_ELEMENT(#6420,-3.);
#4037=(
MASS_UNIT()
NAMED_UNIT(*)
SI_UNIT(.KILO.,.GRAM.)
);
#4038=DERIVED_UNIT((#4035,#4036));
#4039=MEASURE_REPRESENTATION_ITEM('density measure',
POSITIVE_RATIO_MEASURE(7850.),#4038);
#4040=PROPERTY_DEFINITION_REPRESENTATION(#4045,#4042);
#4041=PROPERTY_DEFINITION_REPRESENTATION(#4046,#4043);
#4042=REPRESENTATION('material name',(#4044),#6417);
#4043=REPRESENTATION('density',(#4039),#6417);
#4044=DESCRIPTIVE_REPRESENTATION_ITEM('\X\C7elik','\X\C7elik');
#4045=PROPERTY_DEFINITION('material property','material name',#6427);
#4046=PROPERTY_DEFINITION('material property','density of part',#6427);
#4047=AXIS2_PLACEMENT_3D('',#5289,#4288,#4289);
#4048=AXIS2_PLACEMENT_3D('',#5290,#4290,#4291);
#4049=AXIS2_PLACEMENT_3D('',#5299,#4296,#4297);
#4050=AXIS2_PLACEMENT_3D('',#5308,#4302,#4303);
#4051=AXIS2_PLACEMENT_3D('',#5314,#4307,#4308);
#4052=AXIS2_PLACEMENT_3D('',#5326,#4315,#4316);
#4053=AXIS2_PLACEMENT_3D('',#5335,#4321,#4322);
#4054=AXIS2_PLACEMENT_3D('',#5341,#4326,#4327);
#4055=AXIS2_PLACEMENT_3D('',#5347,#4331,#4332);
#4056=AXIS2_PLACEMENT_3D('',#5350,#4335,#4336);
#4057=AXIS2_PLACEMENT_3D('',#5351,#4337,#4338);
#4058=AXIS2_PLACEMENT_3D('',#5360,#4343,#4344);
#4059=AXIS2_PLACEMENT_3D('',#5366,#4348,#4349);
#4060=AXIS2_PLACEMENT_3D('',#5372,#4353,#4354);
#4061=AXIS2_PLACEMENT_3D('',#5375,#4357,#4358);
#4062=AXIS2_PLACEMENT_3D('',#5376,#4359,#4360);
#4063=AXIS2_PLACEMENT_3D('',#5385,#4365,#4366);
#4064=AXIS2_PLACEMENT_3D('',#5391,#4370,#4371);
#4065=AXIS2_PLACEMENT_3D('',#5394,#4374,#4375);
#4066=AXIS2_PLACEMENT_3D('',#5403,#4380,#4381);
#4067=AXIS2_PLACEMENT_3D('',#5408,#4385,#4386);
#4068=AXIS2_PLACEMENT_3D('',#5412,#4389,#4390);
#4069=AXIS2_PLACEMENT_3D('',#5415,#4393,#4394);
#4070=AXIS2_PLACEMENT_3D('',#5416,#4395,#4396);
#4071=AXIS2_PLACEMENT_3D('',#5420,#4399,#4400);
#4072=AXIS2_PLACEMENT_3D('',#5424,#4403,#4404);
#4073=AXIS2_PLACEMENT_3D('',#5430,#4408,#4409);
#4074=AXIS2_PLACEMENT_3D('',#5434,#4412,#4413);
#4075=AXIS2_PLACEMENT_3D('',#5437,#4416,#4417);
#4076=AXIS2_PLACEMENT_3D('',#5438,#4418,#4419);
#4077=AXIS2_PLACEMENT_3D('',#5447,#4424,#4425);
#4078=AXIS2_PLACEMENT_3D('',#5469,#4437,#4438);
#4079=AXIS2_PLACEMENT_3D('',#5475,#4442,#4443);
#4080=AXIS2_PLACEMENT_3D('',#5478,#4446,#4447);
#4081=AXIS2_PLACEMENT_3D('',#5479,#4448,#4449);
#4082=AXIS2_PLACEMENT_3D('',#5488,#4454,#4455);
#4083=AXIS2_PLACEMENT_3D('',#5494,#4459,#4460);
#4084=AXIS2_PLACEMENT_3D('',#5500,#4464,#4465);
#4085=AXIS2_PLACEMENT_3D('',#5506,#4469,#4470);
#4086=AXIS2_PLACEMENT_3D('',#5515,#4475,#4476);
#4087=AXIS2_PLACEMENT_3D('',#5522,#4481,#4482);
#4088=AXIS2_PLACEMENT_3D('',#5526,#4485,#4486);
#4089=AXIS2_PLACEMENT_3D('',#5531,#4490,#4491);
#4090=AXIS2_PLACEMENT_3D('',#5532,#4492,#4493);
#4091=AXIS2_PLACEMENT_3D('',#5538,#4497,#4498);
#4092=AXIS2_PLACEMENT_3D('',#5547,#4503,#4504);
#4093=AXIS2_PLACEMENT_3D('',#5553,#4508,#4509);
#4094=AXIS2_PLACEMENT_3D('',#5559,#4513,#4514);
#4095=AXIS2_PLACEMENT_3D('',#5565,#4518,#4519);
#4096=AXIS2_PLACEMENT_3D('',#5571,#4523,#4524);
#4097=AXIS2_PLACEMENT_3D('',#5579,#4529,#4530);
#4098=AXIS2_PLACEMENT_3D('',#5585,#4534,#4535);
#4099=AXIS2_PLACEMENT_3D('',#5590,#4539,#4540);
#4100=AXIS2_PLACEMENT_3D('',#5591,#4541,#4542);
#4101=AXIS2_PLACEMENT_3D('',#5597,#4546,#4547);
#4102=AXIS2_PLACEMENT_3D('',#5603,#4551,#4552);
#4103=AXIS2_PLACEMENT_3D('',#5612,#4557,#4558);
#4104=AXIS2_PLACEMENT_3D('',#5618,#4562,#4563);
#4105=AXIS2_PLACEMENT_3D('',#5624,#4567,#4568);
#4106=AXIS2_PLACEMENT_3D('',#5629,#4572,#4573);
#4107=AXIS2_PLACEMENT_3D('',#5638,#4578,#4579);
#4108=AXIS2_PLACEMENT_3D('',#5643,#4583,#4584);
#4109=AXIS2_PLACEMENT_3D('',#5647,#4587,#4588);
#4110=AXIS2_PLACEMENT_3D('',#5652,#4592,#4593);
#4111=AXIS2_PLACEMENT_3D('',#5653,#4594,#4595);
#4112=AXIS2_PLACEMENT_3D('',#5656,#4598,#4599);
#4113=AXIS2_PLACEMENT_3D('',#5665,#4604,#4605);
#4114=AXIS2_PLACEMENT_3D('',#5671,#4609,#4610);
#4115=AXIS2_PLACEMENT_3D('',#5677,#4614,#4615);
#4116=AXIS2_PLACEMENT_3D('',#5683,#4619,#4620);
#4117=AXIS2_PLACEMENT_3D('',#5688,#4624,#4625);
#4118=AXIS2_PLACEMENT_3D('',#5694,#4629,#4630);
#4119=AXIS2_PLACEMENT_3D('',#5700,#4634,#4635);
#4120=AXIS2_PLACEMENT_3D('',#5705,#4639,#4640);
#4121=AXIS2_PLACEMENT_3D('',#5706,#4641,#4642);
#4122=AXIS2_PLACEMENT_3D('',#5709,#4645,#4646);
#4123=AXIS2_PLACEMENT_3D('',#5712,#4647,#4648);
#4124=AXIS2_PLACEMENT_3D('',#5716,#4650,#4651);
#4125=AXIS2_PLACEMENT_3D('',#5718,#4653,#4654);
#4126=AXIS2_PLACEMENT_3D('',#5748,#4670,#4671);
#4127=AXIS2_PLACEMENT_3D('',#5751,#4672,#4673);
#4128=AXIS2_PLACEMENT_3D('',#5755,#4675,#4676);
#4129=AXIS2_PLACEMENT_3D('',#5757,#4678,#4679);
#4130=AXIS2_PLACEMENT_3D('',#5856,#4730,#4731);
#4131=AXIS2_PLACEMENT_3D('',#5859,#4732,#4733);
#4132=AXIS2_PLACEMENT_3D('',#5863,#4735,#4736);
#4133=AXIS2_PLACEMENT_3D('',#5865,#4738,#4739);
#4134=AXIS2_PLACEMENT_3D('',#5884,#4750,#4751);
#4135=AXIS2_PLACEMENT_3D('',#5886,#4752,#4753);
#4136=AXIS2_PLACEMENT_3D('',#5888,#4754,#4755);
#4137=AXIS2_PLACEMENT_3D('',#5890,#4757,#4758);
#4138=AXIS2_PLACEMENT_3D('',#5902,#4765,#4766);
#4139=AXIS2_PLACEMENT_3D('',#5904,#4767,#4768);
#4140=AXIS2_PLACEMENT_3D('',#5906,#4769,#4770);
#4141=AXIS2_PLACEMENT_3D('',#5939,#4788,#4789);
#4142=AXIS2_PLACEMENT_3D('',#5952,#4797,#4798);
#4143=AXIS2_PLACEMENT_3D('',#5955,#4799,#4800);
#4144=AXIS2_PLACEMENT_3D('',#5959,#4802,#4803);
#4145=AXIS2_PLACEMENT_3D('',#5961,#4805,#4806);
#4146=AXIS2_PLACEMENT_3D('',#6063,#4858,#4859);
#4147=AXIS2_PLACEMENT_3D('',#6067,#4861,#4862);
#4148=AXIS2_PLACEMENT_3D('',#6071,#4864,#4865);
#4149=AXIS2_PLACEMENT_3D('',#6074,#4867,#4868);
#4150=AXIS2_PLACEMENT_3D('',#6075,#4869,#4870);
#4151=AXIS2_PLACEMENT_3D('',#6079,#4872,#4873);
#4152=AXIS2_PLACEMENT_3D('',#6081,#4875,#4876);
#4153=AXIS2_PLACEMENT_3D('',#6093,#4883,#4884);
#4154=AXIS2_PLACEMENT_3D('',#6095,#4885,#4886);
#4155=AXIS2_PLACEMENT_3D('',#6097,#4888,#4889);
#4156=AXIS2_PLACEMENT_3D('',#6100,#4891,#4892);
#4157=AXIS2_PLACEMENT_3D('',#6101,#4893,#4894);
#4158=AXIS2_PLACEMENT_3D('',#6105,#4897,#4898);
#4159=AXIS2_PLACEMENT_3D('',#6107,#4900,#4901);
#4160=AXIS2_PLACEMENT_3D('',#6108,#4902,#4903);
#4161=AXIS2_PLACEMENT_3D('',#6122,#4911,#4912);
#4162=AXIS2_PLACEMENT_3D('',#6124,#4914,#4915);
#4163=AXIS2_PLACEMENT_3D('',#6126,#4917,#4918);
#4164=AXIS2_PLACEMENT_3D('',#6129,#4920,#4921);
#4165=AXIS2_PLACEMENT_3D('',#6131,#4922,#4923);
#4166=AXIS2_PLACEMENT_3D('',#6132,#4924,#4925);
#4167=AXIS2_PLACEMENT_3D('',#6139,#4930,#4931);
#4168=AXIS2_PLACEMENT_3D('',#6143,#4934,#4935);
#4169=AXIS2_PLACEMENT_3D('',#6149,#4939,#4940);
#4170=AXIS2_PLACEMENT_3D('',#6153,#4943,#4944);
#4171=AXIS2_PLACEMENT_3D('',#6157,#4947,#4948);
#4172=AXIS2_PLACEMENT_3D('',#6159,#4950,#4951);
#4173=AXIS2_PLACEMENT_3D('',#6160,#4952,#4953);
#4174=AXIS2_PLACEMENT_3D('',#6162,#4954,#4955);
#4175=AXIS2_PLACEMENT_3D('',#6164,#4957,#4958);
#4176=AXIS2_PLACEMENT_3D('',#6165,#4959,#4960);
#4177=AXIS2_PLACEMENT_3D('',#6171,#4964,#4965);
#4178=AXIS2_PLACEMENT_3D('',#6175,#4968,#4969);
#4179=AXIS2_PLACEMENT_3D('',#6179,#4972,#4973);
#4180=AXIS2_PLACEMENT_3D('',#6181,#4975,#4976);
#4181=AXIS2_PLACEMENT_3D('',#6187,#4980,#4981);
#4182=AXIS2_PLACEMENT_3D('',#6191,#4984,#4985);
#4183=AXIS2_PLACEMENT_3D('',#6195,#4988,#4989);
#4184=AXIS2_PLACEMENT_3D('',#6197,#4991,#4992);
#4185=AXIS2_PLACEMENT_3D('',#6203,#4996,#4997);
#4186=AXIS2_PLACEMENT_3D('',#6207,#5000,#5001);
#4187=AXIS2_PLACEMENT_3D('',#6211,#5004,#5005);
#4188=AXIS2_PLACEMENT_3D('',#6213,#5007,#5008);
#4189=AXIS2_PLACEMENT_3D('',#6214,#5009,#5010);
#4190=AXIS2_PLACEMENT_3D('',#6220,#5014,#5015);
#4191=AXIS2_PLACEMENT_3D('',#6224,#5018,#5019);
#4192=AXIS2_PLACEMENT_3D('',#6228,#5022,#5023);
#4193=AXIS2_PLACEMENT_3D('',#6230,#5025,#5026);
#4194=AXIS2_PLACEMENT_3D('',#6231,#5027,#5028);
#4195=AXIS2_PLACEMENT_3D('',#6234,#5031,#5032);
#4196=AXIS2_PLACEMENT_3D('',#6236,#5034,#5035);
#4197=AXIS2_PLACEMENT_3D('',#6238,#5037,#5038);
#4198=AXIS2_PLACEMENT_3D('',#6239,#5039,#5040);
#4199=AXIS2_PLACEMENT_3D('',#6243,#5043,#5044);
#4200=AXIS2_PLACEMENT_3D('',#6247,#5047,#5048);
#4201=AXIS2_PLACEMENT_3D('',#6249,#5050,#5051);
#4202=AXIS2_PLACEMENT_3D('',#6250,#5052,#5053);
#4203=AXIS2_PLACEMENT_3D('',#6254,#5056,#5057);
#4204=AXIS2_PLACEMENT_3D('',#6256,#5059,#5060);
#4205=AXIS2_PLACEMENT_3D('',#6257,#5061,#5062);
#4206=AXIS2_PLACEMENT_3D('',#6261,#5065,#5066);
#4207=AXIS2_PLACEMENT_3D('',#6263,#5068,#5069);
#4208=AXIS2_PLACEMENT_3D('',#6265,#5071,#5072);
#4209=AXIS2_PLACEMENT_3D('',#6266,#5073,#5074);
#4210=AXIS2_PLACEMENT_3D('',#6269,#5077,#5078);
#4211=AXIS2_PLACEMENT_3D('',#6271,#5080,#5081);
#4212=AXIS2_PLACEMENT_3D('',#6273,#5083,#5084);
#4213=AXIS2_PLACEMENT_3D('',#6274,#5085,#5086);
#4214=AXIS2_PLACEMENT_3D('',#6277,#5089,#5090);
#4215=AXIS2_PLACEMENT_3D('',#6279,#5092,#5093);
#4216=AXIS2_PLACEMENT_3D('',#6281,#5095,#5096);
#4217=AXIS2_PLACEMENT_3D('',#6282,#5097,#5098);
#4218=AXIS2_PLACEMENT_3D('',#6285,#5101,#5102);
#4219=AXIS2_PLACEMENT_3D('',#6287,#5104,#5105);
#4220=AXIS2_PLACEMENT_3D('',#6289,#5107,#5108);
#4221=AXIS2_PLACEMENT_3D('',#6290,#5109,#5110);
#4222=AXIS2_PLACEMENT_3D('',#6293,#5113,#5114);
#4223=AXIS2_PLACEMENT_3D('',#6295,#5116,#5117);
#4224=AXIS2_PLACEMENT_3D('',#6297,#5119,#5120);
#4225=AXIS2_PLACEMENT_3D('',#6298,#5121,#5122);
#4226=AXIS2_PLACEMENT_3D('',#6301,#5125,#5126);
#4227=AXIS2_PLACEMENT_3D('',#6303,#5128,#5129);
#4228=AXIS2_PLACEMENT_3D('',#6305,#5131,#5132);
#4229=AXIS2_PLACEMENT_3D('',#6306,#5133,#5134);
#4230=AXIS2_PLACEMENT_3D('',#6309,#5137,#5138);
#4231=AXIS2_PLACEMENT_3D('',#6311,#5140,#5141);
#4232=AXIS2_PLACEMENT_3D('',#6313,#5143,#5144);
#4233=AXIS2_PLACEMENT_3D('',#6314,#5145,#5146);
#4234=AXIS2_PLACEMENT_3D('',#6317,#5149,#5150);
#4235=AXIS2_PLACEMENT_3D('',#6319,#5152,#5153);
#4236=AXIS2_PLACEMENT_3D('',#6321,#5155,#5156);
#4237=AXIS2_PLACEMENT_3D('',#6322,#5157,#5158);
#4238=AXIS2_PLACEMENT_3D('',#6325,#5161,#5162);
#4239=AXIS2_PLACEMENT_3D('',#6327,#5164,#5165);
#4240=AXIS2_PLACEMENT_3D('',#6329,#5167,#5168);
#4241=AXIS2_PLACEMENT_3D('',#6330,#5169,#5170);
#4242=AXIS2_PLACEMENT_3D('',#6333,#5173,#5174);
#4243=AXIS2_PLACEMENT_3D('',#6335,#5176,#5177);
#4244=AXIS2_PLACEMENT_3D('',#6337,#5179,#5180);
#4245=AXIS2_PLACEMENT_3D('',#6338,#5181,#5182);
#4246=AXIS2_PLACEMENT_3D('',#6341,#5185,#5186);
#4247=AXIS2_PLACEMENT_3D('',#6343,#5188,#5189);
#4248=AXIS2_PLACEMENT_3D('',#6345,#5191,#5192);
#4249=AXIS2_PLACEMENT_3D('',#6346,#5193,#5194);
#4250=AXIS2_PLACEMENT_3D('',#6349,#5197,#5198);
#4251=AXIS2_PLACEMENT_3D('',#6351,#5200,#5201);
#4252=AXIS2_PLACEMENT_3D('',#6353,#5203,#5204);
#4253=AXIS2_PLACEMENT_3D('',#6354,#5205,#5206);
#4254=AXIS2_PLACEMENT_3D('',#6357,#5209,#5210);
#4255=AXIS2_PLACEMENT_3D('',#6359,#5212,#5213);
#4256=AXIS2_PLACEMENT_3D('',#6361,#5215,#5216);
#4257=AXIS2_PLACEMENT_3D('',#6362,#5217,#5218);
#4258=AXIS2_PLACEMENT_3D('',#6364,#5219,#5220);
#4259=AXIS2_PLACEMENT_3D('',#6367,#5222,#5223);
#4260=AXIS2_PLACEMENT_3D('',#6368,#5224,#5225);
#4261=AXIS2_PLACEMENT_3D('',#6369,#5226,#5227);
#4262=AXIS2_PLACEMENT_3D('',#6371,#5228,#5229);
#4263=AXIS2_PLACEMENT_3D('',#6373,#5231,#5232);
#4264=AXIS2_PLACEMENT_3D('',#6374,#5233,#5234);
#4265=AXIS2_PLACEMENT_3D('',#6376,#5235,#5236);
#4266=AXIS2_PLACEMENT_3D('',#6379,#5238,#5239);
#4267=AXIS2_PLACEMENT_3D('',#6380,#5240,#5241);
#4268=AXIS2_PLACEMENT_3D('',#6381,#5242,#5243);
#4269=AXIS2_PLACEMENT_3D('',#6383,#5244,#5245);
#4270=AXIS2_PLACEMENT_3D('',#6385,#5247,#5248);
#4271=AXIS2_PLACEMENT_3D('',#6386,#5249,#5250);
#4272=AXIS2_PLACEMENT_3D('',#6388,#5251,#5252);
#4273=AXIS2_PLACEMENT_3D('',#6391,#5254,#5255);
#4274=AXIS2_PLACEMENT_3D('',#6392,#5256,#5257);
#4275=AXIS2_PLACEMENT_3D('',#6393,#5258,#5259);
#4276=AXIS2_PLACEMENT_3D('',#6395,#5260,#5261);
#4277=AXIS2_PLACEMENT_3D('',#6397,#5263,#5264);
#4278=AXIS2_PLACEMENT_3D('',#6398,#5265,#5266);
#4279=AXIS2_PLACEMENT_3D('',#6400,#5267,#5268);
#4280=AXIS2_PLACEMENT_3D('',#6403,#5270,#5271);
#4281=AXIS2_PLACEMENT_3D('',#6404,#5272,#5273);
#4282=AXIS2_PLACEMENT_3D('',#6405,#5274,#5275);
#4283=AXIS2_PLACEMENT_3D('',#6407,#5276,#5277);
#4284=AXIS2_PLACEMENT_3D('',#6409,#5279,#5280);
#4285=AXIS2_PLACEMENT_3D('',#6410,#5281,#5282);
#4286=AXIS2_PLACEMENT_3D('',#6412,#5284,#5285);
#4287=AXIS2_PLACEMENT_3D('',#6414,#5287,#5288);
#4288=DIRECTION('axis',(0.,0.,1.));
#4289=DIRECTION('refdir',(1.,0.,0.));
#4290=DIRECTION('center_axis',(0.,1.,0.));
#4291=DIRECTION('ref_axis',(-1.,0.,0.));
#4292=DIRECTION('',(0.,0.,1.));
#4293=DIRECTION('',(-1.,0.,0.));
#4294=DIRECTION('',(0.,0.,-1.));
#4295=DIRECTION('',(-1.,0.,0.));
#4296=DIRECTION('center_axis',(0.,1.,0.));
#4297=DIRECTION('ref_axis',(-1.,0.,0.));
#4298=DIRECTION('',(0.,0.,-1.));
#4299=DIRECTION('',(-1.,0.,0.));
#4300=DIRECTION('',(0.,0.,1.));
#4301=DIRECTION('',(-1.,0.,0.));
#4302=DIRECTION('center_axis',(0.,0.,1.));
#4303=DIRECTION('ref_axis',(1.,0.,0.));
#4304=DIRECTION('',(0.,1.,0.));
#4305=DIRECTION('',(1.,0.,0.));
#4306=DIRECTION('',(0.,-1.,0.));
#4307=DIRECTION('center_axis',(1.,0.,0.));
#4308=DIRECTION('ref_axis',(0.,1.,0.));
#4309=DIRECTION('',(0.,-1.,0.));
#4310=DIRECTION('',(0.,0.,1.));
#4311=DIRECTION('',(0.,1.,0.));
#4312=DIRECTION('',(0.,0.,1.));
#4313=DIRECTION('',(0.,1.,0.));
#4314=DIRECTION('',(0.,0.,1.));
#4315=DIRECTION('center_axis',(0.,1.,0.));
#4316=DIRECTION('ref_axis',(-1.,0.,0.));
#4317=DIRECTION('',(1.,0.,0.));
#4318=DIRECTION('',(0.,0.,1.));
#4319=DIRECTION('',(-1.,0.,0.));
#4320=DIRECTION('',(0.,0.,1.));
#4321=DIRECTION('center_axis',(1.,0.,0.));
#4322=DIRECTION('ref_axis',(0.,1.,0.));
#4323=DIRECTION('',(0.,-1.,0.));
#4324=DIRECTION('',(0.,1.,0.));
#4325=DIRECTION('',(0.,0.,1.));
#4326=DIRECTION('center_axis',(0.,-1.,0.));
#4327=DIRECTION('ref_axis',(1.,0.,0.));
#4328=DIRECTION('',(-1.,0.,0.));
#4329=DIRECTION('',(1.,0.,0.));
#4330=DIRECTION('',(0.,0.,1.));
#4331=DIRECTION('center_axis',(-1.,0.,0.));
#4332=DIRECTION('ref_axis',(0.,-1.,0.));
#4333=DIRECTION('',(0.,1.,0.));
#4334=DIRECTION('',(0.,-1.,0.));
#4335=DIRECTION('center_axis',(0.,0.,1.));
#4336=DIRECTION('ref_axis',(1.,0.,0.));
#4337=DIRECTION('center_axis',(0.,1.,0.));
#4338=DIRECTION('ref_axis',(-1.,0.,0.));
#4339=DIRECTION('',(1.,0.,0.));
#4340=DIRECTION('',(0.,0.,1.));
#4341=DIRECTION('',(-1.,0.,0.));
#4342=DIRECTION('',(0.,0.,1.));
#4343=DIRECTION('center_axis',(1.,0.,0.));
#4344=DIRECTION('ref_axis',(0.,1.,0.));
#4345=DIRECTION('',(0.,-1.,0.));
#4346=DIRECTION('',(0.,1.,0.));
#4347=DIRECTION('',(0.,0.,1.));
#4348=DIRECTION('center_axis',(0.,-1.,0.));
#4349=DIRECTION('ref_axis',(1.,0.,0.));
#4350=DIRECTION('',(-1.,0.,0.));
#4351=DIRECTION('',(1.,0.,0.));
#4352=DIRECTION('',(0.,0.,1.));
#4353=DIRECTION('center_axis',(-1.,0.,0.));
#4354=DIRECTION('ref_axis',(0.,-1.,0.));
#4355=DIRECTION('',(0.,1.,0.));
#4356=DIRECTION('',(0.,-1.,0.));
#4357=DIRECTION('center_axis',(0.,0.,1.));
#4358=DIRECTION('ref_axis',(1.,0.,0.));
#4359=DIRECTION('center_axis',(0.,-1.,0.));
#4360=DIRECTION('ref_axis',(1.,0.,0.));
#4361=DIRECTION('',(1.,0.,0.));
#4362=DIRECTION('',(0.,0.,1.));
#4363=DIRECTION('',(1.,0.,0.));
#4364=DIRECTION('',(0.,0.,1.));
#4365=DIRECTION('center_axis',(0.,0.,1.));
#4366=DIRECTION('ref_axis',(1.,0.,0.));
#4367=DIRECTION('',(0.,-1.,0.));
#4368=DIRECTION('',(0.,1.,0.));
#4369=DIRECTION('',(1.,0.,0.));
#4370=DIRECTION('center_axis',(0.,0.,1.));
#4371=DIRECTION('ref_axis',(1.,0.,0.));
#4372=DIRECTION('',(0.,1.,0.));
#4373=DIRECTION('',(0.,-1.,0.));
#4374=DIRECTION('center_axis',(0.,1.,0.));
#4375=DIRECTION('ref_axis',(-1.,0.,0.));
#4376=DIRECTION('',(1.,0.,0.));
#4377=DIRECTION('',(0.,0.,1.));
#4378=DIRECTION('',(-1.,0.,0.));
#4379=DIRECTION('',(0.,0.,1.));
#4380=DIRECTION('center_axis',(1.,0.,0.));
#4381=DIRECTION('ref_axis',(0.,1.,0.));
#4382=DIRECTION('',(0.,-1.,0.));
#4383=DIRECTION('',(0.,1.,0.));
#4384=DIRECTION('',(0.,0.,1.));
#4385=DIRECTION('center_axis',(0.,-1.,0.));
#4386=DIRECTION('ref_axis',(1.,0.,0.));
#4387=DIRECTION('',(1.,0.,0.));
#4388=DIRECTION('',(0.,0.,1.));
#4389=DIRECTION('center_axis',(-1.,0.,0.));
#4390=DIRECTION('ref_axis',(0.,-1.,0.));
#4391=DIRECTION('',(0.,-1.,0.));
#4392=DIRECTION('',(0.,1.,0.));
#4393=DIRECTION('center_axis',(0.,0.,1.));
#4394=DIRECTION('ref_axis',(1.,0.,0.));
#4395=DIRECTION('center_axis',(0.,-1.,0.));
#4396=DIRECTION('ref_axis',(1.,0.,0.));
#4397=DIRECTION('',(1.,0.,0.));
#4398=DIRECTION('',(0.,0.,1.));
#4399=DIRECTION('center_axis',(0.,0.,1.));
#4400=DIRECTION('ref_axis',(1.,0.,0.));
#4401=DIRECTION('',(0.,-1.,0.));
#4402=DIRECTION('',(1.,0.,0.));
#4403=DIRECTION('center_axis',(0.,1.,0.));
#4404=DIRECTION('ref_axis',(-1.,0.,0.));
#4405=DIRECTION('',(1.,0.,0.));
#4406=DIRECTION('',(0.,0.,1.));
#4407=DIRECTION('',(-1.,0.,0.));
#4408=DIRECTION('center_axis',(0.,-1.,0.));
#4409=DIRECTION('ref_axis',(1.,0.,0.));
#4410=DIRECTION('',(1.,0.,0.));
#4411=DIRECTION('',(0.,0.,1.));
#4412=DIRECTION('center_axis',(-1.,0.,0.));
#4413=DIRECTION('ref_axis',(0.,-1.,0.));
#4414=DIRECTION('',(0.,-1.,0.));
#4415=DIRECTION('',(0.,1.,0.));
#4416=DIRECTION('center_axis',(0.,0.,1.));
#4417=DIRECTION('ref_axis',(1.,0.,0.));
#4418=DIRECTION('center_axis',(0.,1.,0.));
#4419=DIRECTION('ref_axis',(-1.,0.,0.));
#4420=DIRECTION('',(1.,0.,0.));
#4421=DIRECTION('',(0.,0.,1.));
#4422=DIRECTION('',(-1.,0.,0.));
#4423=DIRECTION('',(0.,0.,1.));
#4424=DIRECTION('center_axis',(1.,0.,0.));
#4425=DIRECTION('ref_axis',(0.,1.,0.));
#4426=DIRECTION('',(0.,0.,1.));
#4427=DIRECTION('',(0.,-1.,0.));
#4428=DIRECTION('',(0.,1.,0.));
#4429=DIRECTION('',(0.,0.,1.));
#4430=DIRECTION('',(0.,-1.,0.));
#4431=DIRECTION('',(0.,0.,1.));
#4432=DIRECTION('',(0.,-1.,0.));
#4433=DIRECTION('',(0.,0.,1.));
#4434=DIRECTION('',(0.,-1.,0.));
#4435=DIRECTION('',(0.,0.,1.));
#4436=DIRECTION('',(0.,-1.,0.));
#4437=DIRECTION('center_axis',(0.,-1.,0.));
#4438=DIRECTION('ref_axis',(1.,0.,0.));
#4439=DIRECTION('',(-1.,0.,0.));
#4440=DIRECTION('',(1.,0.,0.));
#4441=DIRECTION('',(0.,0.,1.));
#4442=DIRECTION('center_axis',(-1.,0.,0.));
#4443=DIRECTION('ref_axis',(0.,-1.,0.));
#4444=DIRECTION('',(0.,1.,0.));
#4445=DIRECTION('',(0.,-1.,0.));
#4446=DIRECTION('center_axis',(0.,0.,1.));
#4447=DIRECTION('ref_axis',(1.,0.,0.));
#4448=DIRECTION('center_axis',(0.,-1.,0.));
#4449=DIRECTION('ref_axis',(1.,0.,0.));
#4450=DIRECTION('',(1.,0.,0.));
#4451=DIRECTION('',(0.,0.,1.));
#4452=DIRECTION('',(1.,0.,0.));
#4453=DIRECTION('',(0.,0.,1.));
#4454=DIRECTION('center_axis',(0.,0.,1.));
#4455=DIRECTION('ref_axis',(1.,0.,0.));
#4456=DIRECTION('',(0.,-1.,0.));
#4457=DIRECTION('',(0.,1.,0.));
#4458=DIRECTION('',(1.,0.,0.));
#4459=DIRECTION('center_axis',(0.,0.,1.));
#4460=DIRECTION('ref_axis',(1.,0.,0.));
#4461=DIRECTION('',(0.,-1.,0.));
#4462=DIRECTION('',(-1.,0.,0.));
#4463=DIRECTION('',(0.,1.,0.));
#4464=DIRECTION('center_axis',(0.,-1.,0.));
#4465=DIRECTION('ref_axis',(1.,0.,0.));
#4466=DIRECTION('',(0.,0.,1.));
#4467=DIRECTION('',(-1.,0.,0.));
#4468=DIRECTION('',(0.,0.,1.));
#4469=DIRECTION('center_axis',(0.,1.,0.));
#4470=DIRECTION('ref_axis',(-1.,0.,0.));
#4471=DIRECTION('',(1.,0.,0.));
#4472=DIRECTION('',(0.,0.,1.));
#4473=DIRECTION('',(-1.,0.,0.));
#4474=DIRECTION('',(0.,0.,1.));
#4475=DIRECTION('center_axis',(1.,0.,0.));
#4476=DIRECTION('ref_axis',(0.,1.,0.));
#4477=DIRECTION('',(0.,-1.,0.));
#4478=DIRECTION('',(0.,1.,0.));
#4479=DIRECTION('',(0.,0.,1.));
#4480=DIRECTION('',(0.,0.,1.));
#4481=DIRECTION('center_axis',(0.,-1.,0.));
#4482=DIRECTION('ref_axis',(1.,0.,0.));
#4483=DIRECTION('',(1.,0.,0.));
#4484=DIRECTION('',(0.,0.,1.));
#4485=DIRECTION('center_axis',(-1.,0.,0.));
#4486=DIRECTION('ref_axis',(0.,-1.,0.));
#4487=DIRECTION('',(0.,1.,0.));
#4488=DIRECTION('',(0.,0.,-1.));
#4489=DIRECTION('',(0.,-1.,0.));
#4490=DIRECTION('center_axis',(0.,0.,1.));
#4491=DIRECTION('ref_axis',(1.,0.,0.));
#4492=DIRECTION('center_axis',(0.,1.,0.));
#4493=DIRECTION('ref_axis',(-1.,0.,0.));
#4494=DIRECTION('',(1.,0.,0.));
#4495=DIRECTION('',(0.,0.,1.));
#4496=DIRECTION('',(-1.,0.,0.));
#4497=DIRECTION('center_axis',(0.,1.,0.));
#4498=DIRECTION('ref_axis',(-1.,0.,0.));
#4499=DIRECTION('',(-1.,0.,0.));
#4500=DIRECTION('',(0.,0.,1.));
#4501=DIRECTION('',(-1.,0.,0.));
#4502=DIRECTION('',(0.,0.,1.));
#4503=DIRECTION('center_axis',(0.,0.,1.));
#4504=DIRECTION('ref_axis',(1.,0.,0.));
#4505=DIRECTION('',(0.,-1.,0.));
#4506=DIRECTION('',(-1.,0.,0.));
#4507=DIRECTION('',(0.,1.,0.));
#4508=DIRECTION('center_axis',(0.,0.,1.));
#4509=DIRECTION('ref_axis',(1.,0.,0.));
#4510=DIRECTION('',(0.,-1.,0.));
#4511=DIRECTION('',(0.,1.,0.));
#4512=DIRECTION('',(1.,0.,0.));
#4513=DIRECTION('center_axis',(0.,1.,0.));
#4514=DIRECTION('ref_axis',(-1.,0.,0.));
#4515=DIRECTION('',(0.,0.,1.));
#4516=DIRECTION('',(-1.,0.,0.));
#4517=DIRECTION('',(0.,0.,1.));
#4518=DIRECTION('center_axis',(0.,1.,0.));
#4519=DIRECTION('ref_axis',(-1.,0.,0.));
#4520=DIRECTION('',(0.,0.,1.));
#4521=DIRECTION('',(1.,0.,0.));
#4522=DIRECTION('',(0.,0.,1.));
#4523=DIRECTION('center_axis',(1.,0.,0.));
#4524=DIRECTION('ref_axis',(0.,1.,0.));
#4525=DIRECTION('',(0.,-1.,0.));
#4526=DIRECTION('',(0.,0.,-1.));
#4527=DIRECTION('',(0.,1.,0.));
#4528=DIRECTION('',(0.,0.,1.));
#4529=DIRECTION('center_axis',(0.,-1.,0.));
#4530=DIRECTION('ref_axis',(1.,0.,0.));
#4531=DIRECTION('',(-1.,0.,0.));
#4532=DIRECTION('',(1.,0.,0.));
#4533=DIRECTION('',(0.,0.,1.));
#4534=DIRECTION('center_axis',(-1.,0.,0.));
#4535=DIRECTION('ref_axis',(0.,-1.,0.));
#4536=DIRECTION('',(0.,1.,0.));
#4537=DIRECTION('',(0.,-1.,0.));
#4538=DIRECTION('',(0.,0.,1.));
#4539=DIRECTION('center_axis',(0.,0.,1.));
#4540=DIRECTION('ref_axis',(1.,0.,0.));
#4541=DIRECTION('center_axis',(0.,-1.,0.));
#4542=DIRECTION('ref_axis',(1.,0.,0.));
#4543=DIRECTION('',(-1.,0.,0.));
#4544=DIRECTION('',(0.,0.,1.));
#4545=DIRECTION('',(1.,0.,0.));
#4546=DIRECTION('center_axis',(0.,-1.,0.));
#4547=DIRECTION('ref_axis',(1.,0.,0.));
#4548=DIRECTION('',(1.,0.,0.));
#4549=DIRECTION('',(0.,0.,-1.));
#4550=DIRECTION('',(-1.,0.,0.));
#4551=DIRECTION('center_axis',(0.,-1.,0.));
#4552=DIRECTION('ref_axis',(1.,0.,0.));
#4553=DIRECTION('',(1.,0.,0.));
#4554=DIRECTION('',(0.,0.,1.));
#4555=DIRECTION('',(1.,0.,0.));
#4556=DIRECTION('',(0.,0.,1.));
#4557=DIRECTION('center_axis',(0.,0.,1.));
#4558=DIRECTION('ref_axis',(1.,0.,0.));
#4559=DIRECTION('',(0.,-1.,0.));
#4560=DIRECTION('',(0.,1.,0.));
#4561=DIRECTION('',(1.,0.,0.));
#4562=DIRECTION('center_axis',(0.,0.,1.));
#4563=DIRECTION('ref_axis',(1.,0.,0.));
#4564=DIRECTION('',(0.,-1.,0.));
#4565=DIRECTION('',(-1.,0.,0.));
#4566=DIRECTION('',(0.,1.,0.));
#4567=DIRECTION('center_axis',(0.,-1.,0.));
#4568=DIRECTION('ref_axis',(1.,0.,0.));
#4569=DIRECTION('',(0.,0.,1.));
#4570=DIRECTION('',(-1.,0.,0.));
#4571=DIRECTION('',(0.,0.,1.));
#4572=DIRECTION('center_axis',(0.,1.,0.));
#4573=DIRECTION('ref_axis',(-1.,0.,0.));
#4574=DIRECTION('',(1.,0.,0.));
#4575=DIRECTION('',(0.,0.,1.));
#4576=DIRECTION('',(-1.,0.,0.));
#4577=DIRECTION('',(0.,0.,1.));
#4578=DIRECTION('center_axis',(1.,0.,0.));
#4579=DIRECTION('ref_axis',(0.,1.,0.));
#4580=DIRECTION('',(0.,-1.,0.));
#4581=DIRECTION('',(0.,1.,0.));
#4582=DIRECTION('',(0.,0.,1.));
#4583=DIRECTION('center_axis',(0.,-1.,0.));
#4584=DIRECTION('ref_axis',(1.,0.,0.));
#4585=DIRECTION('',(1.,0.,0.));
#4586=DIRECTION('',(0.,0.,1.));
#4587=DIRECTION('center_axis',(-1.,0.,0.));
#4588=DIRECTION('ref_axis',(0.,-1.,0.));
#4589=DIRECTION('',(0.,1.,0.));
#4590=DIRECTION('',(0.,0.,-1.));
#4591=DIRECTION('',(0.,-1.,0.));
#4592=DIRECTION('center_axis',(0.,0.,1.));
#4593=DIRECTION('ref_axis',(1.,0.,0.));
#4594=DIRECTION('center_axis',(0.,1.,0.));
#4595=DIRECTION('ref_axis',(-1.,0.,0.));
#4596=DIRECTION('',(1.,0.,0.));
#4597=DIRECTION('',(-1.,0.,0.));
#4598=DIRECTION('center_axis',(0.,1.,0.));
#4599=DIRECTION('ref_axis',(-1.,0.,0.));
#4600=DIRECTION('',(-1.,0.,0.));
#4601=DIRECTION('',(0.,0.,1.));
#4602=DIRECTION('',(-1.,0.,0.));
#4603=DIRECTION('',(0.,0.,1.));
#4604=DIRECTION('center_axis',(0.,0.,1.));
#4605=DIRECTION('ref_axis',(1.,0.,0.));
#4606=DIRECTION('',(0.,-1.,0.));
#4607=DIRECTION('',(-1.,0.,0.));
#4608=DIRECTION('',(0.,1.,0.));
#4609=DIRECTION('center_axis',(0.,0.,1.));
#4610=DIRECTION('ref_axis',(1.,0.,0.));
#4611=DIRECTION('',(0.,-1.,0.));
#4612=DIRECTION('',(0.,1.,0.));
#4613=DIRECTION('',(1.,0.,0.));
#4614=DIRECTION('center_axis',(0.,1.,0.));
#4615=DIRECTION('ref_axis',(-1.,0.,0.));
#4616=DIRECTION('',(0.,0.,1.));
#4617=DIRECTION('',(-1.,0.,0.));
#4618=DIRECTION('',(0.,0.,1.));
#4619=DIRECTION('center_axis',(0.,1.,0.));
#4620=DIRECTION('ref_axis',(-1.,0.,0.));
#4621=DIRECTION('',(0.,0.,1.));
#4622=DIRECTION('',(1.,0.,0.));
#4623=DIRECTION('',(0.,0.,1.));
#4624=DIRECTION('center_axis',(1.,0.,0.));
#4625=DIRECTION('ref_axis',(0.,1.,0.));
#4626=DIRECTION('',(0.,-1.,0.));
#4627=DIRECTION('',(0.,1.,0.));
#4628=DIRECTION('',(0.,0.,1.));
#4629=DIRECTION('center_axis',(0.,-1.,0.));
#4630=DIRECTION('ref_axis',(1.,0.,0.));
#4631=DIRECTION('',(-1.,0.,0.));
#4632=DIRECTION('',(1.,0.,0.));
#4633=DIRECTION('',(0.,0.,1.));
#4634=DIRECTION('center_axis',(-1.,0.,0.));
#4635=DIRECTION('ref_axis',(0.,-1.,0.));
#4636=DIRECTION('',(0.,1.,0.));
#4637=DIRECTION('',(0.,-1.,0.));
#4638=DIRECTION('',(0.,0.,1.));
#4639=DIRECTION('center_axis',(0.,0.,1.));
#4640=DIRECTION('ref_axis',(1.,0.,0.));
#4641=DIRECTION('center_axis',(0.,-1.,0.));
#4642=DIRECTION('ref_axis',(1.,0.,0.));
#4643=DIRECTION('',(1.,0.,0.));
#4644=DIRECTION('',(-1.,0.,0.));
#4645=DIRECTION('center_axis',(0.,0.,1.));
#4646=DIRECTION('ref_axis',(-0.707106781186548,-0.707106781186547,0.));
#4647=DIRECTION('center_axis',(0.,0.,1.));
#4648=DIRECTION('ref_axis',(-0.707106781186548,-0.707106781186547,0.));
#4649=DIRECTION('',(0.,0.,1.));
#4650=DIRECTION('center_axis',(0.,0.,1.));
#4651=DIRECTION('ref_axis',(-0.707106781186548,-0.707106781186547,0.));
#4652=DIRECTION('',(0.,0.,-1.));
#4653=DIRECTION('center_axis',(0.,-1.,0.));
#4654=DIRECTION('ref_axis',(1.,0.,0.));
#4655=DIRECTION('',(-1.,0.,0.));
#4656=DIRECTION('',(0.,0.,1.));
#4657=DIRECTION('',(1.,0.,0.));
#4658=DIRECTION('',(0.,0.,1.));
#4659=DIRECTION('',(-1.,0.,0.));
#4660=DIRECTION('',(0.,0.,-1.));
#4661=DIRECTION('',(1.,0.,0.));
#4662=DIRECTION('',(0.,0.,-1.));
#4663=DIRECTION('',(1.,0.,0.));
#4664=DIRECTION('',(0.,0.,1.));
#4665=DIRECTION('',(-1.,0.,0.));
#4666=DIRECTION('',(0.,0.,-1.));
#4667=DIRECTION('',(1.,0.,0.));
#4668=DIRECTION('',(0.,0.,1.));
#4669=DIRECTION('',(-1.,0.,0.));
#4670=DIRECTION('center_axis',(0.,0.,1.));
#4671=DIRECTION('ref_axis',(-0.707106781186546,0.707106781186549,0.));
#4672=DIRECTION('center_axis',(0.,0.,1.));
#4673=DIRECTION('ref_axis',(-0.707106781186546,0.707106781186549,0.));
#4674=DIRECTION('',(0.,0.,1.));
#4675=DIRECTION('center_axis',(0.,0.,1.));
#4676=DIRECTION('ref_axis',(-0.707106781186546,0.707106781186549,0.));
#4677=DIRECTION('',(0.,0.,-1.));
#4678=DIRECTION('center_axis',(-1.,0.,0.));
#4679=DIRECTION('ref_axis',(0.,-1.,0.));
#4680=DIRECTION('',(0.,-1.,0.));
#4681=DIRECTION('',(0.,1.,0.));
#4682=DIRECTION('',(0.,0.,1.));
#4683=DIRECTION('',(0.,1.,0.));
#4684=DIRECTION('',(0.,0.,-1.));
#4685=DIRECTION('',(0.,-1.,0.));
#4686=DIRECTION('',(0.,0.,1.));
#4687=DIRECTION('',(0.,1.,0.));
#4688=DIRECTION('',(0.,0.,-1.));
#4689=DIRECTION('',(0.,-1.,0.));
#4690=DIRECTION('',(0.,0.,1.));
#4691=DIRECTION('',(0.,1.,0.));
#4692=DIRECTION('',(0.,0.,-1.));
#4693=DIRECTION('',(0.,-1.,0.));
#4694=DIRECTION('',(0.,0.,1.));
#4695=DIRECTION('',(0.,1.,0.));
#4696=DIRECTION('',(0.,0.,-1.));
#4697=DIRECTION('',(0.,-1.,0.));
#4698=DIRECTION('',(0.,0.,1.));
#4699=DIRECTION('',(0.,1.,0.));
#4700=DIRECTION('',(0.,0.,-1.));
#4701=DIRECTION('',(0.,-1.,0.));
#4702=DIRECTION('',(0.,0.,1.));
#4703=DIRECTION('',(0.,1.,0.));
#4704=DIRECTION('',(0.,0.,-1.));
#4705=DIRECTION('',(0.,-1.,0.));
#4706=DIRECTION('',(0.,0.,1.));
#4707=DIRECTION('',(0.,1.,0.));
#4708=DIRECTION('',(0.,0.,-1.));
#4709=DIRECTION('',(0.,-1.,0.));
#4710=DIRECTION('',(0.,0.,1.));
#4711=DIRECTION('',(0.,1.,0.));
#4712=DIRECTION('',(0.,0.,-1.));
#4713=DIRECTION('',(0.,-1.,0.));
#4714=DIRECTION('',(0.,0.,1.));
#4715=DIRECTION('',(0.,1.,0.));
#4716=DIRECTION('',(0.,0.,-1.));
#4717=DIRECTION('',(0.,-1.,0.));
#4718=DIRECTION('',(0.,0.,1.));
#4719=DIRECTION('',(0.,1.,0.));
#4720=DIRECTION('',(0.,0.,-1.));
#4721=DIRECTION('',(0.,-1.,0.));
#4722=DIRECTION('',(0.,0.,1.));
#4723=DIRECTION('',(0.,1.,0.));
#4724=DIRECTION('',(0.,0.,-1.));
#4725=DIRECTION('',(0.,-1.,0.));
#4726=DIRECTION('',(0.,0.,1.));
#4727=DIRECTION('',(0.,1.,0.));
#4728=DIRECTION('',(0.,0.,-1.));
#4729=DIRECTION('',(0.,-1.,0.));
#4730=DIRECTION('center_axis',(0.,0.,1.));
#4731=DIRECTION('ref_axis',(0.707106781186543,0.707106781186552,0.));
#4732=DIRECTION('center_axis',(0.,0.,1.));
#4733=DIRECTION('ref_axis',(0.707106781186543,0.707106781186552,0.));
#4734=DIRECTION('',(0.,0.,1.));
#4735=DIRECTION('center_axis',(0.,0.,1.));
#4736=DIRECTION('ref_axis',(0.707106781186543,0.707106781186552,0.));
#4737=DIRECTION('',(0.,0.,-1.));
#4738=DIRECTION('center_axis',(0.,1.,0.));
#4739=DIRECTION('ref_axis',(-1.,0.,0.));
#4740=DIRECTION('',(-1.,0.,0.));
#4741=DIRECTION('',(0.,0.,1.));
#4742=DIRECTION('',(1.,0.,0.));
#4743=DIRECTION('',(0.,0.,-1.));
#4744=DIRECTION('',(1.,0.,0.));
#4745=DIRECTION('',(0.,0.,-1.));
#4746=DIRECTION('',(-1.,0.,0.));
#4747=DIRECTION('',(0.,0.,1.));
#4748=DIRECTION('',(1.,0.,0.));
#4749=DIRECTION('',(1.,0.,0.));
#4750=DIRECTION('center_axis',(0.,0.,1.));
#4751=DIRECTION('ref_axis',(0.707106781186544,-0.707106781186551,0.));
#4752=DIRECTION('center_axis',(0.,0.,1.));
#4753=DIRECTION('ref_axis',(0.707106781186544,-0.707106781186551,0.));
#4754=DIRECTION('center_axis',(0.,0.,1.));
#4755=DIRECTION('ref_axis',(0.707106781186544,-0.707106781186551,0.));
#4756=DIRECTION('',(0.,0.,-1.));
#4757=DIRECTION('center_axis',(0.,0.,1.));
#4758=DIRECTION('ref_axis',(1.,0.,0.));
#4759=DIRECTION('',(0.,1.,0.));
#4760=DIRECTION('',(-1.,0.,0.));
#4761=DIRECTION('',(0.,1.,0.));
#4762=DIRECTION('',(0.,-1.,0.));
#4763=DIRECTION('',(-1.,0.,0.));
#4764=DIRECTION('',(0.,-1.,0.));
#4765=DIRECTION('center_axis',(0.,0.,-1.));
#4766=DIRECTION('ref_axis',(1.,0.,0.));
#4767=DIRECTION('center_axis',(0.,0.,-1.));
#4768=DIRECTION('ref_axis',(1.,0.,0.));
#4769=DIRECTION('center_axis',(0.,0.,-1.));
#4770=DIRECTION('ref_axis',(1.,0.,0.));
#4771=DIRECTION('',(1.,0.,0.));
#4772=DIRECTION('',(0.,-1.,0.));
#4773=DIRECTION('',(-1.,0.,0.));
#4774=DIRECTION('',(0.,1.,0.));
#4775=DIRECTION('',(1.,0.,0.));
#4776=DIRECTION('',(0.,-1.,0.));
#4777=DIRECTION('',(-1.,0.,0.));
#4778=DIRECTION('',(0.,1.,0.));
#4779=DIRECTION('',(1.,0.,0.));
#4780=DIRECTION('',(0.,-1.,0.));
#4781=DIRECTION('',(-1.,0.,0.));
#4782=DIRECTION('',(0.,1.,0.));
#4783=DIRECTION('',(1.,0.,0.));
#4784=DIRECTION('',(0.,-1.,0.));
#4785=DIRECTION('',(-1.,0.,0.));
#4786=DIRECTION('',(1.,0.,0.));
#4787=DIRECTION('',(0.,-1.,0.));
#4788=DIRECTION('center_axis',(1.,0.,0.));
#4789=DIRECTION('ref_axis',(0.,1.,0.));
#4790=DIRECTION('',(0.,-1.,0.));
#4791=DIRECTION('',(0.,0.,-1.));
#4792=DIRECTION('',(0.,-1.,0.));
#4793=DIRECTION('',(0.,0.,-1.));
#4794=DIRECTION('',(0.,1.,0.));
#4795=DIRECTION('',(0.,0.,1.));
#4796=DIRECTION('',(0.,-1.,0.));
#4797=DIRECTION('center_axis',(0.,0.,1.));
#4798=DIRECTION('ref_axis',(-0.707106781186548,-0.707106781186547,0.));
#4799=DIRECTION('center_axis',(0.,0.,-1.));
#4800=DIRECTION('ref_axis',(-0.707106781186548,-0.707106781186547,0.));
#4801=DIRECTION('',(0.,0.,-1.));
#4802=DIRECTION('center_axis',(0.,0.,1.));
#4803=DIRECTION('ref_axis',(-0.707106781186548,-0.707106781186547,0.));
#4804=DIRECTION('',(0.,0.,1.));
#4805=DIRECTION('center_axis',(-1.,0.,0.));
#4806=DIRECTION('ref_axis',(0.,-1.,0.));
#4807=DIRECTION('',(0.,-1.,0.));
#4808=DIRECTION('',(0.,0.,1.));
#4809=DIRECTION('',(0.,-1.,0.));
#4810=DIRECTION('',(0.,0.,-1.));
#4811=DIRECTION('',(0.,1.,0.));
#4812=DIRECTION('',(0.,0.,1.));
#4813=DIRECTION('',(0.,-1.,0.));
#4814=DIRECTION('',(0.,0.,-1.));
#4815=DIRECTION('',(0.,1.,0.));
#4816=DIRECTION('',(0.,0.,1.));
#4817=DIRECTION('',(0.,-1.,0.));
#4818=DIRECTION('',(0.,0.,-1.));
#4819=DIRECTION('',(0.,1.,0.));
#4820=DIRECTION('',(0.,0.,1.));
#4821=DIRECTION('',(0.,-1.,0.));
#4822=DIRECTION('',(0.,0.,-1.));
#4823=DIRECTION('',(0.,1.,0.));
#4824=DIRECTION('',(0.,0.,1.));
#4825=DIRECTION('',(0.,-1.,0.));
#4826=DIRECTION('',(0.,0.,-1.));
#4827=DIRECTION('',(0.,1.,0.));
#4828=DIRECTION('',(0.,0.,1.));
#4829=DIRECTION('',(0.,-1.,0.));
#4830=DIRECTION('',(0.,0.,-1.));
#4831=DIRECTION('',(0.,1.,0.));
#4832=DIRECTION('',(0.,0.,1.));
#4833=DIRECTION('',(0.,-1.,0.));
#4834=DIRECTION('',(0.,0.,-1.));
#4835=DIRECTION('',(0.,1.,0.));
#4836=DIRECTION('',(0.,0.,1.));
#4837=DIRECTION('',(0.,-1.,0.));
#4838=DIRECTION('',(0.,0.,-1.));
#4839=DIRECTION('',(0.,1.,0.));
#4840=DIRECTION('',(0.,0.,1.));
#4841=DIRECTION('',(0.,-1.,0.));
#4842=DIRECTION('',(0.,0.,-1.));
#4843=DIRECTION('',(0.,1.,0.));
#4844=DIRECTION('',(0.,0.,1.));
#4845=DIRECTION('',(0.,-1.,0.));
#4846=DIRECTION('',(0.,0.,-1.));
#4847=DIRECTION('',(0.,1.,0.));
#4848=DIRECTION('',(0.,0.,1.));
#4849=DIRECTION('',(0.,-1.,0.));
#4850=DIRECTION('',(0.,0.,-1.));
#4851=DIRECTION('',(0.,1.,0.));
#4852=DIRECTION('',(0.,0.,1.));
#4853=DIRECTION('',(0.,-1.,0.));
#4854=DIRECTION('',(0.,0.,-1.));
#4855=DIRECTION('',(0.,1.,0.));
#4856=DIRECTION('',(0.,0.,1.));
#4857=DIRECTION('',(0.,-1.,0.));
#4858=DIRECTION('center_axis',(0.,0.,1.));
#4859=DIRECTION('ref_axis',(1.,0.,0.));
#4860=DIRECTION('',(1.,0.,0.));
#4861=DIRECTION('center_axis',(0.,0.,-1.));
#4862=DIRECTION('ref_axis',(0.707106781186548,-0.707106781186547,0.));
#4863=DIRECTION('',(0.,1.,0.));
#4864=DIRECTION('center_axis',(0.,0.,-1.));
#4865=DIRECTION('ref_axis',(0.707106781186547,0.707106781186547,0.));
#4866=DIRECTION('',(-1.,0.,0.));
#4867=DIRECTION('center_axis',(0.,0.,-1.));
#4868=DIRECTION('ref_axis',(-0.707106781186547,0.707106781186548,0.));
#4869=DIRECTION('center_axis',(0.,0.,1.));
#4870=DIRECTION('ref_axis',(0.707106781186548,-0.707106781186547,0.));
#4871=DIRECTION('',(0.,0.,-1.));
#4872=DIRECTION('center_axis',(0.,0.,1.));
#4873=DIRECTION('ref_axis',(0.707106781186548,-0.707106781186547,0.));
#4874=DIRECTION('',(0.,0.,1.));
#4875=DIRECTION('center_axis',(1.,0.,0.));
#4876=DIRECTION('ref_axis',(0.,1.,0.));
#4877=DIRECTION('',(0.,1.,0.));
#4878=DIRECTION('',(0.,0.,-1.));
#4879=DIRECTION('',(0.,0.,1.));
#4880=DIRECTION('',(0.,1.,0.));
#4881=DIRECTION('',(0.,0.,-1.));
#4882=DIRECTION('',(0.,-1.,0.));
#4883=DIRECTION('center_axis',(0.,0.,1.));
#4884=DIRECTION('ref_axis',(0.707106781186547,0.707106781186547,0.));
#4885=DIRECTION('center_axis',(0.,0.,1.));
#4886=DIRECTION('ref_axis',(0.707106781186547,0.707106781186547,0.));
#4887=DIRECTION('',(0.,0.,1.));
#4888=DIRECTION('center_axis',(0.,0.,1.));
#4889=DIRECTION('ref_axis',(-0.707106781186547,0.707106781186548,0.));
#4890=DIRECTION('',(0.,0.,-1.));
#4891=DIRECTION('center_axis',(0.,0.,1.));
#4892=DIRECTION('ref_axis',(-0.707106781186547,0.707106781186548,0.));
#4893=DIRECTION('center_axis',(0.,-1.,0.));
#4894=DIRECTION('ref_axis',(1.,0.,0.));
#4895=DIRECTION('',(1.,0.,0.));
#4896=DIRECTION('',(0.,0.,1.));
#4897=DIRECTION('center_axis',(-1.,0.,0.));
#4898=DIRECTION('ref_axis',(0.,-1.,0.));
#4899=DIRECTION('',(0.,-1.,0.));
#4900=DIRECTION('center_axis',(0.,0.,1.));
#4901=DIRECTION('ref_axis',(1.,0.,0.));
#4902=DIRECTION('center_axis',(0.,0.,1.));
#4903=DIRECTION('ref_axis',(1.,0.,0.));
#4904=DIRECTION('',(0.,1.,0.));
#4905=DIRECTION('',(1.,0.,0.));
#4906=DIRECTION('',(0.,-1.,0.));
#4907=DIRECTION('',(-1.,0.,0.));
#4908=DIRECTION('',(0.,1.,0.));
#4909=DIRECTION('',(1.,0.,0.));
#4910=DIRECTION('',(0.,1.,0.));
#4911=DIRECTION('center_axis',(1.,0.,0.));
#4912=DIRECTION('ref_axis',(0.,1.,0.));
#4913=DIRECTION('',(0.,0.,1.));
#4914=DIRECTION('center_axis',(0.,-1.,0.));
#4915=DIRECTION('ref_axis',(1.,0.,0.));
#4916=DIRECTION('',(0.,0.,1.));
#4917=DIRECTION('center_axis',(0.,0.,1.));
#4918=DIRECTION('ref_axis',(1.,0.,0.));
#4919=DIRECTION('',(0.,1.,0.));
#4920=DIRECTION('center_axis',(0.,0.,-1.));
#4921=DIRECTION('ref_axis',(1.,0.,0.));
#4922=DIRECTION('center_axis',(0.,0.,-1.));
#4923=DIRECTION('ref_axis',(1.,0.,0.));
#4924=DIRECTION('center_axis',(-1.,0.,0.));
#4925=DIRECTION('ref_axis',(0.,-1.,0.));
#4926=DIRECTION('',(0.,-1.,0.));
#4927=DIRECTION('',(0.,0.,1.));
#4928=DIRECTION('',(0.,-1.,0.));
#4929=DIRECTION('',(0.,0.,-1.));
#4930=DIRECTION('center_axis',(0.,-1.,0.));
#4931=DIRECTION('ref_axis',(1.,0.,0.));
#4932=DIRECTION('',(1.,0.,0.));
#4933=DIRECTION('',(0.,0.,1.));
#4934=DIRECTION('center_axis',(0.,1.,0.));
#4935=DIRECTION('ref_axis',(-1.,0.,0.));
#4936=DIRECTION('',(0.,0.,1.));
#4937=DIRECTION('',(-1.,0.,0.));
#4938=DIRECTION('',(0.,0.,1.));
#4939=DIRECTION('center_axis',(1.,0.,0.));
#4940=DIRECTION('ref_axis',(0.,1.,0.));
#4941=DIRECTION('',(0.,1.,0.));
#4942=DIRECTION('',(0.,0.,1.));
#4943=DIRECTION('center_axis',(0.,-1.,0.));
#4944=DIRECTION('ref_axis',(1.,0.,0.));
#4945=DIRECTION('',(1.,0.,0.));
#4946=DIRECTION('',(0.,0.,1.));
#4947=DIRECTION('center_axis',(-1.,0.,0.));
#4948=DIRECTION('ref_axis',(0.,-1.,0.));
#4949=DIRECTION('',(0.,-1.,0.));
#4950=DIRECTION('center_axis',(0.,0.,1.));
#4951=DIRECTION('ref_axis',(1.,0.,0.));
#4952=DIRECTION('center_axis',(0.,0.,1.));
#4953=DIRECTION('ref_axis',(1.,0.,0.));
#4954=DIRECTION('center_axis',(0.,0.,1.));
#4955=DIRECTION('ref_axis',(1.,0.,0.));
#4956=DIRECTION('',(0.,0.,-1.));
#4957=DIRECTION('center_axis',(0.,0.,1.));
#4958=DIRECTION('ref_axis',(1.,0.,0.));
#4959=DIRECTION('center_axis',(1.,0.,0.));
#4960=DIRECTION('ref_axis',(0.,1.,0.));
#4961=DIRECTION('',(0.,1.,0.));
#4962=DIRECTION('',(0.,0.,-1.));
#4963=DIRECTION('',(0.,1.,0.));
#4964=DIRECTION('center_axis',(0.,0.,1.));
#4965=DIRECTION('ref_axis',(1.,0.,0.));
#4966=DIRECTION('',(1.,0.,0.));
#4967=DIRECTION('',(0.,-1.,0.));
#4968=DIRECTION('center_axis',(-1.,0.,0.));
#4969=DIRECTION('ref_axis',(0.,-1.,0.));
#4970=DIRECTION('',(0.,0.,1.));
#4971=DIRECTION('',(0.,-1.,0.));
#4972=DIRECTION('center_axis',(0.,0.,1.));
#4973=DIRECTION('ref_axis',(1.,0.,0.));
#4974=DIRECTION('',(-1.,0.,0.));
#4975=DIRECTION('center_axis',(1.,0.,0.));
#4976=DIRECTION('ref_axis',(0.,1.,0.));
#4977=DIRECTION('',(0.,1.,0.));
#4978=DIRECTION('',(0.,0.,-1.));
#4979=DIRECTION('',(0.,1.,0.));
#4980=DIRECTION('center_axis',(0.,0.,1.));
#4981=DIRECTION('ref_axis',(1.,0.,0.));
#4982=DIRECTION('',(1.,0.,0.));
#4983=DIRECTION('',(0.,-1.,0.));
#4984=DIRECTION('center_axis',(-1.,0.,0.));
#4985=DIRECTION('ref_axis',(0.,-1.,0.));
#4986=DIRECTION('',(0.,0.,1.));
#4987=DIRECTION('',(0.,-1.,0.));
#4988=DIRECTION('center_axis',(0.,0.,1.));
#4989=DIRECTION('ref_axis',(1.,0.,0.));
#4990=DIRECTION('',(-1.,0.,0.));
#4991=DIRECTION('center_axis',(0.,1.,0.));
#4992=DIRECTION('ref_axis',(-1.,0.,0.));
#4993=DIRECTION('',(0.,0.,1.));
#4994=DIRECTION('',(-1.,0.,0.));
#4995=DIRECTION('',(0.,0.,1.));
#4996=DIRECTION('center_axis',(1.,0.,0.));
#4997=DIRECTION('ref_axis',(0.,1.,0.));
#4998=DIRECTION('',(0.,1.,0.));
#4999=DIRECTION('',(0.,0.,1.));
#5000=DIRECTION('center_axis',(0.,-1.,0.));
#5001=DIRECTION('ref_axis',(1.,0.,0.));
#5002=DIRECTION('',(1.,0.,0.));
#5003=DIRECTION('',(0.,0.,1.));
#5004=DIRECTION('center_axis',(-1.,0.,0.));
#5005=DIRECTION('ref_axis',(0.,-1.,0.));
#5006=DIRECTION('',(0.,-1.,0.));
#5007=DIRECTION('center_axis',(0.,0.,1.));
#5008=DIRECTION('ref_axis',(1.,0.,0.));
#5009=DIRECTION('center_axis',(0.,1.,0.));
#5010=DIRECTION('ref_axis',(-1.,0.,0.));
#5011=DIRECTION('',(0.,0.,1.));
#5012=DIRECTION('',(-1.,0.,0.));
#5013=DIRECTION('',(0.,0.,1.));
#5014=DIRECTION('center_axis',(1.,0.,0.));
#5015=DIRECTION('ref_axis',(0.,1.,0.));
#5016=DIRECTION('',(0.,1.,0.));
#5017=DIRECTION('',(0.,0.,1.));
#5018=DIRECTION('center_axis',(0.,-1.,0.));
#5019=DIRECTION('ref_axis',(1.,0.,0.));
#5020=DIRECTION('',(1.,0.,0.));
#5021=DIRECTION('',(0.,0.,1.));
#5022=DIRECTION('center_axis',(-1.,0.,0.));
#5023=DIRECTION('ref_axis',(0.,-1.,0.));
#5024=DIRECTION('',(0.,-1.,0.));
#5025=DIRECTION('center_axis',(0.,0.,1.));
#5026=DIRECTION('ref_axis',(1.,0.,0.));
#5027=DIRECTION('center_axis',(0.,1.,0.));
#5028=DIRECTION('ref_axis',(-1.,0.,0.));
#5029=DIRECTION('',(-1.,0.,0.));
#5030=DIRECTION('',(-1.,0.,0.));
#5031=DIRECTION('center_axis',(0.,0.,1.));
#5032=DIRECTION('ref_axis',(1.,0.,0.));
#5033=DIRECTION('',(1.,0.,0.));
#5034=DIRECTION('center_axis',(0.,-1.,0.));
#5035=DIRECTION('ref_axis',(1.,0.,0.));
#5036=DIRECTION('',(1.,0.,0.));
#5037=DIRECTION('center_axis',(0.,0.,1.));
#5038=DIRECTION('ref_axis',(1.,0.,0.));
#5039=DIRECTION('center_axis',(0.,1.,0.));
#5040=DIRECTION('ref_axis',(-1.,0.,0.));
#5041=DIRECTION('',(-1.,0.,0.));
#5042=DIRECTION('',(0.,0.,1.));
#5043=DIRECTION('center_axis',(1.,0.,0.));
#5044=DIRECTION('ref_axis',(0.,1.,0.));
#5045=DIRECTION('',(0.,1.,0.));
#5046=DIRECTION('',(0.,0.,1.));
#5047=DIRECTION('center_axis',(0.,-1.,0.));
#5048=DIRECTION('ref_axis',(1.,0.,0.));
#5049=DIRECTION('',(1.,0.,0.));
#5050=DIRECTION('center_axis',(0.,0.,1.));
#5051=DIRECTION('ref_axis',(1.,0.,0.));
#5052=DIRECTION('center_axis',(0.,1.,0.));
#5053=DIRECTION('ref_axis',(-1.,0.,0.));
#5054=DIRECTION('',(-1.,0.,0.));
#5055=DIRECTION('',(0.,0.,1.));
#5056=DIRECTION('center_axis',(1.,0.,0.));
#5057=DIRECTION('ref_axis',(0.,1.,0.));
#5058=DIRECTION('',(0.,1.,0.));
#5059=DIRECTION('center_axis',(0.,0.,1.));
#5060=DIRECTION('ref_axis',(1.,0.,0.));
#5061=DIRECTION('center_axis',(0.,1.,0.));
#5062=DIRECTION('ref_axis',(-1.,0.,0.));
#5063=DIRECTION('',(0.,0.,-1.));
#5064=DIRECTION('',(-1.,0.,0.));
#5065=DIRECTION('center_axis',(0.,0.,1.));
#5066=DIRECTION('ref_axis',(1.,0.,0.));
#5067=DIRECTION('',(0.,1.,0.));
#5068=DIRECTION('center_axis',(1.,0.,0.));
#5069=DIRECTION('ref_axis',(0.,1.,0.));
#5070=DIRECTION('',(0.,1.,0.));
#5071=DIRECTION('center_axis',(0.,0.,1.));
#5072=DIRECTION('ref_axis',(1.,0.,0.));
#5073=DIRECTION('center_axis',(0.,1.,0.));
#5074=DIRECTION('ref_axis',(-1.,0.,0.));
#5075=DIRECTION('',(-1.,0.,0.));
#5076=DIRECTION('',(-1.,0.,0.));
#5077=DIRECTION('center_axis',(0.,0.,1.));
#5078=DIRECTION('ref_axis',(1.,0.,0.));
#5079=DIRECTION('',(1.,0.,0.));
#5080=DIRECTION('center_axis',(0.,-1.,0.));
#5081=DIRECTION('ref_axis',(1.,0.,0.));
#5082=DIRECTION('',(1.,0.,0.));
#5083=DIRECTION('center_axis',(0.,0.,1.));
#5084=DIRECTION('ref_axis',(1.,0.,0.));
#5085=DIRECTION('center_axis',(0.,1.,0.));
#5086=DIRECTION('ref_axis',(-1.,0.,0.));
#5087=DIRECTION('',(-1.,0.,0.));
#5088=DIRECTION('',(-1.,0.,0.));
#5089=DIRECTION('center_axis',(0.,0.,1.));
#5090=DIRECTION('ref_axis',(1.,0.,0.));
#5091=DIRECTION('',(1.,0.,0.));
#5092=DIRECTION('center_axis',(0.,-1.,0.));
#5093=DIRECTION('ref_axis',(1.,0.,0.));
#5094=DIRECTION('',(1.,0.,0.));
#5095=DIRECTION('center_axis',(0.,0.,1.));
#5096=DIRECTION('ref_axis',(1.,0.,0.));
#5097=DIRECTION('center_axis',(0.,1.,0.));
#5098=DIRECTION('ref_axis',(-1.,0.,0.));
#5099=DIRECTION('',(-1.,0.,0.));
#5100=DIRECTION('',(-1.,0.,0.));
#5101=DIRECTION('center_axis',(0.,0.,1.));
#5102=DIRECTION('ref_axis',(1.,0.,0.));
#5103=DIRECTION('',(1.,0.,0.));
#5104=DIRECTION('center_axis',(0.,-1.,0.));
#5105=DIRECTION('ref_axis',(1.,0.,0.));
#5106=DIRECTION('',(1.,0.,0.));
#5107=DIRECTION('center_axis',(0.,0.,1.));
#5108=DIRECTION('ref_axis',(1.,0.,0.));
#5109=DIRECTION('center_axis',(0.,1.,0.));
#5110=DIRECTION('ref_axis',(-1.,0.,0.));
#5111=DIRECTION('',(-1.,0.,0.));
#5112=DIRECTION('',(-1.,0.,0.));
#5113=DIRECTION('center_axis',(0.,0.,1.));
#5114=DIRECTION('ref_axis',(1.,0.,0.));
#5115=DIRECTION('',(1.,0.,0.));
#5116=DIRECTION('center_axis',(0.,-1.,0.));
#5117=DIRECTION('ref_axis',(1.,0.,0.));
#5118=DIRECTION('',(1.,0.,0.));
#5119=DIRECTION('center_axis',(0.,0.,1.));
#5120=DIRECTION('ref_axis',(1.,0.,0.));
#5121=DIRECTION('center_axis',(0.,1.,0.));
#5122=DIRECTION('ref_axis',(-1.,0.,0.));
#5123=DIRECTION('',(-1.,0.,0.));
#5124=DIRECTION('',(-1.,0.,0.));
#5125=DIRECTION('center_axis',(0.,0.,1.));
#5126=DIRECTION('ref_axis',(1.,0.,0.));
#5127=DIRECTION('',(1.,0.,0.));
#5128=DIRECTION('center_axis',(0.,-1.,0.));
#5129=DIRECTION('ref_axis',(1.,0.,0.));
#5130=DIRECTION('',(1.,0.,0.));
#5131=DIRECTION('center_axis',(0.,0.,1.));
#5132=DIRECTION('ref_axis',(1.,0.,0.));
#5133=DIRECTION('center_axis',(0.,1.,0.));
#5134=DIRECTION('ref_axis',(-1.,0.,0.));
#5135=DIRECTION('',(-1.,0.,0.));
#5136=DIRECTION('',(-1.,0.,0.));
#5137=DIRECTION('center_axis',(0.,0.,1.));
#5138=DIRECTION('ref_axis',(1.,0.,0.));
#5139=DIRECTION('',(1.,0.,0.));
#5140=DIRECTION('center_axis',(0.,-1.,0.));
#5141=DIRECTION('ref_axis',(1.,0.,0.));
#5142=DIRECTION('',(1.,0.,0.));
#5143=DIRECTION('center_axis',(0.,0.,1.));
#5144=DIRECTION('ref_axis',(1.,0.,0.));
#5145=DIRECTION('center_axis',(0.,1.,0.));
#5146=DIRECTION('ref_axis',(-1.,0.,0.));
#5147=DIRECTION('',(-1.,0.,0.));
#5148=DIRECTION('',(-1.,0.,0.));
#5149=DIRECTION('center_axis',(0.,0.,1.));
#5150=DIRECTION('ref_axis',(1.,0.,0.));
#5151=DIRECTION('',(1.,0.,0.));
#5152=DIRECTION('center_axis',(0.,-1.,0.));
#5153=DIRECTION('ref_axis',(1.,0.,0.));
#5154=DIRECTION('',(1.,0.,0.));
#5155=DIRECTION('center_axis',(0.,0.,1.));
#5156=DIRECTION('ref_axis',(1.,0.,0.));
#5157=DIRECTION('center_axis',(0.,1.,0.));
#5158=DIRECTION('ref_axis',(-1.,0.,0.));
#5159=DIRECTION('',(-1.,0.,0.));
#5160=DIRECTION('',(-1.,0.,0.));
#5161=DIRECTION('center_axis',(0.,0.,1.));
#5162=DIRECTION('ref_axis',(1.,0.,0.));
#5163=DIRECTION('',(1.,0.,0.));
#5164=DIRECTION('center_axis',(0.,-1.,0.));
#5165=DIRECTION('ref_axis',(1.,0.,0.));
#5166=DIRECTION('',(1.,0.,0.));
#5167=DIRECTION('center_axis',(0.,0.,1.));
#5168=DIRECTION('ref_axis',(1.,0.,0.));
#5169=DIRECTION('center_axis',(0.,1.,0.));
#5170=DIRECTION('ref_axis',(-1.,0.,0.));
#5171=DIRECTION('',(-1.,0.,0.));
#5172=DIRECTION('',(-1.,0.,0.));
#5173=DIRECTION('center_axis',(0.,0.,1.));
#5174=DIRECTION('ref_axis',(1.,0.,0.));
#5175=DIRECTION('',(1.,0.,0.));
#5176=DIRECTION('center_axis',(0.,-1.,0.));
#5177=DIRECTION('ref_axis',(1.,0.,0.));
#5178=DIRECTION('',(1.,0.,0.));
#5179=DIRECTION('center_axis',(0.,0.,1.));
#5180=DIRECTION('ref_axis',(1.,0.,0.));
#5181=DIRECTION('center_axis',(0.,1.,0.));
#5182=DIRECTION('ref_axis',(-1.,0.,0.));
#5183=DIRECTION('',(-1.,0.,0.));
#5184=DIRECTION('',(-1.,0.,0.));
#5185=DIRECTION('center_axis',(0.,0.,1.));
#5186=DIRECTION('ref_axis',(1.,0.,0.));
#5187=DIRECTION('',(1.,0.,0.));
#5188=DIRECTION('center_axis',(0.,-1.,0.));
#5189=DIRECTION('ref_axis',(1.,0.,0.));
#5190=DIRECTION('',(1.,0.,0.));
#5191=DIRECTION('center_axis',(0.,0.,1.));
#5192=DIRECTION('ref_axis',(1.,0.,0.));
#5193=DIRECTION('center_axis',(0.,1.,0.));
#5194=DIRECTION('ref_axis',(-1.,0.,0.));
#5195=DIRECTION('',(-1.,0.,0.));
#5196=DIRECTION('',(-1.,0.,0.));
#5197=DIRECTION('center_axis',(0.,0.,1.));
#5198=DIRECTION('ref_axis',(1.,0.,0.));
#5199=DIRECTION('',(1.,0.,0.));
#5200=DIRECTION('center_axis',(0.,-1.,0.));
#5201=DIRECTION('ref_axis',(1.,0.,0.));
#5202=DIRECTION('',(1.,0.,0.));
#5203=DIRECTION('center_axis',(0.,0.,1.));
#5204=DIRECTION('ref_axis',(1.,0.,0.));
#5205=DIRECTION('center_axis',(0.,1.,0.));
#5206=DIRECTION('ref_axis',(-1.,0.,0.));
#5207=DIRECTION('',(-1.,0.,0.));
#5208=DIRECTION('',(-1.,0.,0.));
#5209=DIRECTION('center_axis',(0.,0.,1.));
#5210=DIRECTION('ref_axis',(1.,0.,0.));
#5211=DIRECTION('',(1.,0.,0.));
#5212=DIRECTION('center_axis',(0.,-1.,0.));
#5213=DIRECTION('ref_axis',(1.,0.,0.));
#5214=DIRECTION('',(1.,0.,0.));
#5215=DIRECTION('center_axis',(0.,0.,1.));
#5216=DIRECTION('ref_axis',(1.,0.,0.));
#5217=DIRECTION('center_axis',(0.,0.,1.));
#5218=DIRECTION('ref_axis',(1.,0.,0.));
#5219=DIRECTION('center_axis',(0.,0.,1.));
#5220=DIRECTION('ref_axis',(1.,0.,0.));
#5221=DIRECTION('',(0.,0.,1.));
#5222=DIRECTION('center_axis',(0.,0.,-1.));
#5223=DIRECTION('ref_axis',(1.,0.,0.));
#5224=DIRECTION('center_axis',(0.,0.,1.));
#5225=DIRECTION('ref_axis',(1.,0.,0.));
#5226=DIRECTION('center_axis',(0.,0.,1.));
#5227=DIRECTION('ref_axis',(1.,0.,0.));
#5228=DIRECTION('center_axis',(0.,0.,1.));
#5229=DIRECTION('ref_axis',(1.,0.,0.));
#5230=DIRECTION('',(0.,0.,-1.));
#5231=DIRECTION('center_axis',(0.,0.,1.));
#5232=DIRECTION('ref_axis',(1.,0.,0.));
#5233=DIRECTION('center_axis',(0.,0.,1.));
#5234=DIRECTION('ref_axis',(1.,0.,0.));
#5235=DIRECTION('center_axis',(0.,0.,1.));
#5236=DIRECTION('ref_axis',(1.,0.,0.));
#5237=DIRECTION('',(0.,0.,1.));
#5238=DIRECTION('center_axis',(0.,0.,-1.));
#5239=DIRECTION('ref_axis',(1.,0.,0.));
#5240=DIRECTION('center_axis',(0.,0.,1.));
#5241=DIRECTION('ref_axis',(1.,0.,0.));
#5242=DIRECTION('center_axis',(0.,0.,1.));
#5243=DIRECTION('ref_axis',(1.,0.,0.));
#5244=DIRECTION('center_axis',(0.,0.,1.));
#5245=DIRECTION('ref_axis',(1.,0.,0.));
#5246=DIRECTION('',(0.,0.,-1.));
#5247=DIRECTION('center_axis',(0.,0.,1.));
#5248=DIRECTION('ref_axis',(1.,0.,0.));
#5249=DIRECTION('center_axis',(0.,0.,1.));
#5250=DIRECTION('ref_axis',(1.,0.,0.));
#5251=DIRECTION('center_axis',(0.,0.,1.));
#5252=DIRECTION('ref_axis',(1.,0.,0.));
#5253=DIRECTION('',(0.,0.,1.));
#5254=DIRECTION('center_axis',(0.,0.,-1.));
#5255=DIRECTION('ref_axis',(1.,0.,0.));
#5256=DIRECTION('center_axis',(0.,0.,1.));
#5257=DIRECTION('ref_axis',(1.,0.,0.));
#5258=DIRECTION('center_axis',(0.,0.,1.));
#5259=DIRECTION('ref_axis',(1.,0.,0.));
#5260=DIRECTION('center_axis',(0.,0.,1.));
#5261=DIRECTION('ref_axis',(1.,0.,0.));
#5262=DIRECTION('',(0.,0.,-1.));
#5263=DIRECTION('center_axis',(0.,0.,1.));
#5264=DIRECTION('ref_axis',(1.,0.,0.));
#5265=DIRECTION('center_axis',(0.,0.,1.));
#5266=DIRECTION('ref_axis',(1.,0.,0.));
#5267=DIRECTION('center_axis',(0.,0.,1.));
#5268=DIRECTION('ref_axis',(1.,0.,0.));
#5269=DIRECTION('',(0.,0.,1.));
#5270=DIRECTION('center_axis',(0.,0.,-1.));
#5271=DIRECTION('ref_axis',(1.,0.,0.));
#5272=DIRECTION('center_axis',(0.,0.,1.));
#5273=DIRECTION('ref_axis',(1.,0.,0.));
#5274=DIRECTION('center_axis',(0.,0.,1.));
#5275=DIRECTION('ref_axis',(1.,0.,0.));
#5276=DIRECTION('center_axis',(0.,0.,1.));
#5277=DIRECTION('ref_axis',(1.,0.,0.));
#5278=DIRECTION('',(0.,0.,-1.));
#5279=DIRECTION('center_axis',(0.,0.,1.));
#5280=DIRECTION('ref_axis',(1.,0.,0.));
#5281=DIRECTION('center_axis',(0.,1.,0.));
#5282=DIRECTION('ref_axis',(-1.,0.,0.));
#5283=DIRECTION('',(-1.,0.,0.));
#5284=DIRECTION('center_axis',(0.,-1.,0.));
#5285=DIRECTION('ref_axis',(1.,0.,0.));
#5286=DIRECTION('',(1.,0.,0.));
#5287=DIRECTION('center_axis',(0.,0.,1.));
#5288=DIRECTION('ref_axis',(1.,0.,0.));
#5289=CARTESIAN_POINT('',(0.,0.,0.));
#5290=CARTESIAN_POINT('Origin',(34.5,25.3,2.));
#5291=CARTESIAN_POINT('',(18.,25.3,2.));
#5292=CARTESIAN_POINT('',(18.,25.3,6.7));
#5293=CARTESIAN_POINT('',(18.,25.3,2.));
#5294=CARTESIAN_POINT('',(21.,25.3,2.));
#5295=CARTESIAN_POINT('',(34.5,25.3,2.));
#5296=CARTESIAN_POINT('',(21.,25.3,6.7));
#5297=CARTESIAN_POINT('',(21.,25.3,2.));
#5298=CARTESIAN_POINT('',(34.5,25.3,6.7));
#5299=CARTESIAN_POINT('Origin',(34.5,25.3,2.));
#5300=CARTESIAN_POINT('',(34.,25.3,6.7));
#5301=CARTESIAN_POINT('',(34.,25.3,2.));
#5302=CARTESIAN_POINT('',(34.,25.3,2.));
#5303=CARTESIAN_POINT('',(31.,25.3,6.7));
#5304=CARTESIAN_POINT('',(34.5,25.3,6.7));
#5305=CARTESIAN_POINT('',(31.,25.3,2.));
#5306=CARTESIAN_POINT('',(31.,25.3,2.));
#5307=CARTESIAN_POINT('',(34.5,25.3,2.));
#5308=CARTESIAN_POINT('Origin',(19.5,24.7,6.7));
#5309=CARTESIAN_POINT('',(21.,24.4,6.7));
#5310=CARTESIAN_POINT('',(21.,25.05,6.7));
#5311=CARTESIAN_POINT('',(18.,24.4,6.7));
#5312=CARTESIAN_POINT('',(18.,24.4,6.7));
#5313=CARTESIAN_POINT('',(18.,25.,6.7));
#5314=CARTESIAN_POINT('Origin',(21.,25.,2.));
#5315=CARTESIAN_POINT('',(21.,26.2,2.));
#5316=CARTESIAN_POINT('',(21.,27.25,2.));
#5317=CARTESIAN_POINT('',(21.,26.2,7.8));
#5318=CARTESIAN_POINT('',(21.,26.2,2.));
#5319=CARTESIAN_POINT('',(21.,25.,7.8));
#5320=CARTESIAN_POINT('',(21.,25.,7.8));
#5321=CARTESIAN_POINT('',(21.,25.,7.5));
#5322=CARTESIAN_POINT('',(21.,25.,2.));
#5323=CARTESIAN_POINT('',(21.,24.4,7.5));
#5324=CARTESIAN_POINT('',(21.,24.4,7.5));
#5325=CARTESIAN_POINT('',(21.,24.4,6.7));
#5326=CARTESIAN_POINT('Origin',(35.9,24.,2.));
#5327=CARTESIAN_POINT('',(35.,24.,2.));
#5328=CARTESIAN_POINT('',(35.9,24.,2.));
#5329=CARTESIAN_POINT('',(41.45,24.,2.));
#5330=CARTESIAN_POINT('',(35.,24.,7.5));
#5331=CARTESIAN_POINT('',(35.,24.,2.));
#5332=CARTESIAN_POINT('',(35.9,24.,7.5));
#5333=CARTESIAN_POINT('',(35.9,24.,7.5));
#5334=CARTESIAN_POINT('',(35.9,24.,2.));
#5335=CARTESIAN_POINT('Origin',(35.9,15.,2.));
#5336=CARTESIAN_POINT('',(35.9,15.,2.));
#5337=CARTESIAN_POINT('',(35.9,22.25,2.));
#5338=CARTESIAN_POINT('',(35.9,15.,7.5));
#5339=CARTESIAN_POINT('',(35.9,15.,7.5));
#5340=CARTESIAN_POINT('',(35.9,15.,2.));
#5341=CARTESIAN_POINT('Origin',(35.,15.,2.));
#5342=CARTESIAN_POINT('',(35.,15.,2.));
#5343=CARTESIAN_POINT('',(41.,15.,2.));
#5344=CARTESIAN_POINT('',(35.,15.,7.5));
#5345=CARTESIAN_POINT('',(35.,15.,7.5));
#5346=CARTESIAN_POINT('',(35.,15.,2.));
#5347=CARTESIAN_POINT('Origin',(35.,24.,2.));
#5348=CARTESIAN_POINT('',(35.,26.75,2.));
#5349=CARTESIAN_POINT('',(35.,24.,7.5));
#5350=CARTESIAN_POINT('Origin',(35.45,19.5,7.5));
#5351=CARTESIAN_POINT('Origin',(17.,24.,2.));
#5352=CARTESIAN_POINT('',(15.9,24.,2.));
#5353=CARTESIAN_POINT('',(17.,24.,2.));
#5354=CARTESIAN_POINT('',(32.,24.,2.));
#5355=CARTESIAN_POINT('',(15.9,24.,7.5));
#5356=CARTESIAN_POINT('',(15.9,24.,2.));
#5357=CARTESIAN_POINT('',(17.,24.,7.5));
#5358=CARTESIAN_POINT('',(17.,24.,7.5));
#5359=CARTESIAN_POINT('',(17.,24.,2.));
#5360=CARTESIAN_POINT('Origin',(17.,3.,2.));
#5361=CARTESIAN_POINT('',(17.,3.,2.));
#5362=CARTESIAN_POINT('',(17.,16.25,2.));
#5363=CARTESIAN_POINT('',(17.,3.,7.5));
#5364=CARTESIAN_POINT('',(17.,3.,7.5));
#5365=CARTESIAN_POINT('',(17.,3.,2.));
#5366=CARTESIAN_POINT('Origin',(15.9,3.,2.));
#5367=CARTESIAN_POINT('',(15.9,3.,2.));
#5368=CARTESIAN_POINT('',(31.45,3.,2.));
#5369=CARTESIAN_POINT('',(15.9,3.,7.5));
#5370=CARTESIAN_POINT('',(15.9,3.,7.5));
#5371=CARTESIAN_POINT('',(15.9,3.,2.));
#5372=CARTESIAN_POINT('Origin',(15.9,24.,2.));
#5373=CARTESIAN_POINT('',(15.9,26.75,2.));
#5374=CARTESIAN_POINT('',(15.9,24.,7.5));
#5375=CARTESIAN_POINT('Origin',(16.45,13.5,7.5));
#5376=CARTESIAN_POINT('Origin',(31.,24.4,6.7));
#5377=CARTESIAN_POINT('',(31.,24.4,6.7));
#5378=CARTESIAN_POINT('',(34.,24.4,6.7));
#5379=CARTESIAN_POINT('',(31.,24.4,6.7));
#5380=CARTESIAN_POINT('',(34.,24.4,7.5));
#5381=CARTESIAN_POINT('',(34.,24.4,6.7));
#5382=CARTESIAN_POINT('',(31.,24.4,7.5));
#5383=CARTESIAN_POINT('',(31.,24.4,7.5));
#5384=CARTESIAN_POINT('',(31.,24.4,6.7));
#5385=CARTESIAN_POINT('Origin',(32.5,24.7,7.5));
#5386=CARTESIAN_POINT('',(31.,25.,7.5));
#5387=CARTESIAN_POINT('',(31.,25.,7.5));
#5388=CARTESIAN_POINT('',(34.,25.,7.5));
#5389=CARTESIAN_POINT('',(34.,24.4,7.5));
#5390=CARTESIAN_POINT('',(31.75,25.,7.5));
#5391=CARTESIAN_POINT('Origin',(32.5,24.7,6.7));
#5392=CARTESIAN_POINT('',(34.,25.05,6.7));
#5393=CARTESIAN_POINT('',(31.,25.,6.7));
#5394=CARTESIAN_POINT('Origin',(34.,26.2,2.));
#5395=CARTESIAN_POINT('',(31.,26.2,2.));
#5396=CARTESIAN_POINT('',(34.,26.2,2.));
#5397=CARTESIAN_POINT('',(40.5,26.2,2.));
#5398=CARTESIAN_POINT('',(31.,26.2,7.8));
#5399=CARTESIAN_POINT('',(31.,26.2,2.));
#5400=CARTESIAN_POINT('',(34.,26.2,7.8));
#5401=CARTESIAN_POINT('',(34.,26.2,7.8));
#5402=CARTESIAN_POINT('',(34.,26.2,2.));
#5403=CARTESIAN_POINT('Origin',(34.,25.,2.));
#5404=CARTESIAN_POINT('',(34.,27.25,2.));
#5405=CARTESIAN_POINT('',(34.,25.,7.8));
#5406=CARTESIAN_POINT('',(34.,25.,7.8));
#5407=CARTESIAN_POINT('',(34.,25.,2.));
#5408=CARTESIAN_POINT('Origin',(31.,25.,2.));
#5409=CARTESIAN_POINT('',(31.,25.,7.8));
#5410=CARTESIAN_POINT('',(31.,25.,7.8));
#5411=CARTESIAN_POINT('',(31.,25.,2.));
#5412=CARTESIAN_POINT('Origin',(31.,26.2,2.));
#5413=CARTESIAN_POINT('',(31.,26.2,7.8));
#5414=CARTESIAN_POINT('',(31.,27.85,2.));
#5415=CARTESIAN_POINT('Origin',(32.5,25.6,7.8));
#5416=CARTESIAN_POINT('Origin',(18.,24.4,6.7));
#5417=CARTESIAN_POINT('',(18.,24.4,7.5));
#5418=CARTESIAN_POINT('',(18.,24.4,7.5));
#5419=CARTESIAN_POINT('',(18.,24.4,6.7));
#5420=CARTESIAN_POINT('Origin',(19.5,24.7,7.5));
#5421=CARTESIAN_POINT('',(18.,25.,7.5));
#5422=CARTESIAN_POINT('',(18.,25.,7.5));
#5423=CARTESIAN_POINT('',(18.75,25.,7.5));
#5424=CARTESIAN_POINT('Origin',(21.,26.2,2.));
#5425=CARTESIAN_POINT('',(18.,26.2,2.));
#5426=CARTESIAN_POINT('',(34.,26.2,2.));
#5427=CARTESIAN_POINT('',(18.,26.2,7.8));
#5428=CARTESIAN_POINT('',(18.,26.2,2.));
#5429=CARTESIAN_POINT('',(21.,26.2,7.8));
#5430=CARTESIAN_POINT('Origin',(18.,25.,2.));
#5431=CARTESIAN_POINT('',(18.,25.,7.8));
#5432=CARTESIAN_POINT('',(18.,25.,7.8));
#5433=CARTESIAN_POINT('',(18.,25.,2.));
#5434=CARTESIAN_POINT('Origin',(18.,26.2,2.));
#5435=CARTESIAN_POINT('',(18.,26.2,7.8));
#5436=CARTESIAN_POINT('',(18.,27.85,2.));
#5437=CARTESIAN_POINT('Origin',(19.5,25.6,7.8));
#5438=CARTESIAN_POINT('Origin',(64.5,29.2,2.));
#5439=CARTESIAN_POINT('',(63.3,29.2,2.));
#5440=CARTESIAN_POINT('',(64.5,29.2,2.));
#5441=CARTESIAN_POINT('',(55.75,29.2,2.));
#5442=CARTESIAN_POINT('',(63.3,29.2,6.5));
#5443=CARTESIAN_POINT('',(63.3,29.2,2.));
#5444=CARTESIAN_POINT('',(64.5,29.2,6.5));
#5445=CARTESIAN_POINT('',(64.5,29.2,6.5));
#5446=CARTESIAN_POINT('',(64.5,29.2,2.));
#5447=CARTESIAN_POINT('Origin',(64.5,8.8,2.));
#5448=CARTESIAN_POINT('',(64.5,28.,2.));
#5449=CARTESIAN_POINT('',(64.5,28.,4.));
#5450=CARTESIAN_POINT('',(64.5,28.,2.));
#5451=CARTESIAN_POINT('',(64.5,19.15,2.));
#5452=CARTESIAN_POINT('',(64.5,8.8,6.5));
#5453=CARTESIAN_POINT('',(64.5,8.8,6.5));
#5454=CARTESIAN_POINT('',(64.5,8.8,2.));
#5455=CARTESIAN_POINT('',(64.5,8.8,2.));
#5456=CARTESIAN_POINT('',(64.5,10.,2.));
#5457=CARTESIAN_POINT('',(64.5,19.15,2.));
#5458=CARTESIAN_POINT('',(64.5,10.,4.));
#5459=CARTESIAN_POINT('',(64.5,10.,2.));
#5460=CARTESIAN_POINT('',(64.5,12.,4.));
#5461=CARTESIAN_POINT('',(64.5,12.,4.));
#5462=CARTESIAN_POINT('',(64.5,12.,2.));
#5463=CARTESIAN_POINT('',(64.5,12.,2.));
#5464=CARTESIAN_POINT('',(64.5,26.,2.));
#5465=CARTESIAN_POINT('',(64.5,19.15,2.));
#5466=CARTESIAN_POINT('',(64.5,26.,4.));
#5467=CARTESIAN_POINT('',(64.5,26.,2.));
#5468=CARTESIAN_POINT('',(64.5,28.,4.));
#5469=CARTESIAN_POINT('Origin',(63.3,8.8,2.));
#5470=CARTESIAN_POINT('',(63.3,8.8,2.));
#5471=CARTESIAN_POINT('',(55.15,8.8,2.));
#5472=CARTESIAN_POINT('',(63.3,8.8,6.5));
#5473=CARTESIAN_POINT('',(63.3,8.8,6.5));
#5474=CARTESIAN_POINT('',(63.3,8.8,2.));
#5475=CARTESIAN_POINT('Origin',(63.3,29.2,2.));
#5476=CARTESIAN_POINT('',(63.3,29.35,2.));
#5477=CARTESIAN_POINT('',(63.3,29.2,6.5));
#5478=CARTESIAN_POINT('Origin',(63.9,19.,6.5));
#5479=CARTESIAN_POINT('Origin',(85.,27.4,5.2));
#5480=CARTESIAN_POINT('',(85.,27.4,5.2));
#5481=CARTESIAN_POINT('',(89.,27.4,5.2));
#5482=CARTESIAN_POINT('',(85.,27.4,5.2));
#5483=CARTESIAN_POINT('',(89.,27.4,6.));
#5484=CARTESIAN_POINT('',(89.,27.4,5.2));
#5485=CARTESIAN_POINT('',(85.,27.4,6.));
#5486=CARTESIAN_POINT('',(85.,27.4,6.));
#5487=CARTESIAN_POINT('',(85.,27.4,5.2));
#5488=CARTESIAN_POINT('Origin',(87.,27.7,6.));
#5489=CARTESIAN_POINT('',(85.,28.,6.));
#5490=CARTESIAN_POINT('',(85.,28.,6.));
#5491=CARTESIAN_POINT('',(89.,28.,6.));
#5492=CARTESIAN_POINT('',(89.,27.4,6.));
#5493=CARTESIAN_POINT('',(86.,28.,6.));
#5494=CARTESIAN_POINT('Origin',(87.,27.7,5.2));
#5495=CARTESIAN_POINT('',(85.,28.,5.2));
#5496=CARTESIAN_POINT('',(85.,28.,5.2));
#5497=CARTESIAN_POINT('',(89.,28.,5.2));
#5498=CARTESIAN_POINT('',(86.,28.,5.2));
#5499=CARTESIAN_POINT('',(89.,27.4,5.2));
#5500=CARTESIAN_POINT('Origin',(85.,28.,2.));
#5501=CARTESIAN_POINT('',(85.,28.,4.));
#5502=CARTESIAN_POINT('',(85.,28.,2.));
#5503=CARTESIAN_POINT('',(89.,28.,4.));
#5504=CARTESIAN_POINT('',(91.5,28.,4.));
#5505=CARTESIAN_POINT('',(89.,28.,2.));
#5506=CARTESIAN_POINT('Origin',(89.,29.2,2.));
#5507=CARTESIAN_POINT('',(85.,29.2,2.));
#5508=CARTESIAN_POINT('',(89.,29.2,2.));
#5509=CARTESIAN_POINT('',(68.,29.2,2.));
#5510=CARTESIAN_POINT('',(85.,29.2,6.3));
#5511=CARTESIAN_POINT('',(85.,29.2,2.));
#5512=CARTESIAN_POINT('',(89.,29.2,6.3));
#5513=CARTESIAN_POINT('',(89.,29.2,6.3));
#5514=CARTESIAN_POINT('',(89.,29.2,2.));
#5515=CARTESIAN_POINT('Origin',(89.,28.,2.));
#5516=CARTESIAN_POINT('',(89.,28.,2.));
#5517=CARTESIAN_POINT('',(89.,28.75,2.));
#5518=CARTESIAN_POINT('',(89.,28.,6.3));
#5519=CARTESIAN_POINT('',(89.,28.,6.3));
#5520=CARTESIAN_POINT('',(89.,28.,2.));
#5521=CARTESIAN_POINT('',(89.,28.,2.));
#5522=CARTESIAN_POINT('Origin',(85.,28.,2.));
#5523=CARTESIAN_POINT('',(85.,28.,6.3));
#5524=CARTESIAN_POINT('',(85.,28.,6.3));
#5525=CARTESIAN_POINT('',(85.,28.,2.));
#5526=CARTESIAN_POINT('Origin',(85.,29.2,2.));
#5527=CARTESIAN_POINT('',(85.,28.,2.));
#5528=CARTESIAN_POINT('',(85.,29.35,2.));
#5529=CARTESIAN_POINT('',(85.,28.,2.));
#5530=CARTESIAN_POINT('',(85.,29.2,6.3));
#5531=CARTESIAN_POINT('Origin',(87.,28.6,6.3));
#5532=CARTESIAN_POINT('Origin',(91.5,28.,2.));
#5533=CARTESIAN_POINT('',(71.,28.,2.));
#5534=CARTESIAN_POINT('',(69.25,28.,2.));
#5535=CARTESIAN_POINT('',(71.,28.,4.));
#5536=CARTESIAN_POINT('',(71.,28.,2.));
#5537=CARTESIAN_POINT('',(91.5,28.,4.));
#5538=CARTESIAN_POINT('Origin',(89.,10.6,5.2));
#5539=CARTESIAN_POINT('',(89.,10.6,5.2));
#5540=CARTESIAN_POINT('',(85.,10.6,5.2));
#5541=CARTESIAN_POINT('',(89.,10.6,5.2));
#5542=CARTESIAN_POINT('',(85.,10.6,6.));
#5543=CARTESIAN_POINT('',(85.,10.6,5.2));
#5544=CARTESIAN_POINT('',(89.,10.6,6.));
#5545=CARTESIAN_POINT('',(89.,10.6,6.));
#5546=CARTESIAN_POINT('',(89.,10.6,5.2));
#5547=CARTESIAN_POINT('Origin',(87.,10.3,6.));
#5548=CARTESIAN_POINT('',(85.,10.,6.));
#5549=CARTESIAN_POINT('',(85.,10.6,6.));
#5550=CARTESIAN_POINT('',(89.,10.,6.));
#5551=CARTESIAN_POINT('',(88.,10.,6.));
#5552=CARTESIAN_POINT('',(89.,10.,6.));
#5553=CARTESIAN_POINT('Origin',(87.,10.3,5.2));
#5554=CARTESIAN_POINT('',(85.,10.,5.2));
#5555=CARTESIAN_POINT('',(85.,10.6,5.2));
#5556=CARTESIAN_POINT('',(89.,10.,5.2));
#5557=CARTESIAN_POINT('',(89.,10.,5.2));
#5558=CARTESIAN_POINT('',(88.,10.,5.2));
#5559=CARTESIAN_POINT('Origin',(89.,10.,2.));
#5560=CARTESIAN_POINT('',(85.,10.,6.3));
#5561=CARTESIAN_POINT('',(85.,10.,2.));
#5562=CARTESIAN_POINT('',(89.,10.,6.3));
#5563=CARTESIAN_POINT('',(89.,10.,6.3));
#5564=CARTESIAN_POINT('',(89.,10.,2.));
#5565=CARTESIAN_POINT('Origin',(89.,10.,2.));
#5566=CARTESIAN_POINT('',(89.,10.,4.));
#5567=CARTESIAN_POINT('',(89.,10.,2.));
#5568=CARTESIAN_POINT('',(85.,10.,4.));
#5569=CARTESIAN_POINT('',(64.5,10.,4.));
#5570=CARTESIAN_POINT('',(85.,10.,2.));
#5571=CARTESIAN_POINT('Origin',(89.,8.8,2.));
#5572=CARTESIAN_POINT('',(89.,10.,2.));
#5573=CARTESIAN_POINT('',(89.,8.8,2.));
#5574=CARTESIAN_POINT('',(89.,19.15,2.));
#5575=CARTESIAN_POINT('',(89.,10.,2.));
#5576=CARTESIAN_POINT('',(89.,8.8,6.3));
#5577=CARTESIAN_POINT('',(89.,8.8,6.3));
#5578=CARTESIAN_POINT('',(89.,8.8,2.));
#5579=CARTESIAN_POINT('Origin',(85.,8.8,2.));
#5580=CARTESIAN_POINT('',(85.,8.8,2.));
#5581=CARTESIAN_POINT('',(66.,8.8,2.));
#5582=CARTESIAN_POINT('',(85.,8.8,6.3));
#5583=CARTESIAN_POINT('',(85.,8.8,6.3));
#5584=CARTESIAN_POINT('',(85.,8.8,2.));
#5585=CARTESIAN_POINT('Origin',(85.,10.,2.));
#5586=CARTESIAN_POINT('',(85.,10.,2.));
#5587=CARTESIAN_POINT('',(85.,19.75,2.));
#5588=CARTESIAN_POINT('',(85.,10.,6.3));
#5589=CARTESIAN_POINT('',(85.,10.,2.));
#5590=CARTESIAN_POINT('Origin',(87.,9.4,6.3));
#5591=CARTESIAN_POINT('Origin',(64.5,10.,2.));
#5592=CARTESIAN_POINT('',(91.5,10.,2.));
#5593=CARTESIAN_POINT('',(55.75,10.,2.));
#5594=CARTESIAN_POINT('',(91.5,10.,4.));
#5595=CARTESIAN_POINT('',(91.5,10.,2.));
#5596=CARTESIAN_POINT('',(64.5,10.,4.));
#5597=CARTESIAN_POINT('Origin',(64.5,10.,2.));
#5598=CARTESIAN_POINT('',(71.,10.,4.));
#5599=CARTESIAN_POINT('',(64.5,10.,4.));
#5600=CARTESIAN_POINT('',(71.,10.,2.));
#5601=CARTESIAN_POINT('',(71.,10.,2.));
#5602=CARTESIAN_POINT('',(55.75,10.,2.));
#5603=CARTESIAN_POINT('Origin',(67.,27.4,5.2));
#5604=CARTESIAN_POINT('',(67.,27.4,5.2));
#5605=CARTESIAN_POINT('',(71.,27.4,5.2));
#5606=CARTESIAN_POINT('',(67.,27.4,5.2));
#5607=CARTESIAN_POINT('',(71.,27.4,6.));
#5608=CARTESIAN_POINT('',(71.,27.4,5.2));
#5609=CARTESIAN_POINT('',(67.,27.4,6.));
#5610=CARTESIAN_POINT('',(67.,27.4,6.));
#5611=CARTESIAN_POINT('',(67.,27.4,5.2));
#5612=CARTESIAN_POINT('Origin',(69.,27.7,6.));
#5613=CARTESIAN_POINT('',(67.,28.,6.));
#5614=CARTESIAN_POINT('',(67.,28.,6.));
#5615=CARTESIAN_POINT('',(71.,28.,6.));
#5616=CARTESIAN_POINT('',(71.,27.4,6.));
#5617=CARTESIAN_POINT('',(68.,28.,6.));
#5618=CARTESIAN_POINT('Origin',(69.,27.7,5.2));
#5619=CARTESIAN_POINT('',(67.,28.,5.2));
#5620=CARTESIAN_POINT('',(67.,28.,5.2));
#5621=CARTESIAN_POINT('',(71.,28.,5.2));
#5622=CARTESIAN_POINT('',(68.,28.,5.2));
#5623=CARTESIAN_POINT('',(71.,27.4,5.2));
#5624=CARTESIAN_POINT('Origin',(67.,28.,2.));
#5625=CARTESIAN_POINT('',(67.,28.,4.));
#5626=CARTESIAN_POINT('',(67.,28.,2.));
#5627=CARTESIAN_POINT('',(91.5,28.,4.));
#5628=CARTESIAN_POINT('',(71.,28.,2.));
#5629=CARTESIAN_POINT('Origin',(71.,29.2,2.));
#5630=CARTESIAN_POINT('',(67.,29.2,2.));
#5631=CARTESIAN_POINT('',(71.,29.2,2.));
#5632=CARTESIAN_POINT('',(59.,29.2,2.));
#5633=CARTESIAN_POINT('',(67.,29.2,6.3));
#5634=CARTESIAN_POINT('',(67.,29.2,2.));
#5635=CARTESIAN_POINT('',(71.,29.2,6.3));
#5636=CARTESIAN_POINT('',(71.,29.2,6.3));
#5637=CARTESIAN_POINT('',(71.,29.2,2.));
#5638=CARTESIAN_POINT('Origin',(71.,28.,2.));
#5639=CARTESIAN_POINT('',(71.,28.75,2.));
#5640=CARTESIAN_POINT('',(71.,28.,6.3));
#5641=CARTESIAN_POINT('',(71.,28.,6.3));
#5642=CARTESIAN_POINT('',(71.,28.,2.));
#5643=CARTESIAN_POINT('Origin',(67.,28.,2.));
#5644=CARTESIAN_POINT('',(67.,28.,6.3));
#5645=CARTESIAN_POINT('',(67.,28.,6.3));
#5646=CARTESIAN_POINT('',(67.,28.,2.));
#5647=CARTESIAN_POINT('Origin',(67.,29.2,2.));
#5648=CARTESIAN_POINT('',(67.,28.,2.));
#5649=CARTESIAN_POINT('',(67.,29.35,2.));
#5650=CARTESIAN_POINT('',(67.,28.,2.));
#5651=CARTESIAN_POINT('',(67.,29.2,6.3));
#5652=CARTESIAN_POINT('Origin',(69.,28.6,6.3));
#5653=CARTESIAN_POINT('Origin',(91.5,28.,2.));
#5654=CARTESIAN_POINT('',(69.25,28.,2.));
#5655=CARTESIAN_POINT('',(91.5,28.,4.));
#5656=CARTESIAN_POINT('Origin',(71.,10.6,5.2));
#5657=CARTESIAN_POINT('',(71.,10.6,5.2));
#5658=CARTESIAN_POINT('',(67.,10.6,5.2));
#5659=CARTESIAN_POINT('',(71.,10.6,5.2));
#5660=CARTESIAN_POINT('',(67.,10.6,6.));
#5661=CARTESIAN_POINT('',(67.,10.6,5.2));
#5662=CARTESIAN_POINT('',(71.,10.6,6.));
#5663=CARTESIAN_POINT('',(71.,10.6,6.));
#5664=CARTESIAN_POINT('',(71.,10.6,5.2));
#5665=CARTESIAN_POINT('Origin',(69.,10.3,6.));
#5666=CARTESIAN_POINT('',(67.,10.,6.));
#5667=CARTESIAN_POINT('',(67.,10.6,6.));
#5668=CARTESIAN_POINT('',(71.,10.,6.));
#5669=CARTESIAN_POINT('',(70.,10.,6.));
#5670=CARTESIAN_POINT('',(71.,10.,6.));
#5671=CARTESIAN_POINT('Origin',(69.,10.3,5.2));
#5672=CARTESIAN_POINT('',(67.,10.,5.2));
#5673=CARTESIAN_POINT('',(67.,10.6,5.2));
#5674=CARTESIAN_POINT('',(71.,10.,5.2));
#5675=CARTESIAN_POINT('',(71.,10.,5.2));
#5676=CARTESIAN_POINT('',(70.,10.,5.2));
#5677=CARTESIAN_POINT('Origin',(71.,10.,2.));
#5678=CARTESIAN_POINT('',(67.,10.,6.3));
#5679=CARTESIAN_POINT('',(67.,10.,2.));
#5680=CARTESIAN_POINT('',(71.,10.,6.3));
#5681=CARTESIAN_POINT('',(71.,10.,6.3));
#5682=CARTESIAN_POINT('',(71.,10.,2.));
#5683=CARTESIAN_POINT('Origin',(71.,10.,2.));
#5684=CARTESIAN_POINT('',(71.,10.,2.));
#5685=CARTESIAN_POINT('',(67.,10.,4.));
#5686=CARTESIAN_POINT('',(64.5,10.,4.));
#5687=CARTESIAN_POINT('',(67.,10.,2.));
#5688=CARTESIAN_POINT('Origin',(71.,8.8,2.));
#5689=CARTESIAN_POINT('',(71.,8.8,2.));
#5690=CARTESIAN_POINT('',(71.,19.15,2.));
#5691=CARTESIAN_POINT('',(71.,8.8,6.3));
#5692=CARTESIAN_POINT('',(71.,8.8,6.3));
#5693=CARTESIAN_POINT('',(71.,8.8,2.));
#5694=CARTESIAN_POINT('Origin',(67.,8.8,2.));
#5695=CARTESIAN_POINT('',(67.,8.8,2.));
#5696=CARTESIAN_POINT('',(57.,8.8,2.));
#5697=CARTESIAN_POINT('',(67.,8.8,6.3));
#5698=CARTESIAN_POINT('',(67.,8.8,6.3));
#5699=CARTESIAN_POINT('',(67.,8.8,2.));
#5700=CARTESIAN_POINT('Origin',(67.,10.,2.));
#5701=CARTESIAN_POINT('',(67.,10.,2.));
#5702=CARTESIAN_POINT('',(67.,19.75,2.));
#5703=CARTESIAN_POINT('',(67.,10.,6.3));
#5704=CARTESIAN_POINT('',(67.,10.,2.));
#5705=CARTESIAN_POINT('Origin',(69.,9.4,6.3));
#5706=CARTESIAN_POINT('Origin',(64.5,10.,2.));
#5707=CARTESIAN_POINT('',(64.5,10.,4.));
#5708=CARTESIAN_POINT('',(55.75,10.,2.));
#5709=CARTESIAN_POINT('Origin',(3.5,3.5,2.));
#5710=CARTESIAN_POINT('',(2.,3.5,2.));
#5711=CARTESIAN_POINT('',(3.5,2.,2.));
#5712=CARTESIAN_POINT('Origin',(3.5,3.5,2.));
#5713=CARTESIAN_POINT('',(2.,3.5,24.));
#5714=CARTESIAN_POINT('',(2.,3.5,2.));
#5715=CARTESIAN_POINT('',(3.5,2.,24.));
#5716=CARTESIAN_POINT('Origin',(3.5,3.5,24.));
#5717=CARTESIAN_POINT('',(3.5,2.,2.));
#5718=CARTESIAN_POINT('Origin',(2.,2.,2.));
#5719=CARTESIAN_POINT('',(90.5,2.,24.));
#5720=CARTESIAN_POINT('',(24.5,2.,24.));
#5721=CARTESIAN_POINT('',(90.5,2.,2.));
#5722=CARTESIAN_POINT('',(90.5,2.,2.));
#5723=CARTESIAN_POINT('',(15.2,2.,2.));
#5724=CARTESIAN_POINT('',(2.,2.,2.));
#5725=CARTESIAN_POINT('',(15.2,2.,22.3));
#5726=CARTESIAN_POINT('',(15.2,2.,2.));
#5727=CARTESIAN_POINT('',(14.,2.,22.3));
#5728=CARTESIAN_POINT('',(8.3,2.,22.3));
#5729=CARTESIAN_POINT('',(14.,2.,2.));
#5730=CARTESIAN_POINT('',(14.,2.,2.));
#5731=CARTESIAN_POINT('',(2.,2.,2.));
#5732=CARTESIAN_POINT('',(19.75,2.,11.75));
#5733=CARTESIAN_POINT('',(19.75,2.,4.45));
#5734=CARTESIAN_POINT('',(19.75,2.,3.225));
#5735=CARTESIAN_POINT('',(32.25,2.,4.45));
#5736=CARTESIAN_POINT('',(14.,2.,4.45));
#5737=CARTESIAN_POINT('',(32.25,2.,11.75));
#5738=CARTESIAN_POINT('',(32.25,2.,3.225));
#5739=CARTESIAN_POINT('',(14.,2.,11.75));
#5740=CARTESIAN_POINT('',(36.,2.,19.6));
#5741=CARTESIAN_POINT('',(36.,2.,6.4));
#5742=CARTESIAN_POINT('',(36.,2.,4.2));
#5743=CARTESIAN_POINT('',(55.2,2.,6.4));
#5744=CARTESIAN_POINT('',(23.8,2.,6.4));
#5745=CARTESIAN_POINT('',(55.2,2.,19.6));
#5746=CARTESIAN_POINT('',(55.2,2.,4.2));
#5747=CARTESIAN_POINT('',(23.8,2.,19.6));
#5748=CARTESIAN_POINT('Origin',(3.5,55.5,2.));
#5749=CARTESIAN_POINT('',(3.5,57.,2.));
#5750=CARTESIAN_POINT('',(2.,55.5,2.));
#5751=CARTESIAN_POINT('Origin',(3.5,55.5,2.));
#5752=CARTESIAN_POINT('',(3.5,57.,24.));
#5753=CARTESIAN_POINT('',(3.5,57.,2.));
#5754=CARTESIAN_POINT('',(2.,55.5,24.));
#5755=CARTESIAN_POINT('Origin',(3.5,55.5,24.));
#5756=CARTESIAN_POINT('',(2.,55.5,2.));
#5757=CARTESIAN_POINT('Origin',(2.,57.,2.));
#5758=CARTESIAN_POINT('',(2.,57.,2.));
#5759=CARTESIAN_POINT('',(2.,43.25,24.));
#5760=CARTESIAN_POINT('',(2.,36.,3.2));
#5761=CARTESIAN_POINT('',(2.,36.,17.3));
#5762=CARTESIAN_POINT('',(2.,36.,2.6));
#5763=CARTESIAN_POINT('',(2.,36.9,17.3));
#5764=CARTESIAN_POINT('',(2.,46.725,17.3));
#5765=CARTESIAN_POINT('',(2.,36.9,3.2));
#5766=CARTESIAN_POINT('',(2.,36.9,2.6));
#5767=CARTESIAN_POINT('',(2.,46.725,3.2));
#5768=CARTESIAN_POINT('',(2.,32.2,3.2));
#5769=CARTESIAN_POINT('',(2.,32.2,17.3));
#5770=CARTESIAN_POINT('',(2.,32.2,2.6));
#5771=CARTESIAN_POINT('',(2.,33.1,17.3));
#5772=CARTESIAN_POINT('',(2.,44.825,17.3));
#5773=CARTESIAN_POINT('',(2.,33.1,3.2));
#5774=CARTESIAN_POINT('',(2.,33.1,2.6));
#5775=CARTESIAN_POINT('',(2.,44.825,3.2));
#5776=CARTESIAN_POINT('',(2.,28.4,3.2));
#5777=CARTESIAN_POINT('',(2.,28.4,17.3));
#5778=CARTESIAN_POINT('',(2.,28.4,2.6));
#5779=CARTESIAN_POINT('',(2.,29.3,17.3));
#5780=CARTESIAN_POINT('',(2.,42.925,17.3));
#5781=CARTESIAN_POINT('',(2.,29.3,3.2));
#5782=CARTESIAN_POINT('',(2.,29.3,2.6));
#5783=CARTESIAN_POINT('',(2.,42.925,3.2));
#5784=CARTESIAN_POINT('',(2.,26.5,3.2));
#5785=CARTESIAN_POINT('',(2.,26.5,17.3));
#5786=CARTESIAN_POINT('',(2.,26.5,2.6));
#5787=CARTESIAN_POINT('',(2.,27.4,17.3));
#5788=CARTESIAN_POINT('',(2.,41.975,17.3));
#5789=CARTESIAN_POINT('',(2.,27.4,3.2));
#5790=CARTESIAN_POINT('',(2.,27.4,2.6));
#5791=CARTESIAN_POINT('',(2.,41.975,3.2));
#5792=CARTESIAN_POINT('',(2.,22.7,3.2));
#5793=CARTESIAN_POINT('',(2.,22.7,17.3));
#5794=CARTESIAN_POINT('',(2.,22.7,2.6));
#5795=CARTESIAN_POINT('',(2.,23.6,17.3));
#5796=CARTESIAN_POINT('',(2.,40.075,17.3));
#5797=CARTESIAN_POINT('',(2.,23.6,3.2));
#5798=CARTESIAN_POINT('',(2.,23.6,2.6));
#5799=CARTESIAN_POINT('',(2.,40.075,3.2));
#5800=CARTESIAN_POINT('',(2.,18.9,3.2));
#5801=CARTESIAN_POINT('',(2.,18.9,17.3));
#5802=CARTESIAN_POINT('',(2.,18.9,2.6));
#5803=CARTESIAN_POINT('',(2.,19.8,17.3));
#5804=CARTESIAN_POINT('',(2.,38.175,17.3));
#5805=CARTESIAN_POINT('',(2.,19.8,3.2));
#5806=CARTESIAN_POINT('',(2.,19.8,2.6));
#5807=CARTESIAN_POINT('',(2.,38.175,3.2));
#5808=CARTESIAN_POINT('',(2.,20.8,3.2));
#5809=CARTESIAN_POINT('',(2.,20.8,17.3));
#5810=CARTESIAN_POINT('',(2.,20.8,2.6));
#5811=CARTESIAN_POINT('',(2.,21.7,17.3));
#5812=CARTESIAN_POINT('',(2.,39.125,17.3));
#5813=CARTESIAN_POINT('',(2.,21.7,3.2));
#5814=CARTESIAN_POINT('',(2.,21.7,2.6));
#5815=CARTESIAN_POINT('',(2.,39.125,3.2));
#5816=CARTESIAN_POINT('',(2.,24.6,3.2));
#5817=CARTESIAN_POINT('',(2.,24.6,17.3));
#5818=CARTESIAN_POINT('',(2.,24.6,2.6));
#5819=CARTESIAN_POINT('',(2.,25.5,17.3));
#5820=CARTESIAN_POINT('',(2.,41.025,17.3));
#5821=CARTESIAN_POINT('',(2.,25.5,3.2));
#5822=CARTESIAN_POINT('',(2.,25.5,2.6));
#5823=CARTESIAN_POINT('',(2.,41.025,3.2));
#5824=CARTESIAN_POINT('',(2.,17.,3.2));
#5825=CARTESIAN_POINT('',(2.,17.,17.3));
#5826=CARTESIAN_POINT('',(2.,17.,2.6));
#5827=CARTESIAN_POINT('',(2.,17.9,17.3));
#5828=CARTESIAN_POINT('',(2.,37.225,17.3));
#5829=CARTESIAN_POINT('',(2.,17.9,3.2));
#5830=CARTESIAN_POINT('',(2.,17.9,2.6));
#5831=CARTESIAN_POINT('',(2.,37.225,3.2));
#5832=CARTESIAN_POINT('',(2.,30.3,3.2));
#5833=CARTESIAN_POINT('',(2.,30.3,17.3));
#5834=CARTESIAN_POINT('',(2.,30.3,2.6));
#5835=CARTESIAN_POINT('',(2.,31.2,17.3));
#5836=CARTESIAN_POINT('',(2.,43.875,17.3));
#5837=CARTESIAN_POINT('',(2.,31.2,3.2));
#5838=CARTESIAN_POINT('',(2.,31.2,2.6));
#5839=CARTESIAN_POINT('',(2.,43.875,3.2));
#5840=CARTESIAN_POINT('',(2.,34.1,3.2));
#5841=CARTESIAN_POINT('',(2.,34.1,17.3));
#5842=CARTESIAN_POINT('',(2.,34.1,2.6));
#5843=CARTESIAN_POINT('',(2.,35.,17.3));
#5844=CARTESIAN_POINT('',(2.,45.775,17.3));
#5845=CARTESIAN_POINT('',(2.,35.,3.2));
#5846=CARTESIAN_POINT('',(2.,35.,2.6));
#5847=CARTESIAN_POINT('',(2.,45.775,3.2));
#5848=CARTESIAN_POINT('',(2.,37.9,3.2));
#5849=CARTESIAN_POINT('',(2.,37.9,17.3));
#5850=CARTESIAN_POINT('',(2.,37.9,2.6));
#5851=CARTESIAN_POINT('',(2.,38.8,17.3));
#5852=CARTESIAN_POINT('',(2.,47.675,17.3));
#5853=CARTESIAN_POINT('',(2.,38.8,3.2));
#5854=CARTESIAN_POINT('',(2.,38.8,2.6));
#5855=CARTESIAN_POINT('',(2.,47.675,3.2));
#5856=CARTESIAN_POINT('Origin',(90.5,55.5,2.));
#5857=CARTESIAN_POINT('',(92.,55.5,7.));
#5858=CARTESIAN_POINT('',(90.5,57.,7.));
#5859=CARTESIAN_POINT('Origin',(90.5,55.5,7.));
#5860=CARTESIAN_POINT('',(92.,55.5,24.));
#5861=CARTESIAN_POINT('',(92.,55.5,2.));
#5862=CARTESIAN_POINT('',(90.5,57.,24.));
#5863=CARTESIAN_POINT('Origin',(90.5,55.5,24.));
#5864=CARTESIAN_POINT('',(90.5,57.,2.));
#5865=CARTESIAN_POINT('Origin',(92.,57.,2.));
#5866=CARTESIAN_POINT('',(14.,57.,2.));
#5867=CARTESIAN_POINT('',(92.,57.,2.));
#5868=CARTESIAN_POINT('',(14.,57.,22.3));
#5869=CARTESIAN_POINT('',(14.,57.,2.));
#5870=CARTESIAN_POINT('',(15.2,57.,22.3));
#5871=CARTESIAN_POINT('',(53.3,57.,22.3));
#5872=CARTESIAN_POINT('',(15.2,57.,7.));
#5873=CARTESIAN_POINT('',(15.2,57.,2.));
#5874=CARTESIAN_POINT('',(15.3,57.,7.));
#5875=CARTESIAN_POINT('',(53.325,57.,7.));
#5876=CARTESIAN_POINT('',(15.3,57.,2.));
#5877=CARTESIAN_POINT('',(15.3,57.,2.));
#5878=CARTESIAN_POINT('',(90.3,57.,2.));
#5879=CARTESIAN_POINT('',(92.,57.,2.));
#5880=CARTESIAN_POINT('',(90.3,57.,7.));
#5881=CARTESIAN_POINT('',(90.3,57.,2.));
#5882=CARTESIAN_POINT('',(91.575,57.,7.));
#5883=CARTESIAN_POINT('',(69.5,57.,24.));
#5884=CARTESIAN_POINT('Origin',(90.5,3.5,2.));
#5885=CARTESIAN_POINT('',(92.,3.5,2.));
#5886=CARTESIAN_POINT('Origin',(90.5,3.5,2.));
#5887=CARTESIAN_POINT('',(92.,3.5,24.));
#5888=CARTESIAN_POINT('Origin',(90.5,3.5,24.));
#5889=CARTESIAN_POINT('',(92.,3.5,2.));
#5890=CARTESIAN_POINT('Origin',(47.,29.5,2.));
#5891=CARTESIAN_POINT('',(92.,35.8,2.));
#5892=CARTESIAN_POINT('',(92.,2.,2.));
#5893=CARTESIAN_POINT('',(90.3,35.8,2.));
#5894=CARTESIAN_POINT('',(68.65,35.8,2.));
#5895=CARTESIAN_POINT('',(90.3,43.25,2.));
#5896=CARTESIAN_POINT('',(15.3,35.8,2.));
#5897=CARTESIAN_POINT('',(15.3,32.65,2.));
#5898=CARTESIAN_POINT('',(15.2,35.8,2.));
#5899=CARTESIAN_POINT('',(30.5,35.8,2.));
#5900=CARTESIAN_POINT('',(15.2,15.75,2.));
#5901=CARTESIAN_POINT('',(50.5,47.,2.));
#5902=CARTESIAN_POINT('Origin',(52.8,47.,2.));
#5903=CARTESIAN_POINT('',(85.3,32.,2.));
#5904=CARTESIAN_POINT('Origin',(87.8,32.,2.));
#5905=CARTESIAN_POINT('',(85.3,6.2,2.));
#5906=CARTESIAN_POINT('Origin',(87.8,6.2,2.));
#5907=CARTESIAN_POINT('',(20.,24.,2.));
#5908=CARTESIAN_POINT('',(22.,24.,2.));
#5909=CARTESIAN_POINT('',(34.5,24.,2.));
#5910=CARTESIAN_POINT('',(22.,3.,2.));
#5911=CARTESIAN_POINT('',(22.,16.25,2.));
#5912=CARTESIAN_POINT('',(20.,3.,2.));
#5913=CARTESIAN_POINT('',(33.5,3.,2.));
#5914=CARTESIAN_POINT('',(20.,26.75,2.));
#5915=CARTESIAN_POINT('',(30.,24.,2.));
#5916=CARTESIAN_POINT('',(32.,24.,2.));
#5917=CARTESIAN_POINT('',(39.5,24.,2.));
#5918=CARTESIAN_POINT('',(32.,3.,2.));
#5919=CARTESIAN_POINT('',(32.,16.25,2.));
#5920=CARTESIAN_POINT('',(30.,3.,2.));
#5921=CARTESIAN_POINT('',(38.5,3.,2.));
#5922=CARTESIAN_POINT('',(30.,26.75,2.));
#5923=CARTESIAN_POINT('',(18.3,37.,2.));
#5924=CARTESIAN_POINT('',(87.3,37.,2.));
#5925=CARTESIAN_POINT('',(67.15,37.,2.));
#5926=CARTESIAN_POINT('',(87.3,35.8,2.));
#5927=CARTESIAN_POINT('',(87.3,32.65,2.));
#5928=CARTESIAN_POINT('',(18.3,35.8,2.));
#5929=CARTESIAN_POINT('',(32.65,35.8,2.));
#5930=CARTESIAN_POINT('',(18.3,33.25,2.));
#5931=CARTESIAN_POINT('',(91.5,28.,2.));
#5932=CARTESIAN_POINT('',(69.25,28.,2.));
#5933=CARTESIAN_POINT('',(91.5,26.,2.));
#5934=CARTESIAN_POINT('',(91.5,27.75,2.));
#5935=CARTESIAN_POINT('',(55.75,26.,2.));
#5936=CARTESIAN_POINT('',(91.5,12.,2.));
#5937=CARTESIAN_POINT('',(69.25,12.,2.));
#5938=CARTESIAN_POINT('',(91.5,19.75,2.));
#5939=CARTESIAN_POINT('Origin',(92.,2.,2.));
#5940=CARTESIAN_POINT('',(92.,35.8,7.));
#5941=CARTESIAN_POINT('',(92.,24.2,7.));
#5942=CARTESIAN_POINT('',(92.,35.8,2.));
#5943=CARTESIAN_POINT('',(92.,15.75,24.));
#5944=CARTESIAN_POINT('',(92.,12.75,11.));
#5945=CARTESIAN_POINT('',(92.,12.75,3.7));
#5946=CARTESIAN_POINT('',(92.,12.75,2.85));
#5947=CARTESIAN_POINT('',(92.,25.25,3.7));
#5948=CARTESIAN_POINT('',(92.,10.5,3.7));
#5949=CARTESIAN_POINT('',(92.,25.25,11.));
#5950=CARTESIAN_POINT('',(92.,25.25,2.85));
#5951=CARTESIAN_POINT('',(92.,10.5,11.));
#5952=CARTESIAN_POINT('Origin',(3.4,3.4,0.4));
#5953=CARTESIAN_POINT('',(3.4,0.4,24.));
#5954=CARTESIAN_POINT('',(0.4,3.4,24.));
#5955=CARTESIAN_POINT('Origin',(3.4,3.4,24.));
#5956=CARTESIAN_POINT('',(0.4,3.4,0.4));
#5957=CARTESIAN_POINT('',(0.4,3.4,0.4));
#5958=CARTESIAN_POINT('',(3.4,0.4,0.4));
#5959=CARTESIAN_POINT('Origin',(3.4,3.4,0.4));
#5960=CARTESIAN_POINT('',(3.4,0.4,0.4));
#5961=CARTESIAN_POINT('Origin',(0.4,58.6,0.4));
#5962=CARTESIAN_POINT('',(0.4,55.6,24.));
#5963=CARTESIAN_POINT('',(0.4,58.6,24.));
#5964=CARTESIAN_POINT('',(0.4,55.6,0.4));
#5965=CARTESIAN_POINT('',(0.4,55.6,0.4));
#5966=CARTESIAN_POINT('',(0.4,58.6,0.4));
#5967=CARTESIAN_POINT('',(0.4,37.9,17.3));
#5968=CARTESIAN_POINT('',(0.4,37.9,3.2));
#5969=CARTESIAN_POINT('',(0.4,37.9,1.8));
#5970=CARTESIAN_POINT('',(0.4,38.8,3.2));
#5971=CARTESIAN_POINT('',(0.4,48.475,3.2));
#5972=CARTESIAN_POINT('',(0.4,38.8,17.3));
#5973=CARTESIAN_POINT('',(0.4,38.8,1.8));
#5974=CARTESIAN_POINT('',(0.4,48.475,17.3));
#5975=CARTESIAN_POINT('',(0.4,34.1,17.3));
#5976=CARTESIAN_POINT('',(0.4,34.1,3.2));
#5977=CARTESIAN_POINT('',(0.4,34.1,1.8));
#5978=CARTESIAN_POINT('',(0.4,35.,3.2));
#5979=CARTESIAN_POINT('',(0.4,46.575,3.2));
#5980=CARTESIAN_POINT('',(0.4,35.,17.3));
#5981=CARTESIAN_POINT('',(0.4,35.,1.8));
#5982=CARTESIAN_POINT('',(0.4,46.575,17.3));
#5983=CARTESIAN_POINT('',(0.4,30.3,17.3));
#5984=CARTESIAN_POINT('',(0.4,30.3,3.2));
#5985=CARTESIAN_POINT('',(0.4,30.3,1.8));
#5986=CARTESIAN_POINT('',(0.4,31.2,3.2));
#5987=CARTESIAN_POINT('',(0.4,44.675,3.2));
#5988=CARTESIAN_POINT('',(0.4,31.2,17.3));
#5989=CARTESIAN_POINT('',(0.4,31.2,1.8));
#5990=CARTESIAN_POINT('',(0.4,44.675,17.3));
#5991=CARTESIAN_POINT('',(0.4,17.,17.3));
#5992=CARTESIAN_POINT('',(0.4,17.,3.2));
#5993=CARTESIAN_POINT('',(0.4,17.,1.8));
#5994=CARTESIAN_POINT('',(0.4,17.9,3.2));
#5995=CARTESIAN_POINT('',(0.4,38.025,3.2));
#5996=CARTESIAN_POINT('',(0.4,17.9,17.3));
#5997=CARTESIAN_POINT('',(0.4,17.9,1.8));
#5998=CARTESIAN_POINT('',(0.4,38.025,17.3));
#5999=CARTESIAN_POINT('',(0.4,24.6,17.3));
#6000=CARTESIAN_POINT('',(0.4,24.6,3.2));
#6001=CARTESIAN_POINT('',(0.4,24.6,1.8));
#6002=CARTESIAN_POINT('',(0.4,25.5,3.2));
#6003=CARTESIAN_POINT('',(0.4,41.825,3.2));
#6004=CARTESIAN_POINT('',(0.4,25.5,17.3));
#6005=CARTESIAN_POINT('',(0.4,25.5,1.8));
#6006=CARTESIAN_POINT('',(0.4,41.825,17.3));
#6007=CARTESIAN_POINT('',(0.4,20.8,17.3));
#6008=CARTESIAN_POINT('',(0.4,20.8,3.2));
#6009=CARTESIAN_POINT('',(0.4,20.8,1.8));
#6010=CARTESIAN_POINT('',(0.4,21.7,3.2));
#6011=CARTESIAN_POINT('',(0.4,39.925,3.2));
#6012=CARTESIAN_POINT('',(0.4,21.7,17.3));
#6013=CARTESIAN_POINT('',(0.4,21.7,1.8));
#6014=CARTESIAN_POINT('',(0.4,39.925,17.3));
#6015=CARTESIAN_POINT('',(0.4,18.9,17.3));
#6016=CARTESIAN_POINT('',(0.4,18.9,3.2));
#6017=CARTESIAN_POINT('',(0.4,18.9,1.8));
#6018=CARTESIAN_POINT('',(0.4,19.8,3.2));
#6019=CARTESIAN_POINT('',(0.4,38.975,3.2));
#6020=CARTESIAN_POINT('',(0.4,19.8,17.3));
#6021=CARTESIAN_POINT('',(0.4,19.8,1.8));
#6022=CARTESIAN_POINT('',(0.4,38.975,17.3));
#6023=CARTESIAN_POINT('',(0.4,22.7,17.3));
#6024=CARTESIAN_POINT('',(0.4,22.7,3.2));
#6025=CARTESIAN_POINT('',(0.4,22.7,1.8));
#6026=CARTESIAN_POINT('',(0.4,23.6,3.2));
#6027=CARTESIAN_POINT('',(0.4,40.875,3.2));
#6028=CARTESIAN_POINT('',(0.4,23.6,17.3));
#6029=CARTESIAN_POINT('',(0.4,23.6,1.8));
#6030=CARTESIAN_POINT('',(0.4,40.875,17.3));
#6031=CARTESIAN_POINT('',(0.4,26.5,17.3));
#6032=CARTESIAN_POINT('',(0.4,26.5,3.2));
#6033=CARTESIAN_POINT('',(0.4,26.5,1.8));
#6034=CARTESIAN_POINT('',(0.4,27.4,3.2));
#6035=CARTESIAN_POINT('',(0.4,42.775,3.2));
#6036=CARTESIAN_POINT('',(0.4,27.4,17.3));
#6037=CARTESIAN_POINT('',(0.4,27.4,1.8));
#6038=CARTESIAN_POINT('',(0.4,42.775,17.3));
#6039=CARTESIAN_POINT('',(0.4,28.4,17.3));
#6040=CARTESIAN_POINT('',(0.4,28.4,3.2));
#6041=CARTESIAN_POINT('',(0.4,28.4,1.8));
#6042=CARTESIAN_POINT('',(0.4,29.3,3.2));
#6043=CARTESIAN_POINT('',(0.4,43.725,3.2));
#6044=CARTESIAN_POINT('',(0.4,29.3,17.3));
#6045=CARTESIAN_POINT('',(0.4,29.3,1.8));
#6046=CARTESIAN_POINT('',(0.4,43.725,17.3));
#6047=CARTESIAN_POINT('',(0.4,32.2,17.3));
#6048=CARTESIAN_POINT('',(0.4,32.2,3.2));
#6049=CARTESIAN_POINT('',(0.4,32.2,1.8));
#6050=CARTESIAN_POINT('',(0.4,33.1,3.2));
#6051=CARTESIAN_POINT('',(0.4,45.625,3.2));
#6052=CARTESIAN_POINT('',(0.4,33.1,17.3));
#6053=CARTESIAN_POINT('',(0.4,33.1,1.8));
#6054=CARTESIAN_POINT('',(0.4,45.625,17.3));
#6055=CARTESIAN_POINT('',(0.4,36.,17.3));
#6056=CARTESIAN_POINT('',(0.4,36.,3.2));
#6057=CARTESIAN_POINT('',(0.4,36.,1.8));
#6058=CARTESIAN_POINT('',(0.4,36.9,3.2));
#6059=CARTESIAN_POINT('',(0.4,47.525,3.2));
#6060=CARTESIAN_POINT('',(0.4,36.9,17.3));
#6061=CARTESIAN_POINT('',(0.4,36.9,1.8));
#6062=CARTESIAN_POINT('',(0.4,47.525,17.3));
#6063=CARTESIAN_POINT('Origin',(47.,29.5,24.));
#6064=CARTESIAN_POINT('',(90.6,0.4,24.));
#6065=CARTESIAN_POINT('',(0.4,0.4,24.));
#6066=CARTESIAN_POINT('',(93.6,3.4,24.));
#6067=CARTESIAN_POINT('Origin',(90.6,3.4,24.));
#6068=CARTESIAN_POINT('',(93.6,55.6,24.));
#6069=CARTESIAN_POINT('',(93.6,0.4,24.));
#6070=CARTESIAN_POINT('',(90.6,58.6,24.));
#6071=CARTESIAN_POINT('Origin',(90.6,55.6,24.));
#6072=CARTESIAN_POINT('',(3.4,58.6,24.));
#6073=CARTESIAN_POINT('',(93.6,58.6,24.));
#6074=CARTESIAN_POINT('Origin',(3.4,55.6,24.));
#6075=CARTESIAN_POINT('Origin',(90.6,3.4,0.4));
#6076=CARTESIAN_POINT('',(90.6,0.4,0.4));
#6077=CARTESIAN_POINT('',(90.6,0.4,0.4));
#6078=CARTESIAN_POINT('',(93.6,3.4,0.4));
#6079=CARTESIAN_POINT('Origin',(90.6,3.4,0.4));
#6080=CARTESIAN_POINT('',(93.6,3.4,0.4));
#6081=CARTESIAN_POINT('Origin',(93.6,0.4,0.4));
#6082=CARTESIAN_POINT('',(93.6,55.6,0.4));
#6083=CARTESIAN_POINT('',(93.6,0.4,0.4));
#6084=CARTESIAN_POINT('',(93.6,55.6,0.4));
#6085=CARTESIAN_POINT('',(93.6,12.75,3.7));
#6086=CARTESIAN_POINT('',(93.6,12.75,11.));
#6087=CARTESIAN_POINT('',(93.6,12.75,2.05));
#6088=CARTESIAN_POINT('',(93.6,25.25,11.));
#6089=CARTESIAN_POINT('',(93.6,9.7,11.));
#6090=CARTESIAN_POINT('',(93.6,25.25,3.7));
#6091=CARTESIAN_POINT('',(93.6,25.25,2.05));
#6092=CARTESIAN_POINT('',(93.6,9.7,3.7));
#6093=CARTESIAN_POINT('Origin',(90.6,55.6,0.4));
#6094=CARTESIAN_POINT('',(90.6,58.6,0.4));
#6095=CARTESIAN_POINT('Origin',(90.6,55.6,0.4));
#6096=CARTESIAN_POINT('',(90.6,58.6,0.4));
#6097=CARTESIAN_POINT('Origin',(3.4,55.6,0.4));
#6098=CARTESIAN_POINT('',(3.4,58.6,0.4));
#6099=CARTESIAN_POINT('',(3.4,58.6,0.4));
#6100=CARTESIAN_POINT('Origin',(3.4,55.6,0.4));
#6101=CARTESIAN_POINT('Origin',(90.3,35.8,2.));
#6102=CARTESIAN_POINT('',(90.3,35.8,7.));
#6103=CARTESIAN_POINT('',(90.3,35.8,7.));
#6104=CARTESIAN_POINT('',(90.3,35.8,2.));
#6105=CARTESIAN_POINT('Origin',(90.3,57.,2.));
#6106=CARTESIAN_POINT('',(90.3,57.,7.));
#6107=CARTESIAN_POINT('Origin',(91.15,46.4,7.));
#6108=CARTESIAN_POINT('Origin',(14.65,46.4,7.));
#6109=CARTESIAN_POINT('',(15.2,54.,7.));
#6110=CARTESIAN_POINT('',(15.2,24.2,7.));
#6111=CARTESIAN_POINT('',(14.,54.,7.));
#6112=CARTESIAN_POINT('',(15.175,54.,7.));
#6113=CARTESIAN_POINT('',(14.,46.,7.));
#6114=CARTESIAN_POINT('',(14.,57.,7.));
#6115=CARTESIAN_POINT('',(15.2,46.,7.));
#6116=CARTESIAN_POINT('',(14.075,46.,7.));
#6117=CARTESIAN_POINT('',(15.2,35.8,7.));
#6118=CARTESIAN_POINT('',(15.2,24.2,7.));
#6119=CARTESIAN_POINT('',(15.3,35.8,7.));
#6120=CARTESIAN_POINT('',(14.,35.8,7.));
#6121=CARTESIAN_POINT('',(15.3,35.8,7.));
#6122=CARTESIAN_POINT('Origin',(15.3,35.8,2.));
#6123=CARTESIAN_POINT('',(15.3,35.8,2.));
#6124=CARTESIAN_POINT('Origin',(14.,35.8,2.));
#6125=CARTESIAN_POINT('',(15.2,35.8,2.));
#6126=CARTESIAN_POINT('Origin',(47.,29.5,2.));
#6127=CARTESIAN_POINT('',(14.,43.25,2.));
#6128=CARTESIAN_POINT('',(3.7,6.2,2.));
#6129=CARTESIAN_POINT('Origin',(6.2,6.2,2.));
#6130=CARTESIAN_POINT('',(3.7,52.8,2.));
#6131=CARTESIAN_POINT('Origin',(6.2,52.8,2.));
#6132=CARTESIAN_POINT('Origin',(14.,57.,2.));
#6133=CARTESIAN_POINT('',(14.,57.,22.3));
#6134=CARTESIAN_POINT('',(14.,54.,8.));
#6135=CARTESIAN_POINT('',(14.,54.,2.));
#6136=CARTESIAN_POINT('',(14.,46.,8.));
#6137=CARTESIAN_POINT('',(14.,53.5,8.));
#6138=CARTESIAN_POINT('',(14.,46.,2.));
#6139=CARTESIAN_POINT('Origin',(13.5,46.,2.));
#6140=CARTESIAN_POINT('',(15.2,46.,8.));
#6141=CARTESIAN_POINT('',(13.5,46.,8.));
#6142=CARTESIAN_POINT('',(15.2,46.,2.));
#6143=CARTESIAN_POINT('Origin',(87.3,37.,2.));
#6144=CARTESIAN_POINT('',(18.3,37.,7.));
#6145=CARTESIAN_POINT('',(18.3,37.,2.));
#6146=CARTESIAN_POINT('',(87.3,37.,7.));
#6147=CARTESIAN_POINT('',(87.3,37.,7.));
#6148=CARTESIAN_POINT('',(87.3,37.,2.));
#6149=CARTESIAN_POINT('Origin',(87.3,35.8,2.));
#6150=CARTESIAN_POINT('',(87.3,35.8,7.));
#6151=CARTESIAN_POINT('',(87.3,35.8,7.));
#6152=CARTESIAN_POINT('',(87.3,35.8,2.));
#6153=CARTESIAN_POINT('Origin',(18.3,35.8,2.));
#6154=CARTESIAN_POINT('',(18.3,35.8,7.));
#6155=CARTESIAN_POINT('',(18.3,35.8,7.));
#6156=CARTESIAN_POINT('',(18.3,35.8,2.));
#6157=CARTESIAN_POINT('Origin',(18.3,37.,2.));
#6158=CARTESIAN_POINT('',(18.3,37.,7.));
#6159=CARTESIAN_POINT('Origin',(52.8,36.4,7.));
#6160=CARTESIAN_POINT('Origin',(52.8,47.,2.));
#6161=CARTESIAN_POINT('',(50.5,47.,2.9));
#6162=CARTESIAN_POINT('Origin',(52.8,47.,2.9));
#6163=CARTESIAN_POINT('',(50.5,47.,2.));
#6164=CARTESIAN_POINT('Origin',(52.8,47.,2.9));
#6165=CARTESIAN_POINT('Origin',(55.2,-0.1,6.4));
#6166=CARTESIAN_POINT('',(55.2,0.4,6.4));
#6167=CARTESIAN_POINT('',(55.2,-0.1,6.4));
#6168=CARTESIAN_POINT('',(55.2,0.4,19.6));
#6169=CARTESIAN_POINT('',(55.2,0.4,3.4));
#6170=CARTESIAN_POINT('',(55.2,-0.1,19.6));
#6171=CARTESIAN_POINT('Origin',(45.6,1.2,19.6));
#6172=CARTESIAN_POINT('',(36.,0.4,19.6));
#6173=CARTESIAN_POINT('',(23.,0.4,19.6));
#6174=CARTESIAN_POINT('',(36.,2.5,19.6));
#6175=CARTESIAN_POINT('Origin',(36.,2.5,6.4));
#6176=CARTESIAN_POINT('',(36.,0.4,6.4));
#6177=CARTESIAN_POINT('',(36.,0.4,3.4));
#6178=CARTESIAN_POINT('',(36.,2.5,6.4));
#6179=CARTESIAN_POINT('Origin',(45.6,1.2,6.4));
#6180=CARTESIAN_POINT('',(23.,0.4,6.4));
#6181=CARTESIAN_POINT('Origin',(32.25,-0.1,4.45));
#6182=CARTESIAN_POINT('',(32.25,0.4,4.45));
#6183=CARTESIAN_POINT('',(32.25,-0.1,4.45));
#6184=CARTESIAN_POINT('',(32.25,0.4,11.75));
#6185=CARTESIAN_POINT('',(32.25,0.4,2.425));
#6186=CARTESIAN_POINT('',(32.25,-0.1,11.75));
#6187=CARTESIAN_POINT('Origin',(26.,1.2,11.75));
#6188=CARTESIAN_POINT('',(19.75,0.4,11.75));
#6189=CARTESIAN_POINT('',(13.2,0.4,11.75));
#6190=CARTESIAN_POINT('',(19.75,2.5,11.75));
#6191=CARTESIAN_POINT('Origin',(19.75,2.5,4.45));
#6192=CARTESIAN_POINT('',(19.75,0.4,4.45));
#6193=CARTESIAN_POINT('',(19.75,0.4,2.425));
#6194=CARTESIAN_POINT('',(19.75,2.5,4.45));
#6195=CARTESIAN_POINT('Origin',(26.,1.2,4.45));
#6196=CARTESIAN_POINT('',(13.2,0.4,4.45));
#6197=CARTESIAN_POINT('Origin',(32.,24.,2.));
#6198=CARTESIAN_POINT('',(30.,24.,5.5));
#6199=CARTESIAN_POINT('',(30.,24.,2.));
#6200=CARTESIAN_POINT('',(32.,24.,5.5));
#6201=CARTESIAN_POINT('',(32.,24.,5.5));
#6202=CARTESIAN_POINT('',(32.,24.,2.));
#6203=CARTESIAN_POINT('Origin',(32.,3.,2.));
#6204=CARTESIAN_POINT('',(32.,3.,5.5));
#6205=CARTESIAN_POINT('',(32.,3.,5.5));
#6206=CARTESIAN_POINT('',(32.,3.,2.));
#6207=CARTESIAN_POINT('Origin',(30.,3.,2.));
#6208=CARTESIAN_POINT('',(30.,3.,5.5));
#6209=CARTESIAN_POINT('',(30.,3.,5.5));
#6210=CARTESIAN_POINT('',(30.,3.,2.));
#6211=CARTESIAN_POINT('Origin',(30.,24.,2.));
#6212=CARTESIAN_POINT('',(30.,24.,5.5));
#6213=CARTESIAN_POINT('Origin',(31.,13.5,5.5));
#6214=CARTESIAN_POINT('Origin',(22.,24.,2.));
#6215=CARTESIAN_POINT('',(20.,24.,5.5));
#6216=CARTESIAN_POINT('',(20.,24.,2.));
#6217=CARTESIAN_POINT('',(22.,24.,5.5));
#6218=CARTESIAN_POINT('',(22.,24.,5.5));
#6219=CARTESIAN_POINT('',(22.,24.,2.));
#6220=CARTESIAN_POINT('Origin',(22.,3.,2.));
#6221=CARTESIAN_POINT('',(22.,3.,5.5));
#6222=CARTESIAN_POINT('',(22.,3.,5.5));
#6223=CARTESIAN_POINT('',(22.,3.,2.));
#6224=CARTESIAN_POINT('Origin',(20.,3.,2.));
#6225=CARTESIAN_POINT('',(20.,3.,5.5));
#6226=CARTESIAN_POINT('',(20.,3.,5.5));
#6227=CARTESIAN_POINT('',(20.,3.,2.));
#6228=CARTESIAN_POINT('Origin',(20.,24.,2.));
#6229=CARTESIAN_POINT('',(20.,24.,5.5));
#6230=CARTESIAN_POINT('Origin',(21.,13.5,5.5));
#6231=CARTESIAN_POINT('Origin',(94.1,25.25,3.7));
#6232=CARTESIAN_POINT('',(94.1,25.25,3.7));
#6233=CARTESIAN_POINT('',(94.1,25.25,11.));
#6234=CARTESIAN_POINT('Origin',(92.8,19.,11.));
#6235=CARTESIAN_POINT('',(91.5,12.75,11.));
#6236=CARTESIAN_POINT('Origin',(91.5,12.75,3.7));
#6237=CARTESIAN_POINT('',(91.5,12.75,3.7));
#6238=CARTESIAN_POINT('Origin',(92.8,19.,3.7));
#6239=CARTESIAN_POINT('Origin',(91.5,28.,2.));
#6240=CARTESIAN_POINT('',(91.5,28.,4.));
#6241=CARTESIAN_POINT('',(91.5,28.,4.));
#6242=CARTESIAN_POINT('',(91.5,28.,2.));
#6243=CARTESIAN_POINT('Origin',(91.5,26.,2.));
#6244=CARTESIAN_POINT('',(91.5,26.,4.));
#6245=CARTESIAN_POINT('',(91.5,26.,4.));
#6246=CARTESIAN_POINT('',(91.5,26.,2.));
#6247=CARTESIAN_POINT('Origin',(64.5,26.,2.));
#6248=CARTESIAN_POINT('',(64.5,26.,4.));
#6249=CARTESIAN_POINT('Origin',(78.,27.,4.));
#6250=CARTESIAN_POINT('Origin',(91.5,12.,2.));
#6251=CARTESIAN_POINT('',(91.5,12.,4.));
#6252=CARTESIAN_POINT('',(91.5,12.,4.));
#6253=CARTESIAN_POINT('',(91.5,12.,2.));
#6254=CARTESIAN_POINT('Origin',(91.5,10.,2.));
#6255=CARTESIAN_POINT('',(91.5,10.,4.));
#6256=CARTESIAN_POINT('Origin',(78.,11.,4.));
#6257=CARTESIAN_POINT('Origin',(15.7,54.,2.));
#6258=CARTESIAN_POINT('',(15.2,54.,8.));
#6259=CARTESIAN_POINT('',(15.2,54.,2.));
#6260=CARTESIAN_POINT('',(15.7,54.,8.));
#6261=CARTESIAN_POINT('Origin',(14.6,50.,8.));
#6262=CARTESIAN_POINT('',(15.2,26.,8.));
#6263=CARTESIAN_POINT('Origin',(15.2,2.,2.));
#6264=CARTESIAN_POINT('',(15.2,2.,22.3));
#6265=CARTESIAN_POINT('Origin',(14.6,29.5,22.3));
#6266=CARTESIAN_POINT('Origin',(2.5,36.9,3.2));
#6267=CARTESIAN_POINT('',(2.5,36.9,17.3));
#6268=CARTESIAN_POINT('',(2.5,36.9,3.2));
#6269=CARTESIAN_POINT('Origin',(1.2,36.45,3.2));
#6270=CARTESIAN_POINT('',(-0.1,36.,3.2));
#6271=CARTESIAN_POINT('Origin',(-0.1,36.,3.2));
#6272=CARTESIAN_POINT('',(-0.1,36.,17.3));
#6273=CARTESIAN_POINT('Origin',(1.2,36.45,17.3));
#6274=CARTESIAN_POINT('Origin',(2.5,33.1,3.2));
#6275=CARTESIAN_POINT('',(2.5,33.1,17.3));
#6276=CARTESIAN_POINT('',(2.5,33.1,3.2));
#6277=CARTESIAN_POINT('Origin',(1.2,32.65,3.2));
#6278=CARTESIAN_POINT('',(-0.1,32.2,3.2));
#6279=CARTESIAN_POINT('Origin',(-0.1,32.2,3.2));
#6280=CARTESIAN_POINT('',(-0.1,32.2,17.3));
#6281=CARTESIAN_POINT('Origin',(1.2,32.65,17.3));
#6282=CARTESIAN_POINT('Origin',(2.5,29.3,3.2));
#6283=CARTESIAN_POINT('',(2.5,29.3,17.3));
#6284=CARTESIAN_POINT('',(2.5,29.3,3.2));
#6285=CARTESIAN_POINT('Origin',(1.2,28.85,3.2));
#6286=CARTESIAN_POINT('',(-0.1,28.4,3.2));
#6287=CARTESIAN_POINT('Origin',(-0.1,28.4,3.2));
#6288=CARTESIAN_POINT('',(-0.1,28.4,17.3));
#6289=CARTESIAN_POINT('Origin',(1.2,28.85,17.3));
#6290=CARTESIAN_POINT('Origin',(2.5,27.4,3.2));
#6291=CARTESIAN_POINT('',(2.5,27.4,17.3));
#6292=CARTESIAN_POINT('',(2.5,27.4,3.2));
#6293=CARTESIAN_POINT('Origin',(1.2,26.95,3.2));
#6294=CARTESIAN_POINT('',(-0.1,26.5,3.2));
#6295=CARTESIAN_POINT('Origin',(-0.1,26.5,3.2));
#6296=CARTESIAN_POINT('',(-0.1,26.5,17.3));
#6297=CARTESIAN_POINT('Origin',(1.2,26.95,17.3));
#6298=CARTESIAN_POINT('Origin',(2.5,23.6,3.2));
#6299=CARTESIAN_POINT('',(2.5,23.6,17.3));
#6300=CARTESIAN_POINT('',(2.5,23.6,3.2));
#6301=CARTESIAN_POINT('Origin',(1.2,23.15,3.2));
#6302=CARTESIAN_POINT('',(-0.1,22.7,3.2));
#6303=CARTESIAN_POINT('Origin',(-0.1,22.7,3.2));
#6304=CARTESIAN_POINT('',(-0.1,22.7,17.3));
#6305=CARTESIAN_POINT('Origin',(1.2,23.15,17.3));
#6306=CARTESIAN_POINT('Origin',(2.5,19.8,3.2));
#6307=CARTESIAN_POINT('',(2.5,19.8,17.3));
#6308=CARTESIAN_POINT('',(2.5,19.8,3.2));
#6309=CARTESIAN_POINT('Origin',(1.2,19.35,3.2));
#6310=CARTESIAN_POINT('',(-0.1,18.9,3.2));
#6311=CARTESIAN_POINT('Origin',(-0.1,18.9,3.2));
#6312=CARTESIAN_POINT('',(-0.1,18.9,17.3));
#6313=CARTESIAN_POINT('Origin',(1.2,19.35,17.3));
#6314=CARTESIAN_POINT('Origin',(2.5,21.7,3.2));
#6315=CARTESIAN_POINT('',(2.5,21.7,17.3));
#6316=CARTESIAN_POINT('',(2.5,21.7,3.2));
#6317=CARTESIAN_POINT('Origin',(1.2,21.25,3.2));
#6318=CARTESIAN_POINT('',(-0.1,20.8,3.2));
#6319=CARTESIAN_POINT('Origin',(-0.1,20.8,3.2));
#6320=CARTESIAN_POINT('',(-0.1,20.8,17.3));
#6321=CARTESIAN_POINT('Origin',(1.2,21.25,17.3));
#6322=CARTESIAN_POINT('Origin',(2.5,25.5,3.2));
#6323=CARTESIAN_POINT('',(2.5,25.5,17.3));
#6324=CARTESIAN_POINT('',(2.5,25.5,3.2));
#6325=CARTESIAN_POINT('Origin',(1.2,25.05,3.2));
#6326=CARTESIAN_POINT('',(-0.1,24.6,3.2));
#6327=CARTESIAN_POINT('Origin',(-0.1,24.6,3.2));
#6328=CARTESIAN_POINT('',(-0.1,24.6,17.3));
#6329=CARTESIAN_POINT('Origin',(1.2,25.05,17.3));
#6330=CARTESIAN_POINT('Origin',(2.5,17.9,3.2));
#6331=CARTESIAN_POINT('',(2.5,17.9,17.3));
#6332=CARTESIAN_POINT('',(2.5,17.9,3.2));
#6333=CARTESIAN_POINT('Origin',(1.2,17.45,3.2));
#6334=CARTESIAN_POINT('',(-0.1,17.,3.2));
#6335=CARTESIAN_POINT('Origin',(-0.1,17.,3.2));
#6336=CARTESIAN_POINT('',(-0.1,17.,17.3));
#6337=CARTESIAN_POINT('Origin',(1.2,17.45,17.3));
#6338=CARTESIAN_POINT('Origin',(2.5,31.2,3.2));
#6339=CARTESIAN_POINT('',(2.5,31.2,17.3));
#6340=CARTESIAN_POINT('',(2.5,31.2,3.2));
#6341=CARTESIAN_POINT('Origin',(1.2,30.75,3.2));
#6342=CARTESIAN_POINT('',(-0.1,30.3,3.2));
#6343=CARTESIAN_POINT('Origin',(-0.1,30.3,3.2));
#6344=CARTESIAN_POINT('',(-0.1,30.3,17.3));
#6345=CARTESIAN_POINT('Origin',(1.2,30.75,17.3));
#6346=CARTESIAN_POINT('Origin',(2.5,35.,3.2));
#6347=CARTESIAN_POINT('',(2.5,35.,17.3));
#6348=CARTESIAN_POINT('',(2.5,35.,3.2));
#6349=CARTESIAN_POINT('Origin',(1.2,34.55,3.2));
#6350=CARTESIAN_POINT('',(-0.1,34.1,3.2));
#6351=CARTESIAN_POINT('Origin',(-0.1,34.1,3.2));
#6352=CARTESIAN_POINT('',(-0.1,34.1,17.3));
#6353=CARTESIAN_POINT('Origin',(1.2,34.55,17.3));
#6354=CARTESIAN_POINT('Origin',(2.5,38.8,3.2));
#6355=CARTESIAN_POINT('',(2.5,38.8,17.3));
#6356=CARTESIAN_POINT('',(2.5,38.8,3.2));
#6357=CARTESIAN_POINT('Origin',(1.2,38.35,3.2));
#6358=CARTESIAN_POINT('',(-0.1,37.9,3.2));
#6359=CARTESIAN_POINT('Origin',(-0.1,37.9,3.2));
#6360=CARTESIAN_POINT('',(-0.1,37.9,17.3));
#6361=CARTESIAN_POINT('Origin',(1.2,38.35,17.3));
#6362=CARTESIAN_POINT('Origin',(87.8,32.,16.));
#6363=CARTESIAN_POINT('',(87.,32.,16.));
#6364=CARTESIAN_POINT('Origin',(87.8,32.,16.));
#6365=CARTESIAN_POINT('',(87.,32.,24.));
#6366=CARTESIAN_POINT('',(87.,32.,16.));
#6367=CARTESIAN_POINT('Origin',(87.8,32.,24.));
#6368=CARTESIAN_POINT('Origin',(87.8,32.,16.));
#6369=CARTESIAN_POINT('Origin',(87.8,32.,2.));
#6370=CARTESIAN_POINT('',(85.3,32.,24.));
#6371=CARTESIAN_POINT('Origin',(87.8,32.,24.));
#6372=CARTESIAN_POINT('',(85.3,32.,2.));
#6373=CARTESIAN_POINT('Origin',(87.8,32.,24.));
#6374=CARTESIAN_POINT('Origin',(6.2,52.8,16.));
#6375=CARTESIAN_POINT('',(5.4,52.8,16.));
#6376=CARTESIAN_POINT('Origin',(6.2,52.8,16.));
#6377=CARTESIAN_POINT('',(5.4,52.8,24.));
#6378=CARTESIAN_POINT('',(5.4,52.8,16.));
#6379=CARTESIAN_POINT('Origin',(6.2,52.8,24.));
#6380=CARTESIAN_POINT('Origin',(6.2,52.8,16.));
#6381=CARTESIAN_POINT('Origin',(6.2,52.8,2.));
#6382=CARTESIAN_POINT('',(3.7,52.8,24.));
#6383=CARTESIAN_POINT('Origin',(6.2,52.8,24.));
#6384=CARTESIAN_POINT('',(3.7,52.8,2.));
#6385=CARTESIAN_POINT('Origin',(6.2,52.8,24.));
#6386=CARTESIAN_POINT('Origin',(87.8,6.2,16.));
#6387=CARTESIAN_POINT('',(87.,6.2,16.));
#6388=CARTESIAN_POINT('Origin',(87.8,6.2,16.));
#6389=CARTESIAN_POINT('',(87.,6.2,24.));
#6390=CARTESIAN_POINT('',(87.,6.2,16.));
#6391=CARTESIAN_POINT('Origin',(87.8,6.2,24.));
#6392=CARTESIAN_POINT('Origin',(87.8,6.2,16.));
#6393=CARTESIAN_POINT('Origin',(87.8,6.2,2.));
#6394=CARTESIAN_POINT('',(85.3,6.2,24.));
#6395=CARTESIAN_POINT('Origin',(87.8,6.2,24.));
#6396=CARTESIAN_POINT('',(85.3,6.2,2.));
#6397=CARTESIAN_POINT('Origin',(87.8,6.2,24.));
#6398=CARTESIAN_POINT('Origin',(6.2,6.2,16.));
#6399=CARTESIAN_POINT('',(5.4,6.2,16.));
#6400=CARTESIAN_POINT('Origin',(6.2,6.2,16.));
#6401=CARTESIAN_POINT('',(5.4,6.2,24.));
#6402=CARTESIAN_POINT('',(5.4,6.2,16.));
#6403=CARTESIAN_POINT('Origin',(6.2,6.2,24.));
#6404=CARTESIAN_POINT('Origin',(6.2,6.2,16.));
#6405=CARTESIAN_POINT('Origin',(6.2,6.2,2.));
#6406=CARTESIAN_POINT('',(3.7,6.2,24.));
#6407=CARTESIAN_POINT('Origin',(6.2,6.2,24.));
#6408=CARTESIAN_POINT('',(3.7,6.2,2.));
#6409=CARTESIAN_POINT('Origin',(6.2,6.2,24.));
#6410=CARTESIAN_POINT('Origin',(93.6,58.6,0.4));
#6411=CARTESIAN_POINT('',(93.6,58.6,0.4));
#6412=CARTESIAN_POINT('Origin',(0.4,0.4,0.4));
#6413=CARTESIAN_POINT('',(0.4,0.4,0.4));
#6414=CARTESIAN_POINT('Origin',(47.,29.5,0.4));
#6415=UNCERTAINTY_MEASURE_WITH_UNIT(LENGTH_MEASURE(0.01),#6419,
'DISTANCE_ACCURACY_VALUE',
'Maximum model space distance between geometric entities at asserted c
onnectivities');
#6416=UNCERTAINTY_MEASURE_WITH_UNIT(LENGTH_MEASURE(0.01),#6419,
'DISTANCE_ACCURACY_VALUE',
'Maximum model space distance between geometric entities at asserted c
onnectivities');
#6417=(
GEOMETRIC_REPRESENTATION_CONTEXT(3)
GLOBAL_UNCERTAINTY_ASSIGNED_CONTEXT((#6415))
GLOBAL_UNIT_ASSIGNED_CONTEXT((#6419,#6421,#6422))
REPRESENTATION_CONTEXT('','3D')
);
#6418=(
GEOMETRIC_REPRESENTATION_CONTEXT(3)
GLOBAL_UNCERTAINTY_ASSIGNED_CONTEXT((#6416))
GLOBAL_UNIT_ASSIGNED_CONTEXT((#6419,#6421,#6422))
REPRESENTATION_CONTEXT('','3D')
);
#6419=(
LENGTH_UNIT()
NAMED_UNIT(*)
SI_UNIT(.MILLI.,.METRE.)
);
#6420=(
LENGTH_UNIT()
NAMED_UNIT(*)
SI_UNIT($,.METRE.)
);
#6421=(
NAMED_UNIT(*)
PLANE_ANGLE_UNIT()
SI_UNIT($,.RADIAN.)
);
#6422=(
NAMED_UNIT(*)
SI_UNIT($,.STERADIAN.)
SOLID_ANGLE_UNIT()
);
#6423=SHAPE_DEFINITION_REPRESENTATION(#6424,#6425);
#6424=PRODUCT_DEFINITION_SHAPE('',$,#6427);
#6425=SHAPE_REPRESENTATION('',(#4047),#6417);
#6426=PRODUCT_DEFINITION_CONTEXT('part definition',#6431,'design');
#6427=PRODUCT_DEFINITION('2026-10-02-17-14-14-038','Base',#6428,
#6426);
#6428=PRODUCT_DEFINITION_FORMATION('',$,#6433);
#6429=PRODUCT_RELATED_PRODUCT_CATEGORY('Base',
'Base',(#6433));
#6430=APPLICATION_PROTOCOL_DEFINITION('international standard',
'automotive_design',2009,#6431);
#6431=APPLICATION_CONTEXT(
'Core Data for Automotive Mechanical Design Process');
#6432=PRODUCT_CONTEXT('part definition',#6431,'mechanical');
#6433=PRODUCT('2026-10-02-17-14-14-038','Base',$,(#6432));
#6434=PRESENTATION_STYLE_ASSIGNMENT((#6435));
#6435=SURFACE_STYLE_USAGE(.BOTH.,#6436);
#6436=SURFACE_SIDE_STYLE('',(#6437));
#6437=SURFACE_STYLE_FILL_AREA(#6438);
#6438=FILL_AREA_STYLE('\X\C7elik - Saten',(#6439));
#6439=FILL_AREA_STYLE_COLOUR('\X\C7elik - Saten',#6440);
#6440=COLOUR_RGB('\X\C7elik - Saten',0.627450980392157,0.627450980392157,
0.627450980392157);
ENDSEC;
END-ISO-10303-21;
