ISO-10303-21;
HEADER;
/* Generated by software containing ST-Developer
 * from STEP Tools, Inc. (www.steptools.com) 
 */

FILE_DESCRIPTION(
/* description */ (''),
/* implementation_level */ '2;1');

FILE_NAME(
/* name */ 'Lid.step',
/* time_stamp */ '2026-10-02T17:14:14+03:00',
/* author */ (''),
/* organization */ (''),
/* preprocessor_version */ 'ST-DEVELOPER v20.2',
/* originating_system */ 'Autodesk Translation Framework v15.15.0.0',
/* authorisation */ '');

FILE_SCHEMA (('AUTOMOTIVE_DESIGN { 1 0 10303 214 3 1 1 }'));
ENDSEC;

DATA;
#10=MECHANICAL_DESIGN_GEOMETRIC_PRESENTATION_REPRESENTATION('',(#13),#3439);
#11=SHAPE_REPRESENTATION_RELATIONSHIP('SRR','None',#3446,#12);
#12=ADVANCED_BREP_SHAPE_REPRESENTATION('',(#14),#3438);
#13=STYLED_ITEM('',(#3455),#14);
#14=MANIFOLD_SOLID_BREP('Lid',#2139);
#15=FACE_BOUND('',#264,.T.);
#16=FACE_BOUND('',#273,.T.);
#17=FACE_BOUND('',#344,.T.);
#18=FACE_BOUND('',#349,.T.);
#19=FACE_BOUND('',#354,.T.);
#20=FACE_BOUND('',#359,.T.);
#21=FACE_BOUND('',#374,.T.);
#22=FACE_BOUND('',#375,.T.);
#23=FACE_BOUND('',#376,.T.);
#24=FACE_BOUND('',#377,.T.);
#25=FACE_BOUND('',#378,.T.);
#26=FACE_BOUND('',#379,.T.);
#27=FACE_BOUND('',#380,.T.);
#28=FACE_BOUND('',#381,.T.);
#29=FACE_BOUND('',#382,.T.);
#30=FACE_BOUND('',#383,.T.);
#31=FACE_BOUND('',#384,.T.);
#32=FACE_BOUND('',#385,.T.);
#33=FACE_BOUND('',#386,.T.);
#34=FACE_BOUND('',#387,.T.);
#35=FACE_BOUND('',#388,.T.);
#36=FACE_BOUND('',#389,.T.);
#37=FACE_BOUND('',#390,.T.);
#38=FACE_BOUND('',#391,.T.);
#39=FACE_BOUND('',#392,.T.);
#40=FACE_BOUND('',#393,.T.);
#41=FACE_BOUND('',#395,.T.);
#42=FACE_BOUND('',#396,.T.);
#43=FACE_BOUND('',#397,.T.);
#44=FACE_BOUND('',#398,.T.);
#45=FACE_BOUND('',#399,.T.);
#46=FACE_BOUND('',#400,.T.);
#47=FACE_BOUND('',#401,.T.);
#48=FACE_BOUND('',#402,.T.);
#49=FACE_BOUND('',#403,.T.);
#50=FACE_BOUND('',#404,.T.);
#51=FACE_BOUND('',#405,.T.);
#52=FACE_BOUND('',#406,.T.);
#53=FACE_BOUND('',#407,.T.);
#54=FACE_BOUND('',#408,.T.);
#55=FACE_BOUND('',#409,.T.);
#56=FACE_BOUND('',#410,.T.);
#57=FACE_BOUND('',#411,.T.);
#58=FACE_BOUND('',#412,.T.);
#59=FACE_BOUND('',#413,.T.);
#60=FACE_BOUND('',#414,.T.);
#61=FACE_BOUND('',#415,.T.);
#62=FACE_BOUND('',#416,.T.);
#63=FACE_BOUND('',#417,.T.);
#64=FACE_BOUND('',#418,.T.);
#65=PLANE('',#2156);
#66=PLANE('',#2157);
#67=PLANE('',#2163);
#68=PLANE('',#2166);
#69=PLANE('',#2172);
#70=PLANE('',#2173);
#71=PLANE('',#2179);
#72=PLANE('',#2182);
#73=PLANE('',#2185);
#74=PLANE('',#2186);
#75=PLANE('',#2187);
#76=PLANE('',#2188);
#77=PLANE('',#2189);
#78=PLANE('',#2190);
#79=PLANE('',#2191);
#80=PLANE('',#2192);
#81=PLANE('',#2193);
#82=PLANE('',#2194);
#83=PLANE('',#2195);
#84=PLANE('',#2196);
#85=PLANE('',#2197);
#86=PLANE('',#2198);
#87=PLANE('',#2199);
#88=PLANE('',#2200);
#89=PLANE('',#2201);
#90=PLANE('',#2202);
#91=PLANE('',#2203);
#92=PLANE('',#2204);
#93=PLANE('',#2205);
#94=PLANE('',#2206);
#95=PLANE('',#2207);
#96=PLANE('',#2208);
#97=PLANE('',#2209);
#98=PLANE('',#2210);
#99=PLANE('',#2211);
#100=PLANE('',#2212);
#101=PLANE('',#2213);
#102=PLANE('',#2214);
#103=PLANE('',#2215);
#104=PLANE('',#2216);
#105=PLANE('',#2217);
#106=PLANE('',#2218);
#107=PLANE('',#2219);
#108=PLANE('',#2220);
#109=PLANE('',#2221);
#110=PLANE('',#2222);
#111=PLANE('',#2223);
#112=PLANE('',#2224);
#113=PLANE('',#2225);
#114=PLANE('',#2226);
#115=PLANE('',#2227);
#116=PLANE('',#2228);
#117=PLANE('',#2229);
#118=PLANE('',#2230);
#119=PLANE('',#2231);
#120=PLANE('',#2232);
#121=PLANE('',#2233);
#122=PLANE('',#2234);
#123=PLANE('',#2235);
#124=PLANE('',#2236);
#125=PLANE('',#2237);
#126=PLANE('',#2238);
#127=PLANE('',#2239);
#128=PLANE('',#2240);
#129=PLANE('',#2241);
#130=PLANE('',#2242);
#131=PLANE('',#2243);
#132=PLANE('',#2244);
#133=PLANE('',#2245);
#134=PLANE('',#2249);
#135=PLANE('',#2253);
#136=PLANE('',#2257);
#137=PLANE('',#2261);
#138=PLANE('',#2265);
#139=PLANE('',#2269);
#140=PLANE('',#2273);
#141=PLANE('',#2277);
#142=PLANE('',#2278);
#143=PLANE('',#2279);
#144=PLANE('',#2280);
#145=PLANE('',#2281);
#146=PLANE('',#2294);
#147=PLANE('',#2295);
#148=PLANE('',#2296);
#149=PLANE('',#2297);
#150=PLANE('',#2298);
#151=PLANE('',#2299);
#152=PLANE('',#2300);
#153=FACE_OUTER_BOUND('',#261,.T.);
#154=FACE_OUTER_BOUND('',#262,.T.);
#155=FACE_OUTER_BOUND('',#263,.T.);
#156=FACE_OUTER_BOUND('',#265,.T.);
#157=FACE_OUTER_BOUND('',#266,.T.);
#158=FACE_OUTER_BOUND('',#267,.T.);
#159=FACE_OUTER_BOUND('',#268,.T.);
#160=FACE_OUTER_BOUND('',#269,.T.);
#161=FACE_OUTER_BOUND('',#270,.T.);
#162=FACE_OUTER_BOUND('',#271,.T.);
#163=FACE_OUTER_BOUND('',#272,.T.);
#164=FACE_OUTER_BOUND('',#274,.T.);
#165=FACE_OUTER_BOUND('',#275,.T.);
#166=FACE_OUTER_BOUND('',#276,.T.);
#167=FACE_OUTER_BOUND('',#277,.T.);
#168=FACE_OUTER_BOUND('',#278,.T.);
#169=FACE_OUTER_BOUND('',#279,.T.);
#170=FACE_OUTER_BOUND('',#280,.T.);
#171=FACE_OUTER_BOUND('',#281,.T.);
#172=FACE_OUTER_BOUND('',#282,.T.);
#173=FACE_OUTER_BOUND('',#283,.T.);
#174=FACE_OUTER_BOUND('',#284,.T.);
#175=FACE_OUTER_BOUND('',#285,.T.);
#176=FACE_OUTER_BOUND('',#286,.T.);
#177=FACE_OUTER_BOUND('',#287,.T.);
#178=FACE_OUTER_BOUND('',#288,.T.);
#179=FACE_OUTER_BOUND('',#289,.T.);
#180=FACE_OUTER_BOUND('',#290,.T.);
#181=FACE_OUTER_BOUND('',#291,.T.);
#182=FACE_OUTER_BOUND('',#292,.T.);
#183=FACE_OUTER_BOUND('',#293,.T.);
#184=FACE_OUTER_BOUND('',#294,.T.);
#185=FACE_OUTER_BOUND('',#295,.T.);
#186=FACE_OUTER_BOUND('',#296,.T.);
#187=FACE_OUTER_BOUND('',#297,.T.);
#188=FACE_OUTER_BOUND('',#298,.T.);
#189=FACE_OUTER_BOUND('',#299,.T.);
#190=FACE_OUTER_BOUND('',#300,.T.);
#191=FACE_OUTER_BOUND('',#301,.T.);
#192=FACE_OUTER_BOUND('',#302,.T.);
#193=FACE_OUTER_BOUND('',#303,.T.);
#194=FACE_OUTER_BOUND('',#304,.T.);
#195=FACE_OUTER_BOUND('',#305,.T.);
#196=FACE_OUTER_BOUND('',#306,.T.);
#197=FACE_OUTER_BOUND('',#307,.T.);
#198=FACE_OUTER_BOUND('',#308,.T.);
#199=FACE_OUTER_BOUND('',#309,.T.);
#200=FACE_OUTER_BOUND('',#310,.T.);
#201=FACE_OUTER_BOUND('',#311,.T.);
#202=FACE_OUTER_BOUND('',#312,.T.);
#203=FACE_OUTER_BOUND('',#313,.T.);
#204=FACE_OUTER_BOUND('',#314,.T.);
#205=FACE_OUTER_BOUND('',#315,.T.);
#206=FACE_OUTER_BOUND('',#316,.T.);
#207=FACE_OUTER_BOUND('',#317,.T.);
#208=FACE_OUTER_BOUND('',#318,.T.);
#209=FACE_OUTER_BOUND('',#319,.T.);
#210=FACE_OUTER_BOUND('',#320,.T.);
#211=FACE_OUTER_BOUND('',#321,.T.);
#212=FACE_OUTER_BOUND('',#322,.T.);
#213=FACE_OUTER_BOUND('',#323,.T.);
#214=FACE_OUTER_BOUND('',#324,.T.);
#215=FACE_OUTER_BOUND('',#325,.T.);
#216=FACE_OUTER_BOUND('',#326,.T.);
#217=FACE_OUTER_BOUND('',#327,.T.);
#218=FACE_OUTER_BOUND('',#328,.T.);
#219=FACE_OUTER_BOUND('',#329,.T.);
#220=FACE_OUTER_BOUND('',#330,.T.);
#221=FACE_OUTER_BOUND('',#331,.T.);
#222=FACE_OUTER_BOUND('',#332,.T.);
#223=FACE_OUTER_BOUND('',#333,.T.);
#224=FACE_OUTER_BOUND('',#334,.T.);
#225=FACE_OUTER_BOUND('',#335,.T.);
#226=FACE_OUTER_BOUND('',#336,.T.);
#227=FACE_OUTER_BOUND('',#337,.T.);
#228=FACE_OUTER_BOUND('',#338,.T.);
#229=FACE_OUTER_BOUND('',#339,.T.);
#230=FACE_OUTER_BOUND('',#340,.T.);
#231=FACE_OUTER_BOUND('',#341,.T.);
#232=FACE_OUTER_BOUND('',#342,.T.);
#233=FACE_OUTER_BOUND('',#343,.T.);
#234=FACE_OUTER_BOUND('',#345,.T.);
#235=FACE_OUTER_BOUND('',#346,.T.);
#236=FACE_OUTER_BOUND('',#347,.T.);
#237=FACE_OUTER_BOUND('',#348,.T.);
#238=FACE_OUTER_BOUND('',#350,.T.);
#239=FACE_OUTER_BOUND('',#351,.T.);
#240=FACE_OUTER_BOUND('',#352,.T.);
#241=FACE_OUTER_BOUND('',#353,.T.);
#242=FACE_OUTER_BOUND('',#355,.T.);
#243=FACE_OUTER_BOUND('',#356,.T.);
#244=FACE_OUTER_BOUND('',#357,.T.);
#245=FACE_OUTER_BOUND('',#358,.T.);
#246=FACE_OUTER_BOUND('',#360,.T.);
#247=FACE_OUTER_BOUND('',#361,.T.);
#248=FACE_OUTER_BOUND('',#362,.T.);
#249=FACE_OUTER_BOUND('',#363,.T.);
#250=FACE_OUTER_BOUND('',#364,.T.);
#251=FACE_OUTER_BOUND('',#365,.T.);
#252=FACE_OUTER_BOUND('',#366,.T.);
#253=FACE_OUTER_BOUND('',#367,.T.);
#254=FACE_OUTER_BOUND('',#368,.T.);
#255=FACE_OUTER_BOUND('',#369,.T.);
#256=FACE_OUTER_BOUND('',#370,.T.);
#257=FACE_OUTER_BOUND('',#371,.T.);
#258=FACE_OUTER_BOUND('',#372,.T.);
#259=FACE_OUTER_BOUND('',#373,.T.);
#260=FACE_OUTER_BOUND('',#394,.T.);
#261=EDGE_LOOP('',(#1435,#1436,#1437,#1438));
#262=EDGE_LOOP('',(#1439,#1440,#1441,#1442));
#263=EDGE_LOOP('',(#1443,#1444,#1445,#1446,#1447,#1448,#1449,#1450));
#264=EDGE_LOOP('',(#1451,#1452,#1453,#1454));
#265=EDGE_LOOP('',(#1455,#1456,#1457,#1458));
#266=EDGE_LOOP('',(#1459,#1460,#1461,#1462));
#267=EDGE_LOOP('',(#1463,#1464,#1465,#1466));
#268=EDGE_LOOP('',(#1467,#1468,#1469,#1470));
#269=EDGE_LOOP('',(#1471,#1472,#1473,#1474));
#270=EDGE_LOOP('',(#1475,#1476,#1477,#1478));
#271=EDGE_LOOP('',(#1479,#1480,#1481,#1482));
#272=EDGE_LOOP('',(#1483,#1484,#1485,#1486,#1487,#1488,#1489,#1490));
#273=EDGE_LOOP('',(#1491,#1492,#1493,#1494,#1495,#1496,#1497,#1498));
#274=EDGE_LOOP('',(#1499,#1500,#1501,#1502));
#275=EDGE_LOOP('',(#1503,#1504,#1505,#1506));
#276=EDGE_LOOP('',(#1507,#1508,#1509,#1510));
#277=EDGE_LOOP('',(#1511,#1512,#1513,#1514));
#278=EDGE_LOOP('',(#1515,#1516,#1517,#1518));
#279=EDGE_LOOP('',(#1519,#1520,#1521,#1522));
#280=EDGE_LOOP('',(#1523,#1524,#1525,#1526));
#281=EDGE_LOOP('',(#1527,#1528,#1529,#1530));
#282=EDGE_LOOP('',(#1531,#1532,#1533,#1534));
#283=EDGE_LOOP('',(#1535,#1536,#1537,#1538));
#284=EDGE_LOOP('',(#1539,#1540,#1541,#1542));
#285=EDGE_LOOP('',(#1543,#1544,#1545,#1546));
#286=EDGE_LOOP('',(#1547,#1548,#1549,#1550));
#287=EDGE_LOOP('',(#1551,#1552,#1553,#1554));
#288=EDGE_LOOP('',(#1555,#1556,#1557,#1558));
#289=EDGE_LOOP('',(#1559,#1560,#1561,#1562));
#290=EDGE_LOOP('',(#1563,#1564,#1565,#1566));
#291=EDGE_LOOP('',(#1567,#1568,#1569,#1570));
#292=EDGE_LOOP('',(#1571,#1572,#1573,#1574));
#293=EDGE_LOOP('',(#1575,#1576,#1577,#1578));
#294=EDGE_LOOP('',(#1579,#1580,#1581,#1582));
#295=EDGE_LOOP('',(#1583,#1584,#1585,#1586));
#296=EDGE_LOOP('',(#1587,#1588,#1589,#1590));
#297=EDGE_LOOP('',(#1591,#1592,#1593,#1594));
#298=EDGE_LOOP('',(#1595,#1596,#1597,#1598));
#299=EDGE_LOOP('',(#1599,#1600,#1601,#1602));
#300=EDGE_LOOP('',(#1603,#1604,#1605,#1606));
#301=EDGE_LOOP('',(#1607,#1608,#1609,#1610));
#302=EDGE_LOOP('',(#1611,#1612,#1613,#1614));
#303=EDGE_LOOP('',(#1615,#1616,#1617,#1618));
#304=EDGE_LOOP('',(#1619,#1620,#1621,#1622));
#305=EDGE_LOOP('',(#1623,#1624,#1625,#1626));
#306=EDGE_LOOP('',(#1627,#1628,#1629,#1630));
#307=EDGE_LOOP('',(#1631,#1632,#1633,#1634));
#308=EDGE_LOOP('',(#1635,#1636,#1637,#1638));
#309=EDGE_LOOP('',(#1639,#1640,#1641,#1642));
#310=EDGE_LOOP('',(#1643,#1644,#1645,#1646));
#311=EDGE_LOOP('',(#1647,#1648,#1649,#1650));
#312=EDGE_LOOP('',(#1651,#1652,#1653,#1654));
#313=EDGE_LOOP('',(#1655,#1656,#1657,#1658));
#314=EDGE_LOOP('',(#1659,#1660,#1661,#1662));
#315=EDGE_LOOP('',(#1663,#1664,#1665,#1666));
#316=EDGE_LOOP('',(#1667,#1668,#1669,#1670));
#317=EDGE_LOOP('',(#1671,#1672,#1673,#1674));
#318=EDGE_LOOP('',(#1675,#1676,#1677,#1678));
#319=EDGE_LOOP('',(#1679,#1680,#1681,#1682));
#320=EDGE_LOOP('',(#1683,#1684,#1685,#1686));
#321=EDGE_LOOP('',(#1687,#1688,#1689,#1690));
#322=EDGE_LOOP('',(#1691,#1692,#1693,#1694));
#323=EDGE_LOOP('',(#1695,#1696,#1697,#1698));
#324=EDGE_LOOP('',(#1699,#1700,#1701,#1702));
#325=EDGE_LOOP('',(#1703,#1704,#1705,#1706));
#326=EDGE_LOOP('',(#1707,#1708,#1709,#1710));
#327=EDGE_LOOP('',(#1711,#1712,#1713,#1714));
#328=EDGE_LOOP('',(#1715,#1716,#1717,#1718));
#329=EDGE_LOOP('',(#1719,#1720,#1721,#1722));
#330=EDGE_LOOP('',(#1723,#1724,#1725,#1726));
#331=EDGE_LOOP('',(#1727,#1728,#1729,#1730));
#332=EDGE_LOOP('',(#1731,#1732,#1733,#1734));
#333=EDGE_LOOP('',(#1735,#1736,#1737,#1738));
#334=EDGE_LOOP('',(#1739,#1740,#1741,#1742));
#335=EDGE_LOOP('',(#1743,#1744,#1745,#1746));
#336=EDGE_LOOP('',(#1747,#1748,#1749,#1750));
#337=EDGE_LOOP('',(#1751,#1752,#1753,#1754));
#338=EDGE_LOOP('',(#1755,#1756,#1757,#1758));
#339=EDGE_LOOP('',(#1759,#1760,#1761,#1762));
#340=EDGE_LOOP('',(#1763,#1764,#1765,#1766));
#341=EDGE_LOOP('',(#1767));
#342=EDGE_LOOP('',(#1768,#1769,#1770,#1771));
#343=EDGE_LOOP('',(#1772));
#344=EDGE_LOOP('',(#1773));
#345=EDGE_LOOP('',(#1774,#1775,#1776,#1777));
#346=EDGE_LOOP('',(#1778));
#347=EDGE_LOOP('',(#1779,#1780,#1781,#1782));
#348=EDGE_LOOP('',(#1783));
#349=EDGE_LOOP('',(#1784));
#350=EDGE_LOOP('',(#1785,#1786,#1787,#1788));
#351=EDGE_LOOP('',(#1789));
#352=EDGE_LOOP('',(#1790,#1791,#1792,#1793));
#353=EDGE_LOOP('',(#1794));
#354=EDGE_LOOP('',(#1795));
#355=EDGE_LOOP('',(#1796,#1797,#1798,#1799));
#356=EDGE_LOOP('',(#1800));
#357=EDGE_LOOP('',(#1801,#1802,#1803,#1804));
#358=EDGE_LOOP('',(#1805));
#359=EDGE_LOOP('',(#1806));
#360=EDGE_LOOP('',(#1807,#1808,#1809,#1810));
#361=EDGE_LOOP('',(#1811,#1812,#1813,#1814));
#362=EDGE_LOOP('',(#1815,#1816,#1817,#1818));
#363=EDGE_LOOP('',(#1819,#1820,#1821,#1822));
#364=EDGE_LOOP('',(#1823,#1824,#1825,#1826));
#365=EDGE_LOOP('',(#1827,#1828,#1829,#1830));
#366=EDGE_LOOP('',(#1831,#1832,#1833,#1834));
#367=EDGE_LOOP('',(#1835,#1836,#1837,#1838));
#368=EDGE_LOOP('',(#1839,#1840,#1841,#1842));
#369=EDGE_LOOP('',(#1843,#1844,#1845,#1846));
#370=EDGE_LOOP('',(#1847,#1848,#1849,#1850));
#371=EDGE_LOOP('',(#1851,#1852,#1853,#1854));
#372=EDGE_LOOP('',(#1855,#1856,#1857,#1858));
#373=EDGE_LOOP('',(#1859,#1860,#1861,#1862,#1863,#1864,#1865,#1866));
#374=EDGE_LOOP('',(#1867));
#375=EDGE_LOOP('',(#1868));
#376=EDGE_LOOP('',(#1869));
#377=EDGE_LOOP('',(#1870));
#378=EDGE_LOOP('',(#1871,#1872,#1873,#1874));
#379=EDGE_LOOP('',(#1875,#1876,#1877,#1878));
#380=EDGE_LOOP('',(#1879,#1880,#1881,#1882));
#381=EDGE_LOOP('',(#1883,#1884,#1885,#1886));
#382=EDGE_LOOP('',(#1887,#1888,#1889,#1890));
#383=EDGE_LOOP('',(#1891,#1892,#1893,#1894));
#384=EDGE_LOOP('',(#1895,#1896,#1897,#1898));
#385=EDGE_LOOP('',(#1899,#1900,#1901,#1902));
#386=EDGE_LOOP('',(#1903,#1904,#1905,#1906));
#387=EDGE_LOOP('',(#1907,#1908,#1909,#1910));
#388=EDGE_LOOP('',(#1911,#1912,#1913,#1914));
#389=EDGE_LOOP('',(#1915,#1916,#1917,#1918));
#390=EDGE_LOOP('',(#1919,#1920,#1921,#1922));
#391=EDGE_LOOP('',(#1923,#1924,#1925,#1926));
#392=EDGE_LOOP('',(#1927,#1928,#1929,#1930));
#393=EDGE_LOOP('',(#1931,#1932,#1933,#1934));
#394=EDGE_LOOP('',(#1935,#1936,#1937,#1938));
#395=EDGE_LOOP('',(#1939));
#396=EDGE_LOOP('',(#1940));
#397=EDGE_LOOP('',(#1941));
#398=EDGE_LOOP('',(#1942));
#399=EDGE_LOOP('',(#1943));
#400=EDGE_LOOP('',(#1944,#1945,#1946,#1947));
#401=EDGE_LOOP('',(#1948));
#402=EDGE_LOOP('',(#1949));
#403=EDGE_LOOP('',(#1950));
#404=EDGE_LOOP('',(#1951,#1952,#1953,#1954));
#405=EDGE_LOOP('',(#1955,#1956,#1957,#1958));
#406=EDGE_LOOP('',(#1959,#1960,#1961,#1962));
#407=EDGE_LOOP('',(#1963,#1964,#1965,#1966));
#408=EDGE_LOOP('',(#1967,#1968,#1969,#1970));
#409=EDGE_LOOP('',(#1971,#1972,#1973,#1974));
#410=EDGE_LOOP('',(#1975,#1976,#1977,#1978));
#411=EDGE_LOOP('',(#1979,#1980,#1981,#1982));
#412=EDGE_LOOP('',(#1983,#1984,#1985,#1986));
#413=EDGE_LOOP('',(#1987,#1988,#1989,#1990));
#414=EDGE_LOOP('',(#1991,#1992,#1993,#1994));
#415=EDGE_LOOP('',(#1995,#1996,#1997,#1998));
#416=EDGE_LOOP('',(#1999,#2000,#2001,#2002));
#417=EDGE_LOOP('',(#2003,#2004,#2005,#2006));
#418=EDGE_LOOP('',(#2007,#2008,#2009,#2010));
#419=LINE('',#2853,#667);
#420=LINE('',#2856,#668);
#421=LINE('',#2859,#669);
#422=LINE('',#2861,#670);
#423=LINE('',#2862,#671);
#424=LINE('',#2865,#672);
#425=LINE('',#2869,#673);
#426=LINE('',#2873,#674);
#427=LINE('',#2877,#675);
#428=LINE('',#2879,#676);
#429=LINE('',#2881,#677);
#430=LINE('',#2882,#678);
#431=LINE('',#2885,#679);
#432=LINE('',#2889,#680);
#433=LINE('',#2890,#681);
#434=LINE('',#2893,#682);
#435=LINE('',#2897,#683);
#436=LINE('',#2898,#684);
#437=LINE('',#2901,#685);
#438=LINE('',#2908,#686);
#439=LINE('',#2911,#687);
#440=LINE('',#2914,#688);
#441=LINE('',#2916,#689);
#442=LINE('',#2917,#690);
#443=LINE('',#2920,#691);
#444=LINE('',#2924,#692);
#445=LINE('',#2928,#693);
#446=LINE('',#2930,#694);
#447=LINE('',#2934,#695);
#448=LINE('',#2937,#696);
#449=LINE('',#2938,#697);
#450=LINE('',#2942,#698);
#451=LINE('',#2945,#699);
#452=LINE('',#2946,#700);
#453=LINE('',#2950,#701);
#454=LINE('',#2952,#702);
#455=LINE('',#2956,#703);
#456=LINE('',#2958,#704);
#457=LINE('',#2960,#705);
#458=LINE('',#2961,#706);
#459=LINE('',#2964,#707);
#460=LINE('',#2966,#708);
#461=LINE('',#2967,#709);
#462=LINE('',#2970,#710);
#463=LINE('',#2972,#711);
#464=LINE('',#2973,#712);
#465=LINE('',#2975,#713);
#466=LINE('',#2976,#714);
#467=LINE('',#2980,#715);
#468=LINE('',#2982,#716);
#469=LINE('',#2984,#717);
#470=LINE('',#2985,#718);
#471=LINE('',#2988,#719);
#472=LINE('',#2990,#720);
#473=LINE('',#2991,#721);
#474=LINE('',#2994,#722);
#475=LINE('',#2996,#723);
#476=LINE('',#2997,#724);
#477=LINE('',#2999,#725);
#478=LINE('',#3000,#726);
#479=LINE('',#3004,#727);
#480=LINE('',#3006,#728);
#481=LINE('',#3008,#729);
#482=LINE('',#3009,#730);
#483=LINE('',#3012,#731);
#484=LINE('',#3014,#732);
#485=LINE('',#3015,#733);
#486=LINE('',#3018,#734);
#487=LINE('',#3020,#735);
#488=LINE('',#3021,#736);
#489=LINE('',#3023,#737);
#490=LINE('',#3024,#738);
#491=LINE('',#3028,#739);
#492=LINE('',#3030,#740);
#493=LINE('',#3032,#741);
#494=LINE('',#3033,#742);
#495=LINE('',#3036,#743);
#496=LINE('',#3038,#744);
#497=LINE('',#3039,#745);
#498=LINE('',#3042,#746);
#499=LINE('',#3044,#747);
#500=LINE('',#3045,#748);
#501=LINE('',#3047,#749);
#502=LINE('',#3048,#750);
#503=LINE('',#3052,#751);
#504=LINE('',#3054,#752);
#505=LINE('',#3056,#753);
#506=LINE('',#3057,#754);
#507=LINE('',#3060,#755);
#508=LINE('',#3062,#756);
#509=LINE('',#3063,#757);
#510=LINE('',#3066,#758);
#511=LINE('',#3068,#759);
#512=LINE('',#3069,#760);
#513=LINE('',#3071,#761);
#514=LINE('',#3072,#762);
#515=LINE('',#3076,#763);
#516=LINE('',#3078,#764);
#517=LINE('',#3080,#765);
#518=LINE('',#3081,#766);
#519=LINE('',#3084,#767);
#520=LINE('',#3086,#768);
#521=LINE('',#3087,#769);
#522=LINE('',#3090,#770);
#523=LINE('',#3092,#771);
#524=LINE('',#3093,#772);
#525=LINE('',#3095,#773);
#526=LINE('',#3096,#774);
#527=LINE('',#3100,#775);
#528=LINE('',#3102,#776);
#529=LINE('',#3104,#777);
#530=LINE('',#3105,#778);
#531=LINE('',#3108,#779);
#532=LINE('',#3110,#780);
#533=LINE('',#3111,#781);
#534=LINE('',#3114,#782);
#535=LINE('',#3116,#783);
#536=LINE('',#3117,#784);
#537=LINE('',#3119,#785);
#538=LINE('',#3120,#786);
#539=LINE('',#3124,#787);
#540=LINE('',#3126,#788);
#541=LINE('',#3128,#789);
#542=LINE('',#3129,#790);
#543=LINE('',#3132,#791);
#544=LINE('',#3134,#792);
#545=LINE('',#3135,#793);
#546=LINE('',#3138,#794);
#547=LINE('',#3140,#795);
#548=LINE('',#3141,#796);
#549=LINE('',#3143,#797);
#550=LINE('',#3144,#798);
#551=LINE('',#3148,#799);
#552=LINE('',#3150,#800);
#553=LINE('',#3152,#801);
#554=LINE('',#3153,#802);
#555=LINE('',#3156,#803);
#556=LINE('',#3158,#804);
#557=LINE('',#3159,#805);
#558=LINE('',#3162,#806);
#559=LINE('',#3164,#807);
#560=LINE('',#3165,#808);
#561=LINE('',#3167,#809);
#562=LINE('',#3168,#810);
#563=LINE('',#3172,#811);
#564=LINE('',#3174,#812);
#565=LINE('',#3176,#813);
#566=LINE('',#3177,#814);
#567=LINE('',#3180,#815);
#568=LINE('',#3182,#816);
#569=LINE('',#3183,#817);
#570=LINE('',#3186,#818);
#571=LINE('',#3188,#819);
#572=LINE('',#3189,#820);
#573=LINE('',#3191,#821);
#574=LINE('',#3192,#822);
#575=LINE('',#3196,#823);
#576=LINE('',#3198,#824);
#577=LINE('',#3200,#825);
#578=LINE('',#3201,#826);
#579=LINE('',#3204,#827);
#580=LINE('',#3206,#828);
#581=LINE('',#3207,#829);
#582=LINE('',#3210,#830);
#583=LINE('',#3212,#831);
#584=LINE('',#3213,#832);
#585=LINE('',#3215,#833);
#586=LINE('',#3216,#834);
#587=LINE('',#3220,#835);
#588=LINE('',#3222,#836);
#589=LINE('',#3224,#837);
#590=LINE('',#3225,#838);
#591=LINE('',#3228,#839);
#592=LINE('',#3230,#840);
#593=LINE('',#3231,#841);
#594=LINE('',#3234,#842);
#595=LINE('',#3236,#843);
#596=LINE('',#3237,#844);
#597=LINE('',#3239,#845);
#598=LINE('',#3240,#846);
#599=LINE('',#3244,#847);
#600=LINE('',#3246,#848);
#601=LINE('',#3248,#849);
#602=LINE('',#3249,#850);
#603=LINE('',#3252,#851);
#604=LINE('',#3254,#852);
#605=LINE('',#3255,#853);
#606=LINE('',#3258,#854);
#607=LINE('',#3260,#855);
#608=LINE('',#3261,#856);
#609=LINE('',#3263,#857);
#610=LINE('',#3264,#858);
#611=LINE('',#3268,#859);
#612=LINE('',#3270,#860);
#613=LINE('',#3272,#861);
#614=LINE('',#3273,#862);
#615=LINE('',#3276,#863);
#616=LINE('',#3278,#864);
#617=LINE('',#3279,#865);
#618=LINE('',#3282,#866);
#619=LINE('',#3284,#867);
#620=LINE('',#3285,#868);
#621=LINE('',#3287,#869);
#622=LINE('',#3288,#870);
#623=LINE('',#3292,#871);
#624=LINE('',#3294,#872);
#625=LINE('',#3296,#873);
#626=LINE('',#3297,#874);
#627=LINE('',#3300,#875);
#628=LINE('',#3302,#876);
#629=LINE('',#3303,#877);
#630=LINE('',#3306,#878);
#631=LINE('',#3308,#879);
#632=LINE('',#3309,#880);
#633=LINE('',#3311,#881);
#634=LINE('',#3312,#882);
#635=LINE('',#3317,#883);
#636=LINE('',#3324,#884);
#637=LINE('',#3331,#885);
#638=LINE('',#3338,#886);
#639=LINE('',#3345,#887);
#640=LINE('',#3352,#888);
#641=LINE('',#3359,#889);
#642=LINE('',#3366,#890);
#643=LINE('',#3372,#891);
#644=LINE('',#3374,#892);
#645=LINE('',#3376,#893);
#646=LINE('',#3377,#894);
#647=LINE('',#3380,#895);
#648=LINE('',#3382,#896);
#649=LINE('',#3383,#897);
#650=LINE('',#3386,#898);
#651=LINE('',#3388,#899);
#652=LINE('',#3389,#900);
#653=LINE('',#3391,#901);
#654=LINE('',#3392,#902);
#655=LINE('',#3397,#903);
#656=LINE('',#3403,#904);
#657=LINE('',#3409,#905);
#658=LINE('',#3415,#906);
#659=LINE('',#3419,#907);
#660=LINE('',#3421,#908);
#661=LINE('',#3422,#909);
#662=LINE('',#3425,#910);
#663=LINE('',#3426,#911);
#664=LINE('',#3429,#912);
#665=LINE('',#3430,#913);
#666=LINE('',#3432,#914);
#667=VECTOR('',#2307,10.);
#668=VECTOR('',#2310,10.);
#669=VECTOR('',#2313,10.);
#670=VECTOR('',#2314,10.);
#671=VECTOR('',#2315,10.);
#672=VECTOR('',#2318,10.);
#673=VECTOR('',#2321,10.);
#674=VECTOR('',#2324,10.);
#675=VECTOR('',#2327,10.);
#676=VECTOR('',#2328,10.);
#677=VECTOR('',#2329,10.);
#678=VECTOR('',#2330,10.);
#679=VECTOR('',#2333,10.);
#680=VECTOR('',#2338,10.);
#681=VECTOR('',#2339,10.);
#682=VECTOR('',#2342,10.);
#683=VECTOR('',#2347,10.);
#684=VECTOR('',#2348,10.);
#685=VECTOR('',#2351,10.);
#686=VECTOR('',#2358,10.);
#687=VECTOR('',#2361,10.);
#688=VECTOR('',#2364,10.);
#689=VECTOR('',#2365,10.);
#690=VECTOR('',#2366,10.);
#691=VECTOR('',#2369,10.);
#692=VECTOR('',#2372,10.);
#693=VECTOR('',#2375,10.);
#694=VECTOR('',#2378,10.);
#695=VECTOR('',#2383,10.);
#696=VECTOR('',#2386,10.);
#697=VECTOR('',#2387,10.);
#698=VECTOR('',#2392,10.);
#699=VECTOR('',#2395,10.);
#700=VECTOR('',#2396,10.);
#701=VECTOR('',#2401,10.);
#702=VECTOR('',#2404,10.);
#703=VECTOR('',#2407,10.);
#704=VECTOR('',#2408,10.);
#705=VECTOR('',#2409,10.);
#706=VECTOR('',#2410,10.);
#707=VECTOR('',#2413,10.);
#708=VECTOR('',#2414,10.);
#709=VECTOR('',#2415,10.);
#710=VECTOR('',#2418,10.);
#711=VECTOR('',#2419,10.);
#712=VECTOR('',#2420,10.);
#713=VECTOR('',#2423,10.);
#714=VECTOR('',#2424,10.);
#715=VECTOR('',#2427,10.);
#716=VECTOR('',#2428,10.);
#717=VECTOR('',#2429,10.);
#718=VECTOR('',#2430,10.);
#719=VECTOR('',#2433,10.);
#720=VECTOR('',#2434,10.);
#721=VECTOR('',#2435,10.);
#722=VECTOR('',#2438,10.);
#723=VECTOR('',#2439,10.);
#724=VECTOR('',#2440,10.);
#725=VECTOR('',#2443,10.);
#726=VECTOR('',#2444,10.);
#727=VECTOR('',#2447,10.);
#728=VECTOR('',#2448,10.);
#729=VECTOR('',#2449,10.);
#730=VECTOR('',#2450,10.);
#731=VECTOR('',#2453,10.);
#732=VECTOR('',#2454,10.);
#733=VECTOR('',#2455,10.);
#734=VECTOR('',#2458,10.);
#735=VECTOR('',#2459,10.);
#736=VECTOR('',#2460,10.);
#737=VECTOR('',#2463,10.);
#738=VECTOR('',#2464,10.);
#739=VECTOR('',#2467,10.);
#740=VECTOR('',#2468,10.);
#741=VECTOR('',#2469,10.);
#742=VECTOR('',#2470,10.);
#743=VECTOR('',#2473,10.);
#744=VECTOR('',#2474,10.);
#745=VECTOR('',#2475,10.);
#746=VECTOR('',#2478,10.);
#747=VECTOR('',#2479,10.);
#748=VECTOR('',#2480,10.);
#749=VECTOR('',#2483,10.);
#750=VECTOR('',#2484,10.);
#751=VECTOR('',#2487,10.);
#752=VECTOR('',#2488,10.);
#753=VECTOR('',#2489,10.);
#754=VECTOR('',#2490,10.);
#755=VECTOR('',#2493,10.);
#756=VECTOR('',#2494,10.);
#757=VECTOR('',#2495,10.);
#758=VECTOR('',#2498,10.);
#759=VECTOR('',#2499,10.);
#760=VECTOR('',#2500,10.);
#761=VECTOR('',#2503,10.);
#762=VECTOR('',#2504,10.);
#763=VECTOR('',#2507,10.);
#764=VECTOR('',#2508,10.);
#765=VECTOR('',#2509,10.);
#766=VECTOR('',#2510,10.);
#767=VECTOR('',#2513,10.);
#768=VECTOR('',#2514,10.);
#769=VECTOR('',#2515,10.);
#770=VECTOR('',#2518,10.);
#771=VECTOR('',#2519,10.);
#772=VECTOR('',#2520,10.);
#773=VECTOR('',#2523,10.);
#774=VECTOR('',#2524,10.);
#775=VECTOR('',#2527,10.);
#776=VECTOR('',#2528,10.);
#777=VECTOR('',#2529,10.);
#778=VECTOR('',#2530,10.);
#779=VECTOR('',#2533,10.);
#780=VECTOR('',#2534,10.);
#781=VECTOR('',#2535,10.);
#782=VECTOR('',#2538,10.);
#783=VECTOR('',#2539,10.);
#784=VECTOR('',#2540,10.);
#785=VECTOR('',#2543,10.);
#786=VECTOR('',#2544,10.);
#787=VECTOR('',#2547,10.);
#788=VECTOR('',#2548,10.);
#789=VECTOR('',#2549,10.);
#790=VECTOR('',#2550,10.);
#791=VECTOR('',#2553,10.);
#792=VECTOR('',#2554,10.);
#793=VECTOR('',#2555,10.);
#794=VECTOR('',#2558,10.);
#795=VECTOR('',#2559,10.);
#796=VECTOR('',#2560,10.);
#797=VECTOR('',#2563,10.);
#798=VECTOR('',#2564,10.);
#799=VECTOR('',#2567,10.);
#800=VECTOR('',#2568,10.);
#801=VECTOR('',#2569,10.);
#802=VECTOR('',#2570,10.);
#803=VECTOR('',#2573,10.);
#804=VECTOR('',#2574,10.);
#805=VECTOR('',#2575,10.);
#806=VECTOR('',#2578,10.);
#807=VECTOR('',#2579,10.);
#808=VECTOR('',#2580,10.);
#809=VECTOR('',#2583,10.);
#810=VECTOR('',#2584,10.);
#811=VECTOR('',#2587,10.);
#812=VECTOR('',#2588,10.);
#813=VECTOR('',#2589,10.);
#814=VECTOR('',#2590,10.);
#815=VECTOR('',#2593,10.);
#816=VECTOR('',#2594,10.);
#817=VECTOR('',#2595,10.);
#818=VECTOR('',#2598,10.);
#819=VECTOR('',#2599,10.);
#820=VECTOR('',#2600,10.);
#821=VECTOR('',#2603,10.);
#822=VECTOR('',#2604,10.);
#823=VECTOR('',#2607,10.);
#824=VECTOR('',#2608,10.);
#825=VECTOR('',#2609,10.);
#826=VECTOR('',#2610,10.);
#827=VECTOR('',#2613,10.);
#828=VECTOR('',#2614,10.);
#829=VECTOR('',#2615,10.);
#830=VECTOR('',#2618,10.);
#831=VECTOR('',#2619,10.);
#832=VECTOR('',#2620,10.);
#833=VECTOR('',#2623,10.);
#834=VECTOR('',#2624,10.);
#835=VECTOR('',#2627,10.);
#836=VECTOR('',#2628,10.);
#837=VECTOR('',#2629,10.);
#838=VECTOR('',#2630,10.);
#839=VECTOR('',#2633,10.);
#840=VECTOR('',#2634,10.);
#841=VECTOR('',#2635,10.);
#842=VECTOR('',#2638,10.);
#843=VECTOR('',#2639,10.);
#844=VECTOR('',#2640,10.);
#845=VECTOR('',#2643,10.);
#846=VECTOR('',#2644,10.);
#847=VECTOR('',#2647,10.);
#848=VECTOR('',#2648,10.);
#849=VECTOR('',#2649,10.);
#850=VECTOR('',#2650,10.);
#851=VECTOR('',#2653,10.);
#852=VECTOR('',#2654,10.);
#853=VECTOR('',#2655,10.);
#854=VECTOR('',#2658,10.);
#855=VECTOR('',#2659,10.);
#856=VECTOR('',#2660,10.);
#857=VECTOR('',#2663,10.);
#858=VECTOR('',#2664,10.);
#859=VECTOR('',#2667,10.);
#860=VECTOR('',#2668,10.);
#861=VECTOR('',#2669,10.);
#862=VECTOR('',#2670,10.);
#863=VECTOR('',#2673,10.);
#864=VECTOR('',#2674,10.);
#865=VECTOR('',#2675,10.);
#866=VECTOR('',#2678,10.);
#867=VECTOR('',#2679,10.);
#868=VECTOR('',#2680,10.);
#869=VECTOR('',#2683,10.);
#870=VECTOR('',#2684,10.);
#871=VECTOR('',#2687,10.);
#872=VECTOR('',#2688,10.);
#873=VECTOR('',#2689,10.);
#874=VECTOR('',#2690,10.);
#875=VECTOR('',#2693,10.);
#876=VECTOR('',#2694,10.);
#877=VECTOR('',#2695,10.);
#878=VECTOR('',#2698,10.);
#879=VECTOR('',#2699,10.);
#880=VECTOR('',#2700,10.);
#881=VECTOR('',#2703,10.);
#882=VECTOR('',#2704,10.);
#883=VECTOR('',#2709,0.750000000000002);
#884=VECTOR('',#2718,1.9);
#885=VECTOR('',#2727,0.750000000000002);
#886=VECTOR('',#2736,1.9);
#887=VECTOR('',#2745,0.750000000000002);
#888=VECTOR('',#2754,1.9);
#889=VECTOR('',#2763,0.750000000000002);
#890=VECTOR('',#2772,1.9);
#891=VECTOR('',#2779,10.);
#892=VECTOR('',#2780,10.);
#893=VECTOR('',#2781,10.);
#894=VECTOR('',#2782,10.);
#895=VECTOR('',#2785,10.);
#896=VECTOR('',#2786,10.);
#897=VECTOR('',#2787,10.);
#898=VECTOR('',#2790,10.);
#899=VECTOR('',#2791,10.);
#900=VECTOR('',#2792,10.);
#901=VECTOR('',#2795,10.);
#902=VECTOR('',#2796,10.);
#903=VECTOR('',#2801,1.09999999999999);
#904=VECTOR('',#2808,1.1);
#905=VECTOR('',#2815,1.09999999999999);
#906=VECTOR('',#2822,1.1);
#907=VECTOR('',#2827,10.);
#908=VECTOR('',#2828,10.);
#909=VECTOR('',#2829,10.);
#910=VECTOR('',#2832,10.);
#911=VECTOR('',#2833,10.);
#912=VECTOR('',#2836,10.);
#913=VECTOR('',#2837,10.);
#914=VECTOR('',#2840,10.);
#915=CIRCLE('',#2154,1.3);
#916=CIRCLE('',#2155,1.3);
#917=CIRCLE('',#2158,1.3);
#918=CIRCLE('',#2159,1.3);
#919=CIRCLE('',#2160,1.3);
#920=CIRCLE('',#2162,1.3);
#921=CIRCLE('',#2165,1.3);
#922=CIRCLE('',#2168,1.3);
#923=CIRCLE('',#2170,3.);
#924=CIRCLE('',#2171,3.);
#925=CIRCLE('',#2174,3.);
#926=CIRCLE('',#2175,3.);
#927=CIRCLE('',#2176,3.);
#928=CIRCLE('',#2178,3.);
#929=CIRCLE('',#2181,3.);
#930=CIRCLE('',#2184,3.);
#931=CIRCLE('',#2247,0.750000000000002);
#932=CIRCLE('',#2248,0.750000000000002);
#933=CIRCLE('',#2251,1.9);
#934=CIRCLE('',#2252,1.9);
#935=CIRCLE('',#2255,0.750000000000002);
#936=CIRCLE('',#2256,0.750000000000002);
#937=CIRCLE('',#2259,1.9);
#938=CIRCLE('',#2260,1.9);
#939=CIRCLE('',#2263,0.750000000000002);
#940=CIRCLE('',#2264,0.750000000000002);
#941=CIRCLE('',#2267,1.9);
#942=CIRCLE('',#2268,1.9);
#943=CIRCLE('',#2271,0.750000000000002);
#944=CIRCLE('',#2272,0.750000000000002);
#945=CIRCLE('',#2275,1.9);
#946=CIRCLE('',#2276,1.9);
#947=CIRCLE('',#2283,1.09999999999999);
#948=CIRCLE('',#2284,1.09999999999999);
#949=CIRCLE('',#2286,1.1);
#950=CIRCLE('',#2287,1.1);
#951=CIRCLE('',#2289,1.09999999999999);
#952=CIRCLE('',#2290,1.09999999999999);
#953=CIRCLE('',#2292,1.1);
#954=CIRCLE('',#2293,1.1);
#955=VERTEX_POINT('',#2849);
#956=VERTEX_POINT('',#2850);
#957=VERTEX_POINT('',#2852);
#958=VERTEX_POINT('',#2854);
#959=VERTEX_POINT('',#2858);
#960=VERTEX_POINT('',#2860);
#961=VERTEX_POINT('',#2864);
#962=VERTEX_POINT('',#2866);
#963=VERTEX_POINT('',#2868);
#964=VERTEX_POINT('',#2870);
#965=VERTEX_POINT('',#2872);
#966=VERTEX_POINT('',#2875);
#967=VERTEX_POINT('',#2876);
#968=VERTEX_POINT('',#2878);
#969=VERTEX_POINT('',#2880);
#970=VERTEX_POINT('',#2884);
#971=VERTEX_POINT('',#2888);
#972=VERTEX_POINT('',#2892);
#973=VERTEX_POINT('',#2896);
#974=VERTEX_POINT('',#2900);
#975=VERTEX_POINT('',#2904);
#976=VERTEX_POINT('',#2905);
#977=VERTEX_POINT('',#2907);
#978=VERTEX_POINT('',#2909);
#979=VERTEX_POINT('',#2913);
#980=VERTEX_POINT('',#2915);
#981=VERTEX_POINT('',#2919);
#982=VERTEX_POINT('',#2921);
#983=VERTEX_POINT('',#2923);
#984=VERTEX_POINT('',#2925);
#985=VERTEX_POINT('',#2927);
#986=VERTEX_POINT('',#2932);
#987=VERTEX_POINT('',#2936);
#988=VERTEX_POINT('',#2940);
#989=VERTEX_POINT('',#2944);
#990=VERTEX_POINT('',#2948);
#991=VERTEX_POINT('',#2954);
#992=VERTEX_POINT('',#2955);
#993=VERTEX_POINT('',#2957);
#994=VERTEX_POINT('',#2959);
#995=VERTEX_POINT('',#2963);
#996=VERTEX_POINT('',#2965);
#997=VERTEX_POINT('',#2969);
#998=VERTEX_POINT('',#2971);
#999=VERTEX_POINT('',#2978);
#1000=VERTEX_POINT('',#2979);
#1001=VERTEX_POINT('',#2981);
#1002=VERTEX_POINT('',#2983);
#1003=VERTEX_POINT('',#2987);
#1004=VERTEX_POINT('',#2989);
#1005=VERTEX_POINT('',#2993);
#1006=VERTEX_POINT('',#2995);
#1007=VERTEX_POINT('',#3002);
#1008=VERTEX_POINT('',#3003);
#1009=VERTEX_POINT('',#3005);
#1010=VERTEX_POINT('',#3007);
#1011=VERTEX_POINT('',#3011);
#1012=VERTEX_POINT('',#3013);
#1013=VERTEX_POINT('',#3017);
#1014=VERTEX_POINT('',#3019);
#1015=VERTEX_POINT('',#3026);
#1016=VERTEX_POINT('',#3027);
#1017=VERTEX_POINT('',#3029);
#1018=VERTEX_POINT('',#3031);
#1019=VERTEX_POINT('',#3035);
#1020=VERTEX_POINT('',#3037);
#1021=VERTEX_POINT('',#3041);
#1022=VERTEX_POINT('',#3043);
#1023=VERTEX_POINT('',#3050);
#1024=VERTEX_POINT('',#3051);
#1025=VERTEX_POINT('',#3053);
#1026=VERTEX_POINT('',#3055);
#1027=VERTEX_POINT('',#3059);
#1028=VERTEX_POINT('',#3061);
#1029=VERTEX_POINT('',#3065);
#1030=VERTEX_POINT('',#3067);
#1031=VERTEX_POINT('',#3074);
#1032=VERTEX_POINT('',#3075);
#1033=VERTEX_POINT('',#3077);
#1034=VERTEX_POINT('',#3079);
#1035=VERTEX_POINT('',#3083);
#1036=VERTEX_POINT('',#3085);
#1037=VERTEX_POINT('',#3089);
#1038=VERTEX_POINT('',#3091);
#1039=VERTEX_POINT('',#3098);
#1040=VERTEX_POINT('',#3099);
#1041=VERTEX_POINT('',#3101);
#1042=VERTEX_POINT('',#3103);
#1043=VERTEX_POINT('',#3107);
#1044=VERTEX_POINT('',#3109);
#1045=VERTEX_POINT('',#3113);
#1046=VERTEX_POINT('',#3115);
#1047=VERTEX_POINT('',#3122);
#1048=VERTEX_POINT('',#3123);
#1049=VERTEX_POINT('',#3125);
#1050=VERTEX_POINT('',#3127);
#1051=VERTEX_POINT('',#3131);
#1052=VERTEX_POINT('',#3133);
#1053=VERTEX_POINT('',#3137);
#1054=VERTEX_POINT('',#3139);
#1055=VERTEX_POINT('',#3146);
#1056=VERTEX_POINT('',#3147);
#1057=VERTEX_POINT('',#3149);
#1058=VERTEX_POINT('',#3151);
#1059=VERTEX_POINT('',#3155);
#1060=VERTEX_POINT('',#3157);
#1061=VERTEX_POINT('',#3161);
#1062=VERTEX_POINT('',#3163);
#1063=VERTEX_POINT('',#3170);
#1064=VERTEX_POINT('',#3171);
#1065=VERTEX_POINT('',#3173);
#1066=VERTEX_POINT('',#3175);
#1067=VERTEX_POINT('',#3179);
#1068=VERTEX_POINT('',#3181);
#1069=VERTEX_POINT('',#3185);
#1070=VERTEX_POINT('',#3187);
#1071=VERTEX_POINT('',#3194);
#1072=VERTEX_POINT('',#3195);
#1073=VERTEX_POINT('',#3197);
#1074=VERTEX_POINT('',#3199);
#1075=VERTEX_POINT('',#3203);
#1076=VERTEX_POINT('',#3205);
#1077=VERTEX_POINT('',#3209);
#1078=VERTEX_POINT('',#3211);
#1079=VERTEX_POINT('',#3218);
#1080=VERTEX_POINT('',#3219);
#1081=VERTEX_POINT('',#3221);
#1082=VERTEX_POINT('',#3223);
#1083=VERTEX_POINT('',#3227);
#1084=VERTEX_POINT('',#3229);
#1085=VERTEX_POINT('',#3233);
#1086=VERTEX_POINT('',#3235);
#1087=VERTEX_POINT('',#3242);
#1088=VERTEX_POINT('',#3243);
#1089=VERTEX_POINT('',#3245);
#1090=VERTEX_POINT('',#3247);
#1091=VERTEX_POINT('',#3251);
#1092=VERTEX_POINT('',#3253);
#1093=VERTEX_POINT('',#3257);
#1094=VERTEX_POINT('',#3259);
#1095=VERTEX_POINT('',#3266);
#1096=VERTEX_POINT('',#3267);
#1097=VERTEX_POINT('',#3269);
#1098=VERTEX_POINT('',#3271);
#1099=VERTEX_POINT('',#3275);
#1100=VERTEX_POINT('',#3277);
#1101=VERTEX_POINT('',#3281);
#1102=VERTEX_POINT('',#3283);
#1103=VERTEX_POINT('',#3290);
#1104=VERTEX_POINT('',#3291);
#1105=VERTEX_POINT('',#3293);
#1106=VERTEX_POINT('',#3295);
#1107=VERTEX_POINT('',#3299);
#1108=VERTEX_POINT('',#3301);
#1109=VERTEX_POINT('',#3305);
#1110=VERTEX_POINT('',#3307);
#1111=VERTEX_POINT('',#3314);
#1112=VERTEX_POINT('',#3316);
#1113=VERTEX_POINT('',#3321);
#1114=VERTEX_POINT('',#3323);
#1115=VERTEX_POINT('',#3328);
#1116=VERTEX_POINT('',#3330);
#1117=VERTEX_POINT('',#3335);
#1118=VERTEX_POINT('',#3337);
#1119=VERTEX_POINT('',#3342);
#1120=VERTEX_POINT('',#3344);
#1121=VERTEX_POINT('',#3349);
#1122=VERTEX_POINT('',#3351);
#1123=VERTEX_POINT('',#3356);
#1124=VERTEX_POINT('',#3358);
#1125=VERTEX_POINT('',#3363);
#1126=VERTEX_POINT('',#3365);
#1127=VERTEX_POINT('',#3370);
#1128=VERTEX_POINT('',#3371);
#1129=VERTEX_POINT('',#3373);
#1130=VERTEX_POINT('',#3375);
#1131=VERTEX_POINT('',#3379);
#1132=VERTEX_POINT('',#3381);
#1133=VERTEX_POINT('',#3385);
#1134=VERTEX_POINT('',#3387);
#1135=VERTEX_POINT('',#3394);
#1136=VERTEX_POINT('',#3396);
#1137=VERTEX_POINT('',#3400);
#1138=VERTEX_POINT('',#3402);
#1139=VERTEX_POINT('',#3406);
#1140=VERTEX_POINT('',#3408);
#1141=VERTEX_POINT('',#3412);
#1142=VERTEX_POINT('',#3414);
#1143=VERTEX_POINT('',#3418);
#1144=VERTEX_POINT('',#3420);
#1145=VERTEX_POINT('',#3424);
#1146=VERTEX_POINT('',#3428);
#1147=EDGE_CURVE('',#955,#956,#915,.T.);
#1148=EDGE_CURVE('',#956,#957,#419,.T.);
#1149=EDGE_CURVE('',#957,#958,#916,.F.);
#1150=EDGE_CURVE('',#958,#955,#420,.T.);
#1151=EDGE_CURVE('',#956,#959,#421,.T.);
#1152=EDGE_CURVE('',#960,#959,#422,.T.);
#1153=EDGE_CURVE('',#957,#960,#423,.T.);
#1154=EDGE_CURVE('',#961,#955,#424,.T.);
#1155=EDGE_CURVE('',#962,#961,#917,.T.);
#1156=EDGE_CURVE('',#963,#962,#425,.T.);
#1157=EDGE_CURVE('',#964,#963,#918,.T.);
#1158=EDGE_CURVE('',#965,#964,#426,.T.);
#1159=EDGE_CURVE('',#959,#965,#919,.T.);
#1160=EDGE_CURVE('',#966,#967,#427,.T.);
#1161=EDGE_CURVE('',#968,#966,#428,.T.);
#1162=EDGE_CURVE('',#969,#968,#429,.T.);
#1163=EDGE_CURVE('',#967,#969,#430,.T.);
#1164=EDGE_CURVE('',#965,#970,#431,.T.);
#1165=EDGE_CURVE('',#970,#960,#920,.F.);
#1166=EDGE_CURVE('',#971,#964,#432,.T.);
#1167=EDGE_CURVE('',#970,#971,#433,.T.);
#1168=EDGE_CURVE('',#963,#972,#434,.T.);
#1169=EDGE_CURVE('',#972,#971,#921,.F.);
#1170=EDGE_CURVE('',#973,#962,#435,.T.);
#1171=EDGE_CURVE('',#972,#973,#436,.T.);
#1172=EDGE_CURVE('',#961,#974,#437,.T.);
#1173=EDGE_CURVE('',#974,#973,#922,.F.);
#1174=EDGE_CURVE('',#975,#976,#923,.T.);
#1175=EDGE_CURVE('',#976,#977,#438,.T.);
#1176=EDGE_CURVE('',#977,#978,#924,.T.);
#1177=EDGE_CURVE('',#978,#975,#439,.T.);
#1178=EDGE_CURVE('',#978,#979,#440,.T.);
#1179=EDGE_CURVE('',#980,#979,#441,.T.);
#1180=EDGE_CURVE('',#975,#980,#442,.T.);
#1181=EDGE_CURVE('',#981,#977,#443,.T.);
#1182=EDGE_CURVE('',#982,#981,#925,.T.);
#1183=EDGE_CURVE('',#983,#982,#444,.T.);
#1184=EDGE_CURVE('',#984,#983,#926,.T.);
#1185=EDGE_CURVE('',#985,#984,#445,.T.);
#1186=EDGE_CURVE('',#979,#985,#927,.T.);
#1187=EDGE_CURVE('',#974,#958,#446,.T.);
#1188=EDGE_CURVE('',#986,#980,#928,.T.);
#1189=EDGE_CURVE('',#985,#986,#447,.T.);
#1190=EDGE_CURVE('',#987,#984,#448,.T.);
#1191=EDGE_CURVE('',#986,#987,#449,.T.);
#1192=EDGE_CURVE('',#988,#987,#929,.T.);
#1193=EDGE_CURVE('',#983,#988,#450,.T.);
#1194=EDGE_CURVE('',#989,#982,#451,.T.);
#1195=EDGE_CURVE('',#988,#989,#452,.T.);
#1196=EDGE_CURVE('',#990,#989,#930,.T.);
#1197=EDGE_CURVE('',#981,#990,#453,.T.);
#1198=EDGE_CURVE('',#990,#976,#454,.T.);
#1199=EDGE_CURVE('',#991,#992,#455,.T.);
#1200=EDGE_CURVE('',#993,#991,#456,.T.);
#1201=EDGE_CURVE('',#994,#993,#457,.T.);
#1202=EDGE_CURVE('',#994,#992,#458,.T.);
#1203=EDGE_CURVE('',#992,#995,#459,.T.);
#1204=EDGE_CURVE('',#996,#994,#460,.T.);
#1205=EDGE_CURVE('',#996,#995,#461,.T.);
#1206=EDGE_CURVE('',#995,#997,#462,.T.);
#1207=EDGE_CURVE('',#998,#996,#463,.T.);
#1208=EDGE_CURVE('',#998,#997,#464,.T.);
#1209=EDGE_CURVE('',#997,#991,#465,.T.);
#1210=EDGE_CURVE('',#993,#998,#466,.T.);
#1211=EDGE_CURVE('',#999,#1000,#467,.T.);
#1212=EDGE_CURVE('',#1001,#999,#468,.T.);
#1213=EDGE_CURVE('',#1002,#1001,#469,.T.);
#1214=EDGE_CURVE('',#1002,#1000,#470,.T.);
#1215=EDGE_CURVE('',#1000,#1003,#471,.T.);
#1216=EDGE_CURVE('',#1004,#1002,#472,.T.);
#1217=EDGE_CURVE('',#1004,#1003,#473,.T.);
#1218=EDGE_CURVE('',#1003,#1005,#474,.T.);
#1219=EDGE_CURVE('',#1006,#1004,#475,.T.);
#1220=EDGE_CURVE('',#1006,#1005,#476,.T.);
#1221=EDGE_CURVE('',#1005,#999,#477,.T.);
#1222=EDGE_CURVE('',#1001,#1006,#478,.T.);
#1223=EDGE_CURVE('',#1007,#1008,#479,.T.);
#1224=EDGE_CURVE('',#1009,#1007,#480,.T.);
#1225=EDGE_CURVE('',#1010,#1009,#481,.T.);
#1226=EDGE_CURVE('',#1010,#1008,#482,.T.);
#1227=EDGE_CURVE('',#1008,#1011,#483,.T.);
#1228=EDGE_CURVE('',#1012,#1010,#484,.T.);
#1229=EDGE_CURVE('',#1012,#1011,#485,.T.);
#1230=EDGE_CURVE('',#1011,#1013,#486,.T.);
#1231=EDGE_CURVE('',#1014,#1012,#487,.T.);
#1232=EDGE_CURVE('',#1014,#1013,#488,.T.);
#1233=EDGE_CURVE('',#1013,#1007,#489,.T.);
#1234=EDGE_CURVE('',#1009,#1014,#490,.T.);
#1235=EDGE_CURVE('',#1015,#1016,#491,.T.);
#1236=EDGE_CURVE('',#1017,#1015,#492,.T.);
#1237=EDGE_CURVE('',#1018,#1017,#493,.T.);
#1238=EDGE_CURVE('',#1018,#1016,#494,.T.);
#1239=EDGE_CURVE('',#1016,#1019,#495,.T.);
#1240=EDGE_CURVE('',#1020,#1018,#496,.T.);
#1241=EDGE_CURVE('',#1020,#1019,#497,.T.);
#1242=EDGE_CURVE('',#1019,#1021,#498,.T.);
#1243=EDGE_CURVE('',#1022,#1020,#499,.T.);
#1244=EDGE_CURVE('',#1022,#1021,#500,.T.);
#1245=EDGE_CURVE('',#1021,#1015,#501,.T.);
#1246=EDGE_CURVE('',#1017,#1022,#502,.T.);
#1247=EDGE_CURVE('',#1023,#1024,#503,.T.);
#1248=EDGE_CURVE('',#1025,#1023,#504,.T.);
#1249=EDGE_CURVE('',#1026,#1025,#505,.T.);
#1250=EDGE_CURVE('',#1026,#1024,#506,.T.);
#1251=EDGE_CURVE('',#1024,#1027,#507,.T.);
#1252=EDGE_CURVE('',#1028,#1026,#508,.T.);
#1253=EDGE_CURVE('',#1028,#1027,#509,.T.);
#1254=EDGE_CURVE('',#1027,#1029,#510,.T.);
#1255=EDGE_CURVE('',#1030,#1028,#511,.T.);
#1256=EDGE_CURVE('',#1030,#1029,#512,.T.);
#1257=EDGE_CURVE('',#1029,#1023,#513,.T.);
#1258=EDGE_CURVE('',#1025,#1030,#514,.T.);
#1259=EDGE_CURVE('',#1031,#1032,#515,.T.);
#1260=EDGE_CURVE('',#1033,#1031,#516,.T.);
#1261=EDGE_CURVE('',#1034,#1033,#517,.T.);
#1262=EDGE_CURVE('',#1034,#1032,#518,.T.);
#1263=EDGE_CURVE('',#1032,#1035,#519,.T.);
#1264=EDGE_CURVE('',#1036,#1034,#520,.T.);
#1265=EDGE_CURVE('',#1036,#1035,#521,.T.);
#1266=EDGE_CURVE('',#1035,#1037,#522,.T.);
#1267=EDGE_CURVE('',#1038,#1036,#523,.T.);
#1268=EDGE_CURVE('',#1038,#1037,#524,.T.);
#1269=EDGE_CURVE('',#1037,#1031,#525,.T.);
#1270=EDGE_CURVE('',#1033,#1038,#526,.T.);
#1271=EDGE_CURVE('',#1039,#1040,#527,.T.);
#1272=EDGE_CURVE('',#1041,#1039,#528,.T.);
#1273=EDGE_CURVE('',#1042,#1041,#529,.T.);
#1274=EDGE_CURVE('',#1042,#1040,#530,.T.);
#1275=EDGE_CURVE('',#1040,#1043,#531,.T.);
#1276=EDGE_CURVE('',#1044,#1042,#532,.T.);
#1277=EDGE_CURVE('',#1044,#1043,#533,.T.);
#1278=EDGE_CURVE('',#1043,#1045,#534,.T.);
#1279=EDGE_CURVE('',#1046,#1044,#535,.T.);
#1280=EDGE_CURVE('',#1046,#1045,#536,.T.);
#1281=EDGE_CURVE('',#1045,#1039,#537,.T.);
#1282=EDGE_CURVE('',#1041,#1046,#538,.T.);
#1283=EDGE_CURVE('',#1047,#1048,#539,.T.);
#1284=EDGE_CURVE('',#1049,#1047,#540,.T.);
#1285=EDGE_CURVE('',#1050,#1049,#541,.T.);
#1286=EDGE_CURVE('',#1050,#1048,#542,.T.);
#1287=EDGE_CURVE('',#1048,#1051,#543,.T.);
#1288=EDGE_CURVE('',#1052,#1050,#544,.T.);
#1289=EDGE_CURVE('',#1052,#1051,#545,.T.);
#1290=EDGE_CURVE('',#1051,#1053,#546,.T.);
#1291=EDGE_CURVE('',#1054,#1052,#547,.T.);
#1292=EDGE_CURVE('',#1054,#1053,#548,.T.);
#1293=EDGE_CURVE('',#1053,#1047,#549,.T.);
#1294=EDGE_CURVE('',#1049,#1054,#550,.T.);
#1295=EDGE_CURVE('',#1055,#1056,#551,.T.);
#1296=EDGE_CURVE('',#1057,#1055,#552,.T.);
#1297=EDGE_CURVE('',#1058,#1057,#553,.T.);
#1298=EDGE_CURVE('',#1058,#1056,#554,.T.);
#1299=EDGE_CURVE('',#1056,#1059,#555,.T.);
#1300=EDGE_CURVE('',#1060,#1058,#556,.T.);
#1301=EDGE_CURVE('',#1060,#1059,#557,.T.);
#1302=EDGE_CURVE('',#1059,#1061,#558,.T.);
#1303=EDGE_CURVE('',#1062,#1060,#559,.T.);
#1304=EDGE_CURVE('',#1062,#1061,#560,.T.);
#1305=EDGE_CURVE('',#1061,#1055,#561,.T.);
#1306=EDGE_CURVE('',#1057,#1062,#562,.T.);
#1307=EDGE_CURVE('',#1063,#1064,#563,.T.);
#1308=EDGE_CURVE('',#1065,#1063,#564,.T.);
#1309=EDGE_CURVE('',#1066,#1065,#565,.T.);
#1310=EDGE_CURVE('',#1066,#1064,#566,.T.);
#1311=EDGE_CURVE('',#1064,#1067,#567,.T.);
#1312=EDGE_CURVE('',#1068,#1066,#568,.T.);
#1313=EDGE_CURVE('',#1068,#1067,#569,.T.);
#1314=EDGE_CURVE('',#1067,#1069,#570,.T.);
#1315=EDGE_CURVE('',#1070,#1068,#571,.T.);
#1316=EDGE_CURVE('',#1070,#1069,#572,.T.);
#1317=EDGE_CURVE('',#1069,#1063,#573,.T.);
#1318=EDGE_CURVE('',#1065,#1070,#574,.T.);
#1319=EDGE_CURVE('',#1071,#1072,#575,.T.);
#1320=EDGE_CURVE('',#1073,#1071,#576,.T.);
#1321=EDGE_CURVE('',#1074,#1073,#577,.T.);
#1322=EDGE_CURVE('',#1074,#1072,#578,.T.);
#1323=EDGE_CURVE('',#1072,#1075,#579,.T.);
#1324=EDGE_CURVE('',#1076,#1074,#580,.T.);
#1325=EDGE_CURVE('',#1076,#1075,#581,.T.);
#1326=EDGE_CURVE('',#1075,#1077,#582,.T.);
#1327=EDGE_CURVE('',#1078,#1076,#583,.T.);
#1328=EDGE_CURVE('',#1078,#1077,#584,.T.);
#1329=EDGE_CURVE('',#1077,#1071,#585,.T.);
#1330=EDGE_CURVE('',#1073,#1078,#586,.T.);
#1331=EDGE_CURVE('',#1079,#1080,#587,.T.);
#1332=EDGE_CURVE('',#1081,#1079,#588,.T.);
#1333=EDGE_CURVE('',#1082,#1081,#589,.T.);
#1334=EDGE_CURVE('',#1082,#1080,#590,.T.);
#1335=EDGE_CURVE('',#1080,#1083,#591,.T.);
#1336=EDGE_CURVE('',#1084,#1082,#592,.T.);
#1337=EDGE_CURVE('',#1084,#1083,#593,.T.);
#1338=EDGE_CURVE('',#1083,#1085,#594,.T.);
#1339=EDGE_CURVE('',#1086,#1084,#595,.T.);
#1340=EDGE_CURVE('',#1086,#1085,#596,.T.);
#1341=EDGE_CURVE('',#1085,#1079,#597,.T.);
#1342=EDGE_CURVE('',#1081,#1086,#598,.T.);
#1343=EDGE_CURVE('',#1087,#1088,#599,.T.);
#1344=EDGE_CURVE('',#1089,#1087,#600,.T.);
#1345=EDGE_CURVE('',#1090,#1089,#601,.T.);
#1346=EDGE_CURVE('',#1090,#1088,#602,.T.);
#1347=EDGE_CURVE('',#1088,#1091,#603,.T.);
#1348=EDGE_CURVE('',#1092,#1090,#604,.T.);
#1349=EDGE_CURVE('',#1092,#1091,#605,.T.);
#1350=EDGE_CURVE('',#1091,#1093,#606,.T.);
#1351=EDGE_CURVE('',#1094,#1092,#607,.T.);
#1352=EDGE_CURVE('',#1094,#1093,#608,.T.);
#1353=EDGE_CURVE('',#1093,#1087,#609,.T.);
#1354=EDGE_CURVE('',#1089,#1094,#610,.T.);
#1355=EDGE_CURVE('',#1095,#1096,#611,.T.);
#1356=EDGE_CURVE('',#1097,#1095,#612,.T.);
#1357=EDGE_CURVE('',#1098,#1097,#613,.T.);
#1358=EDGE_CURVE('',#1098,#1096,#614,.T.);
#1359=EDGE_CURVE('',#1096,#1099,#615,.T.);
#1360=EDGE_CURVE('',#1100,#1098,#616,.T.);
#1361=EDGE_CURVE('',#1100,#1099,#617,.T.);
#1362=EDGE_CURVE('',#1099,#1101,#618,.T.);
#1363=EDGE_CURVE('',#1102,#1100,#619,.T.);
#1364=EDGE_CURVE('',#1102,#1101,#620,.T.);
#1365=EDGE_CURVE('',#1101,#1095,#621,.T.);
#1366=EDGE_CURVE('',#1097,#1102,#622,.T.);
#1367=EDGE_CURVE('',#1103,#1104,#623,.T.);
#1368=EDGE_CURVE('',#1105,#1103,#624,.T.);
#1369=EDGE_CURVE('',#1106,#1105,#625,.T.);
#1370=EDGE_CURVE('',#1106,#1104,#626,.T.);
#1371=EDGE_CURVE('',#1104,#1107,#627,.T.);
#1372=EDGE_CURVE('',#1108,#1106,#628,.T.);
#1373=EDGE_CURVE('',#1108,#1107,#629,.T.);
#1374=EDGE_CURVE('',#1107,#1109,#630,.T.);
#1375=EDGE_CURVE('',#1110,#1108,#631,.T.);
#1376=EDGE_CURVE('',#1110,#1109,#632,.T.);
#1377=EDGE_CURVE('',#1109,#1103,#633,.T.);
#1378=EDGE_CURVE('',#1105,#1110,#634,.T.);
#1379=EDGE_CURVE('',#1111,#1111,#931,.T.);
#1380=EDGE_CURVE('',#1111,#1112,#635,.T.);
#1381=EDGE_CURVE('',#1112,#1112,#932,.T.);
#1382=EDGE_CURVE('',#1113,#1113,#933,.T.);
#1383=EDGE_CURVE('',#1113,#1114,#636,.T.);
#1384=EDGE_CURVE('',#1114,#1114,#934,.T.);
#1385=EDGE_CURVE('',#1115,#1115,#935,.T.);
#1386=EDGE_CURVE('',#1115,#1116,#637,.T.);
#1387=EDGE_CURVE('',#1116,#1116,#936,.T.);
#1388=EDGE_CURVE('',#1117,#1117,#937,.T.);
#1389=EDGE_CURVE('',#1117,#1118,#638,.T.);
#1390=EDGE_CURVE('',#1118,#1118,#938,.T.);
#1391=EDGE_CURVE('',#1119,#1119,#939,.T.);
#1392=EDGE_CURVE('',#1119,#1120,#639,.T.);
#1393=EDGE_CURVE('',#1120,#1120,#940,.T.);
#1394=EDGE_CURVE('',#1121,#1121,#941,.T.);
#1395=EDGE_CURVE('',#1121,#1122,#640,.T.);
#1396=EDGE_CURVE('',#1122,#1122,#942,.T.);
#1397=EDGE_CURVE('',#1123,#1123,#943,.T.);
#1398=EDGE_CURVE('',#1123,#1124,#641,.T.);
#1399=EDGE_CURVE('',#1124,#1124,#944,.T.);
#1400=EDGE_CURVE('',#1125,#1125,#945,.T.);
#1401=EDGE_CURVE('',#1125,#1126,#642,.T.);
#1402=EDGE_CURVE('',#1126,#1126,#946,.T.);
#1403=EDGE_CURVE('',#1127,#1128,#643,.T.);
#1404=EDGE_CURVE('',#1129,#1127,#644,.T.);
#1405=EDGE_CURVE('',#1130,#1129,#645,.T.);
#1406=EDGE_CURVE('',#1130,#1128,#646,.T.);
#1407=EDGE_CURVE('',#1128,#1131,#647,.T.);
#1408=EDGE_CURVE('',#1132,#1130,#648,.T.);
#1409=EDGE_CURVE('',#1132,#1131,#649,.T.);
#1410=EDGE_CURVE('',#1131,#1133,#650,.T.);
#1411=EDGE_CURVE('',#1134,#1132,#651,.T.);
#1412=EDGE_CURVE('',#1134,#1133,#652,.T.);
#1413=EDGE_CURVE('',#1133,#1127,#653,.T.);
#1414=EDGE_CURVE('',#1129,#1134,#654,.T.);
#1415=EDGE_CURVE('',#1135,#1135,#947,.T.);
#1416=EDGE_CURVE('',#1135,#1136,#655,.T.);
#1417=EDGE_CURVE('',#1136,#1136,#948,.T.);
#1418=EDGE_CURVE('',#1137,#1137,#949,.T.);
#1419=EDGE_CURVE('',#1137,#1138,#656,.T.);
#1420=EDGE_CURVE('',#1138,#1138,#950,.T.);
#1421=EDGE_CURVE('',#1139,#1139,#951,.T.);
#1422=EDGE_CURVE('',#1139,#1140,#657,.T.);
#1423=EDGE_CURVE('',#1140,#1140,#952,.T.);
#1424=EDGE_CURVE('',#1141,#1141,#953,.T.);
#1425=EDGE_CURVE('',#1141,#1142,#658,.T.);
#1426=EDGE_CURVE('',#1142,#1142,#954,.T.);
#1427=EDGE_CURVE('',#966,#1143,#659,.T.);
#1428=EDGE_CURVE('',#1144,#1143,#660,.T.);
#1429=EDGE_CURVE('',#968,#1144,#661,.T.);
#1430=EDGE_CURVE('',#1145,#1144,#662,.T.);
#1431=EDGE_CURVE('',#969,#1145,#663,.T.);
#1432=EDGE_CURVE('',#1146,#1145,#664,.T.);
#1433=EDGE_CURVE('',#967,#1146,#665,.T.);
#1434=EDGE_CURVE('',#1143,#1146,#666,.T.);
#1435=ORIENTED_EDGE('',*,*,#1147,.T.);
#1436=ORIENTED_EDGE('',*,*,#1148,.T.);
#1437=ORIENTED_EDGE('',*,*,#1149,.T.);
#1438=ORIENTED_EDGE('',*,*,#1150,.T.);
#1439=ORIENTED_EDGE('',*,*,#1148,.F.);
#1440=ORIENTED_EDGE('',*,*,#1151,.T.);
#1441=ORIENTED_EDGE('',*,*,#1152,.F.);
#1442=ORIENTED_EDGE('',*,*,#1153,.F.);
#1443=ORIENTED_EDGE('',*,*,#1147,.F.);
#1444=ORIENTED_EDGE('',*,*,#1154,.F.);
#1445=ORIENTED_EDGE('',*,*,#1155,.F.);
#1446=ORIENTED_EDGE('',*,*,#1156,.F.);
#1447=ORIENTED_EDGE('',*,*,#1157,.F.);
#1448=ORIENTED_EDGE('',*,*,#1158,.F.);
#1449=ORIENTED_EDGE('',*,*,#1159,.F.);
#1450=ORIENTED_EDGE('',*,*,#1151,.F.);
#1451=ORIENTED_EDGE('',*,*,#1160,.F.);
#1452=ORIENTED_EDGE('',*,*,#1161,.F.);
#1453=ORIENTED_EDGE('',*,*,#1162,.F.);
#1454=ORIENTED_EDGE('',*,*,#1163,.F.);
#1455=ORIENTED_EDGE('',*,*,#1159,.T.);
#1456=ORIENTED_EDGE('',*,*,#1164,.T.);
#1457=ORIENTED_EDGE('',*,*,#1165,.T.);
#1458=ORIENTED_EDGE('',*,*,#1152,.T.);
#1459=ORIENTED_EDGE('',*,*,#1164,.F.);
#1460=ORIENTED_EDGE('',*,*,#1158,.T.);
#1461=ORIENTED_EDGE('',*,*,#1166,.F.);
#1462=ORIENTED_EDGE('',*,*,#1167,.F.);
#1463=ORIENTED_EDGE('',*,*,#1157,.T.);
#1464=ORIENTED_EDGE('',*,*,#1168,.T.);
#1465=ORIENTED_EDGE('',*,*,#1169,.T.);
#1466=ORIENTED_EDGE('',*,*,#1166,.T.);
#1467=ORIENTED_EDGE('',*,*,#1168,.F.);
#1468=ORIENTED_EDGE('',*,*,#1156,.T.);
#1469=ORIENTED_EDGE('',*,*,#1170,.F.);
#1470=ORIENTED_EDGE('',*,*,#1171,.F.);
#1471=ORIENTED_EDGE('',*,*,#1155,.T.);
#1472=ORIENTED_EDGE('',*,*,#1172,.T.);
#1473=ORIENTED_EDGE('',*,*,#1173,.T.);
#1474=ORIENTED_EDGE('',*,*,#1170,.T.);
#1475=ORIENTED_EDGE('',*,*,#1174,.T.);
#1476=ORIENTED_EDGE('',*,*,#1175,.T.);
#1477=ORIENTED_EDGE('',*,*,#1176,.T.);
#1478=ORIENTED_EDGE('',*,*,#1177,.T.);
#1479=ORIENTED_EDGE('',*,*,#1177,.F.);
#1480=ORIENTED_EDGE('',*,*,#1178,.T.);
#1481=ORIENTED_EDGE('',*,*,#1179,.F.);
#1482=ORIENTED_EDGE('',*,*,#1180,.F.);
#1483=ORIENTED_EDGE('',*,*,#1176,.F.);
#1484=ORIENTED_EDGE('',*,*,#1181,.F.);
#1485=ORIENTED_EDGE('',*,*,#1182,.F.);
#1486=ORIENTED_EDGE('',*,*,#1183,.F.);
#1487=ORIENTED_EDGE('',*,*,#1184,.F.);
#1488=ORIENTED_EDGE('',*,*,#1185,.F.);
#1489=ORIENTED_EDGE('',*,*,#1186,.F.);
#1490=ORIENTED_EDGE('',*,*,#1178,.F.);
#1491=ORIENTED_EDGE('',*,*,#1171,.T.);
#1492=ORIENTED_EDGE('',*,*,#1173,.F.);
#1493=ORIENTED_EDGE('',*,*,#1187,.T.);
#1494=ORIENTED_EDGE('',*,*,#1149,.F.);
#1495=ORIENTED_EDGE('',*,*,#1153,.T.);
#1496=ORIENTED_EDGE('',*,*,#1165,.F.);
#1497=ORIENTED_EDGE('',*,*,#1167,.T.);
#1498=ORIENTED_EDGE('',*,*,#1169,.F.);
#1499=ORIENTED_EDGE('',*,*,#1188,.T.);
#1500=ORIENTED_EDGE('',*,*,#1179,.T.);
#1501=ORIENTED_EDGE('',*,*,#1186,.T.);
#1502=ORIENTED_EDGE('',*,*,#1189,.T.);
#1503=ORIENTED_EDGE('',*,*,#1189,.F.);
#1504=ORIENTED_EDGE('',*,*,#1185,.T.);
#1505=ORIENTED_EDGE('',*,*,#1190,.F.);
#1506=ORIENTED_EDGE('',*,*,#1191,.F.);
#1507=ORIENTED_EDGE('',*,*,#1192,.T.);
#1508=ORIENTED_EDGE('',*,*,#1190,.T.);
#1509=ORIENTED_EDGE('',*,*,#1184,.T.);
#1510=ORIENTED_EDGE('',*,*,#1193,.T.);
#1511=ORIENTED_EDGE('',*,*,#1193,.F.);
#1512=ORIENTED_EDGE('',*,*,#1183,.T.);
#1513=ORIENTED_EDGE('',*,*,#1194,.F.);
#1514=ORIENTED_EDGE('',*,*,#1195,.F.);
#1515=ORIENTED_EDGE('',*,*,#1196,.T.);
#1516=ORIENTED_EDGE('',*,*,#1194,.T.);
#1517=ORIENTED_EDGE('',*,*,#1182,.T.);
#1518=ORIENTED_EDGE('',*,*,#1197,.T.);
#1519=ORIENTED_EDGE('',*,*,#1175,.F.);
#1520=ORIENTED_EDGE('',*,*,#1198,.F.);
#1521=ORIENTED_EDGE('',*,*,#1197,.F.);
#1522=ORIENTED_EDGE('',*,*,#1181,.T.);
#1523=ORIENTED_EDGE('',*,*,#1199,.F.);
#1524=ORIENTED_EDGE('',*,*,#1200,.F.);
#1525=ORIENTED_EDGE('',*,*,#1201,.F.);
#1526=ORIENTED_EDGE('',*,*,#1202,.T.);
#1527=ORIENTED_EDGE('',*,*,#1203,.F.);
#1528=ORIENTED_EDGE('',*,*,#1202,.F.);
#1529=ORIENTED_EDGE('',*,*,#1204,.F.);
#1530=ORIENTED_EDGE('',*,*,#1205,.T.);
#1531=ORIENTED_EDGE('',*,*,#1206,.F.);
#1532=ORIENTED_EDGE('',*,*,#1205,.F.);
#1533=ORIENTED_EDGE('',*,*,#1207,.F.);
#1534=ORIENTED_EDGE('',*,*,#1208,.T.);
#1535=ORIENTED_EDGE('',*,*,#1209,.F.);
#1536=ORIENTED_EDGE('',*,*,#1208,.F.);
#1537=ORIENTED_EDGE('',*,*,#1210,.F.);
#1538=ORIENTED_EDGE('',*,*,#1200,.T.);
#1539=ORIENTED_EDGE('',*,*,#1211,.F.);
#1540=ORIENTED_EDGE('',*,*,#1212,.F.);
#1541=ORIENTED_EDGE('',*,*,#1213,.F.);
#1542=ORIENTED_EDGE('',*,*,#1214,.T.);
#1543=ORIENTED_EDGE('',*,*,#1215,.F.);
#1544=ORIENTED_EDGE('',*,*,#1214,.F.);
#1545=ORIENTED_EDGE('',*,*,#1216,.F.);
#1546=ORIENTED_EDGE('',*,*,#1217,.T.);
#1547=ORIENTED_EDGE('',*,*,#1218,.F.);
#1548=ORIENTED_EDGE('',*,*,#1217,.F.);
#1549=ORIENTED_EDGE('',*,*,#1219,.F.);
#1550=ORIENTED_EDGE('',*,*,#1220,.T.);
#1551=ORIENTED_EDGE('',*,*,#1221,.F.);
#1552=ORIENTED_EDGE('',*,*,#1220,.F.);
#1553=ORIENTED_EDGE('',*,*,#1222,.F.);
#1554=ORIENTED_EDGE('',*,*,#1212,.T.);
#1555=ORIENTED_EDGE('',*,*,#1223,.F.);
#1556=ORIENTED_EDGE('',*,*,#1224,.F.);
#1557=ORIENTED_EDGE('',*,*,#1225,.F.);
#1558=ORIENTED_EDGE('',*,*,#1226,.T.);
#1559=ORIENTED_EDGE('',*,*,#1227,.F.);
#1560=ORIENTED_EDGE('',*,*,#1226,.F.);
#1561=ORIENTED_EDGE('',*,*,#1228,.F.);
#1562=ORIENTED_EDGE('',*,*,#1229,.T.);
#1563=ORIENTED_EDGE('',*,*,#1230,.F.);
#1564=ORIENTED_EDGE('',*,*,#1229,.F.);
#1565=ORIENTED_EDGE('',*,*,#1231,.F.);
#1566=ORIENTED_EDGE('',*,*,#1232,.T.);
#1567=ORIENTED_EDGE('',*,*,#1233,.F.);
#1568=ORIENTED_EDGE('',*,*,#1232,.F.);
#1569=ORIENTED_EDGE('',*,*,#1234,.F.);
#1570=ORIENTED_EDGE('',*,*,#1224,.T.);
#1571=ORIENTED_EDGE('',*,*,#1235,.F.);
#1572=ORIENTED_EDGE('',*,*,#1236,.F.);
#1573=ORIENTED_EDGE('',*,*,#1237,.F.);
#1574=ORIENTED_EDGE('',*,*,#1238,.T.);
#1575=ORIENTED_EDGE('',*,*,#1239,.F.);
#1576=ORIENTED_EDGE('',*,*,#1238,.F.);
#1577=ORIENTED_EDGE('',*,*,#1240,.F.);
#1578=ORIENTED_EDGE('',*,*,#1241,.T.);
#1579=ORIENTED_EDGE('',*,*,#1242,.F.);
#1580=ORIENTED_EDGE('',*,*,#1241,.F.);
#1581=ORIENTED_EDGE('',*,*,#1243,.F.);
#1582=ORIENTED_EDGE('',*,*,#1244,.T.);
#1583=ORIENTED_EDGE('',*,*,#1245,.F.);
#1584=ORIENTED_EDGE('',*,*,#1244,.F.);
#1585=ORIENTED_EDGE('',*,*,#1246,.F.);
#1586=ORIENTED_EDGE('',*,*,#1236,.T.);
#1587=ORIENTED_EDGE('',*,*,#1247,.F.);
#1588=ORIENTED_EDGE('',*,*,#1248,.F.);
#1589=ORIENTED_EDGE('',*,*,#1249,.F.);
#1590=ORIENTED_EDGE('',*,*,#1250,.T.);
#1591=ORIENTED_EDGE('',*,*,#1251,.F.);
#1592=ORIENTED_EDGE('',*,*,#1250,.F.);
#1593=ORIENTED_EDGE('',*,*,#1252,.F.);
#1594=ORIENTED_EDGE('',*,*,#1253,.T.);
#1595=ORIENTED_EDGE('',*,*,#1254,.F.);
#1596=ORIENTED_EDGE('',*,*,#1253,.F.);
#1597=ORIENTED_EDGE('',*,*,#1255,.F.);
#1598=ORIENTED_EDGE('',*,*,#1256,.T.);
#1599=ORIENTED_EDGE('',*,*,#1257,.F.);
#1600=ORIENTED_EDGE('',*,*,#1256,.F.);
#1601=ORIENTED_EDGE('',*,*,#1258,.F.);
#1602=ORIENTED_EDGE('',*,*,#1248,.T.);
#1603=ORIENTED_EDGE('',*,*,#1259,.F.);
#1604=ORIENTED_EDGE('',*,*,#1260,.F.);
#1605=ORIENTED_EDGE('',*,*,#1261,.F.);
#1606=ORIENTED_EDGE('',*,*,#1262,.T.);
#1607=ORIENTED_EDGE('',*,*,#1263,.F.);
#1608=ORIENTED_EDGE('',*,*,#1262,.F.);
#1609=ORIENTED_EDGE('',*,*,#1264,.F.);
#1610=ORIENTED_EDGE('',*,*,#1265,.T.);
#1611=ORIENTED_EDGE('',*,*,#1266,.F.);
#1612=ORIENTED_EDGE('',*,*,#1265,.F.);
#1613=ORIENTED_EDGE('',*,*,#1267,.F.);
#1614=ORIENTED_EDGE('',*,*,#1268,.T.);
#1615=ORIENTED_EDGE('',*,*,#1269,.F.);
#1616=ORIENTED_EDGE('',*,*,#1268,.F.);
#1617=ORIENTED_EDGE('',*,*,#1270,.F.);
#1618=ORIENTED_EDGE('',*,*,#1260,.T.);
#1619=ORIENTED_EDGE('',*,*,#1271,.F.);
#1620=ORIENTED_EDGE('',*,*,#1272,.F.);
#1621=ORIENTED_EDGE('',*,*,#1273,.F.);
#1622=ORIENTED_EDGE('',*,*,#1274,.T.);
#1623=ORIENTED_EDGE('',*,*,#1275,.F.);
#1624=ORIENTED_EDGE('',*,*,#1274,.F.);
#1625=ORIENTED_EDGE('',*,*,#1276,.F.);
#1626=ORIENTED_EDGE('',*,*,#1277,.T.);
#1627=ORIENTED_EDGE('',*,*,#1278,.F.);
#1628=ORIENTED_EDGE('',*,*,#1277,.F.);
#1629=ORIENTED_EDGE('',*,*,#1279,.F.);
#1630=ORIENTED_EDGE('',*,*,#1280,.T.);
#1631=ORIENTED_EDGE('',*,*,#1281,.F.);
#1632=ORIENTED_EDGE('',*,*,#1280,.F.);
#1633=ORIENTED_EDGE('',*,*,#1282,.F.);
#1634=ORIENTED_EDGE('',*,*,#1272,.T.);
#1635=ORIENTED_EDGE('',*,*,#1283,.F.);
#1636=ORIENTED_EDGE('',*,*,#1284,.F.);
#1637=ORIENTED_EDGE('',*,*,#1285,.F.);
#1638=ORIENTED_EDGE('',*,*,#1286,.T.);
#1639=ORIENTED_EDGE('',*,*,#1287,.F.);
#1640=ORIENTED_EDGE('',*,*,#1286,.F.);
#1641=ORIENTED_EDGE('',*,*,#1288,.F.);
#1642=ORIENTED_EDGE('',*,*,#1289,.T.);
#1643=ORIENTED_EDGE('',*,*,#1290,.F.);
#1644=ORIENTED_EDGE('',*,*,#1289,.F.);
#1645=ORIENTED_EDGE('',*,*,#1291,.F.);
#1646=ORIENTED_EDGE('',*,*,#1292,.T.);
#1647=ORIENTED_EDGE('',*,*,#1293,.F.);
#1648=ORIENTED_EDGE('',*,*,#1292,.F.);
#1649=ORIENTED_EDGE('',*,*,#1294,.F.);
#1650=ORIENTED_EDGE('',*,*,#1284,.T.);
#1651=ORIENTED_EDGE('',*,*,#1295,.F.);
#1652=ORIENTED_EDGE('',*,*,#1296,.F.);
#1653=ORIENTED_EDGE('',*,*,#1297,.F.);
#1654=ORIENTED_EDGE('',*,*,#1298,.T.);
#1655=ORIENTED_EDGE('',*,*,#1299,.F.);
#1656=ORIENTED_EDGE('',*,*,#1298,.F.);
#1657=ORIENTED_EDGE('',*,*,#1300,.F.);
#1658=ORIENTED_EDGE('',*,*,#1301,.T.);
#1659=ORIENTED_EDGE('',*,*,#1302,.F.);
#1660=ORIENTED_EDGE('',*,*,#1301,.F.);
#1661=ORIENTED_EDGE('',*,*,#1303,.F.);
#1662=ORIENTED_EDGE('',*,*,#1304,.T.);
#1663=ORIENTED_EDGE('',*,*,#1305,.F.);
#1664=ORIENTED_EDGE('',*,*,#1304,.F.);
#1665=ORIENTED_EDGE('',*,*,#1306,.F.);
#1666=ORIENTED_EDGE('',*,*,#1296,.T.);
#1667=ORIENTED_EDGE('',*,*,#1307,.F.);
#1668=ORIENTED_EDGE('',*,*,#1308,.F.);
#1669=ORIENTED_EDGE('',*,*,#1309,.F.);
#1670=ORIENTED_EDGE('',*,*,#1310,.T.);
#1671=ORIENTED_EDGE('',*,*,#1311,.F.);
#1672=ORIENTED_EDGE('',*,*,#1310,.F.);
#1673=ORIENTED_EDGE('',*,*,#1312,.F.);
#1674=ORIENTED_EDGE('',*,*,#1313,.T.);
#1675=ORIENTED_EDGE('',*,*,#1314,.F.);
#1676=ORIENTED_EDGE('',*,*,#1313,.F.);
#1677=ORIENTED_EDGE('',*,*,#1315,.F.);
#1678=ORIENTED_EDGE('',*,*,#1316,.T.);
#1679=ORIENTED_EDGE('',*,*,#1317,.F.);
#1680=ORIENTED_EDGE('',*,*,#1316,.F.);
#1681=ORIENTED_EDGE('',*,*,#1318,.F.);
#1682=ORIENTED_EDGE('',*,*,#1308,.T.);
#1683=ORIENTED_EDGE('',*,*,#1319,.F.);
#1684=ORIENTED_EDGE('',*,*,#1320,.F.);
#1685=ORIENTED_EDGE('',*,*,#1321,.F.);
#1686=ORIENTED_EDGE('',*,*,#1322,.T.);
#1687=ORIENTED_EDGE('',*,*,#1323,.F.);
#1688=ORIENTED_EDGE('',*,*,#1322,.F.);
#1689=ORIENTED_EDGE('',*,*,#1324,.F.);
#1690=ORIENTED_EDGE('',*,*,#1325,.T.);
#1691=ORIENTED_EDGE('',*,*,#1326,.F.);
#1692=ORIENTED_EDGE('',*,*,#1325,.F.);
#1693=ORIENTED_EDGE('',*,*,#1327,.F.);
#1694=ORIENTED_EDGE('',*,*,#1328,.T.);
#1695=ORIENTED_EDGE('',*,*,#1329,.F.);
#1696=ORIENTED_EDGE('',*,*,#1328,.F.);
#1697=ORIENTED_EDGE('',*,*,#1330,.F.);
#1698=ORIENTED_EDGE('',*,*,#1320,.T.);
#1699=ORIENTED_EDGE('',*,*,#1331,.F.);
#1700=ORIENTED_EDGE('',*,*,#1332,.F.);
#1701=ORIENTED_EDGE('',*,*,#1333,.F.);
#1702=ORIENTED_EDGE('',*,*,#1334,.T.);
#1703=ORIENTED_EDGE('',*,*,#1335,.F.);
#1704=ORIENTED_EDGE('',*,*,#1334,.F.);
#1705=ORIENTED_EDGE('',*,*,#1336,.F.);
#1706=ORIENTED_EDGE('',*,*,#1337,.T.);
#1707=ORIENTED_EDGE('',*,*,#1338,.F.);
#1708=ORIENTED_EDGE('',*,*,#1337,.F.);
#1709=ORIENTED_EDGE('',*,*,#1339,.F.);
#1710=ORIENTED_EDGE('',*,*,#1340,.T.);
#1711=ORIENTED_EDGE('',*,*,#1341,.F.);
#1712=ORIENTED_EDGE('',*,*,#1340,.F.);
#1713=ORIENTED_EDGE('',*,*,#1342,.F.);
#1714=ORIENTED_EDGE('',*,*,#1332,.T.);
#1715=ORIENTED_EDGE('',*,*,#1343,.F.);
#1716=ORIENTED_EDGE('',*,*,#1344,.F.);
#1717=ORIENTED_EDGE('',*,*,#1345,.F.);
#1718=ORIENTED_EDGE('',*,*,#1346,.T.);
#1719=ORIENTED_EDGE('',*,*,#1347,.F.);
#1720=ORIENTED_EDGE('',*,*,#1346,.F.);
#1721=ORIENTED_EDGE('',*,*,#1348,.F.);
#1722=ORIENTED_EDGE('',*,*,#1349,.T.);
#1723=ORIENTED_EDGE('',*,*,#1350,.F.);
#1724=ORIENTED_EDGE('',*,*,#1349,.F.);
#1725=ORIENTED_EDGE('',*,*,#1351,.F.);
#1726=ORIENTED_EDGE('',*,*,#1352,.T.);
#1727=ORIENTED_EDGE('',*,*,#1353,.F.);
#1728=ORIENTED_EDGE('',*,*,#1352,.F.);
#1729=ORIENTED_EDGE('',*,*,#1354,.F.);
#1730=ORIENTED_EDGE('',*,*,#1344,.T.);
#1731=ORIENTED_EDGE('',*,*,#1355,.F.);
#1732=ORIENTED_EDGE('',*,*,#1356,.F.);
#1733=ORIENTED_EDGE('',*,*,#1357,.F.);
#1734=ORIENTED_EDGE('',*,*,#1358,.T.);
#1735=ORIENTED_EDGE('',*,*,#1359,.F.);
#1736=ORIENTED_EDGE('',*,*,#1358,.F.);
#1737=ORIENTED_EDGE('',*,*,#1360,.F.);
#1738=ORIENTED_EDGE('',*,*,#1361,.T.);
#1739=ORIENTED_EDGE('',*,*,#1362,.F.);
#1740=ORIENTED_EDGE('',*,*,#1361,.F.);
#1741=ORIENTED_EDGE('',*,*,#1363,.F.);
#1742=ORIENTED_EDGE('',*,*,#1364,.T.);
#1743=ORIENTED_EDGE('',*,*,#1365,.F.);
#1744=ORIENTED_EDGE('',*,*,#1364,.F.);
#1745=ORIENTED_EDGE('',*,*,#1366,.F.);
#1746=ORIENTED_EDGE('',*,*,#1356,.T.);
#1747=ORIENTED_EDGE('',*,*,#1367,.F.);
#1748=ORIENTED_EDGE('',*,*,#1368,.F.);
#1749=ORIENTED_EDGE('',*,*,#1369,.F.);
#1750=ORIENTED_EDGE('',*,*,#1370,.T.);
#1751=ORIENTED_EDGE('',*,*,#1371,.F.);
#1752=ORIENTED_EDGE('',*,*,#1370,.F.);
#1753=ORIENTED_EDGE('',*,*,#1372,.F.);
#1754=ORIENTED_EDGE('',*,*,#1373,.T.);
#1755=ORIENTED_EDGE('',*,*,#1374,.F.);
#1756=ORIENTED_EDGE('',*,*,#1373,.F.);
#1757=ORIENTED_EDGE('',*,*,#1375,.F.);
#1758=ORIENTED_EDGE('',*,*,#1376,.T.);
#1759=ORIENTED_EDGE('',*,*,#1377,.F.);
#1760=ORIENTED_EDGE('',*,*,#1376,.F.);
#1761=ORIENTED_EDGE('',*,*,#1378,.F.);
#1762=ORIENTED_EDGE('',*,*,#1368,.T.);
#1763=ORIENTED_EDGE('',*,*,#1379,.F.);
#1764=ORIENTED_EDGE('',*,*,#1380,.T.);
#1765=ORIENTED_EDGE('',*,*,#1381,.T.);
#1766=ORIENTED_EDGE('',*,*,#1380,.F.);
#1767=ORIENTED_EDGE('',*,*,#1381,.F.);
#1768=ORIENTED_EDGE('',*,*,#1382,.F.);
#1769=ORIENTED_EDGE('',*,*,#1383,.T.);
#1770=ORIENTED_EDGE('',*,*,#1384,.T.);
#1771=ORIENTED_EDGE('',*,*,#1383,.F.);
#1772=ORIENTED_EDGE('',*,*,#1384,.F.);
#1773=ORIENTED_EDGE('',*,*,#1379,.T.);
#1774=ORIENTED_EDGE('',*,*,#1385,.F.);
#1775=ORIENTED_EDGE('',*,*,#1386,.T.);
#1776=ORIENTED_EDGE('',*,*,#1387,.T.);
#1777=ORIENTED_EDGE('',*,*,#1386,.F.);
#1778=ORIENTED_EDGE('',*,*,#1387,.F.);
#1779=ORIENTED_EDGE('',*,*,#1388,.F.);
#1780=ORIENTED_EDGE('',*,*,#1389,.T.);
#1781=ORIENTED_EDGE('',*,*,#1390,.T.);
#1782=ORIENTED_EDGE('',*,*,#1389,.F.);
#1783=ORIENTED_EDGE('',*,*,#1390,.F.);
#1784=ORIENTED_EDGE('',*,*,#1385,.T.);
#1785=ORIENTED_EDGE('',*,*,#1391,.F.);
#1786=ORIENTED_EDGE('',*,*,#1392,.T.);
#1787=ORIENTED_EDGE('',*,*,#1393,.T.);
#1788=ORIENTED_EDGE('',*,*,#1392,.F.);
#1789=ORIENTED_EDGE('',*,*,#1393,.F.);
#1790=ORIENTED_EDGE('',*,*,#1394,.F.);
#1791=ORIENTED_EDGE('',*,*,#1395,.T.);
#1792=ORIENTED_EDGE('',*,*,#1396,.T.);
#1793=ORIENTED_EDGE('',*,*,#1395,.F.);
#1794=ORIENTED_EDGE('',*,*,#1396,.F.);
#1795=ORIENTED_EDGE('',*,*,#1391,.T.);
#1796=ORIENTED_EDGE('',*,*,#1397,.F.);
#1797=ORIENTED_EDGE('',*,*,#1398,.T.);
#1798=ORIENTED_EDGE('',*,*,#1399,.T.);
#1799=ORIENTED_EDGE('',*,*,#1398,.F.);
#1800=ORIENTED_EDGE('',*,*,#1399,.F.);
#1801=ORIENTED_EDGE('',*,*,#1400,.F.);
#1802=ORIENTED_EDGE('',*,*,#1401,.T.);
#1803=ORIENTED_EDGE('',*,*,#1402,.T.);
#1804=ORIENTED_EDGE('',*,*,#1401,.F.);
#1805=ORIENTED_EDGE('',*,*,#1402,.F.);
#1806=ORIENTED_EDGE('',*,*,#1397,.T.);
#1807=ORIENTED_EDGE('',*,*,#1403,.F.);
#1808=ORIENTED_EDGE('',*,*,#1404,.F.);
#1809=ORIENTED_EDGE('',*,*,#1405,.F.);
#1810=ORIENTED_EDGE('',*,*,#1406,.T.);
#1811=ORIENTED_EDGE('',*,*,#1407,.F.);
#1812=ORIENTED_EDGE('',*,*,#1406,.F.);
#1813=ORIENTED_EDGE('',*,*,#1408,.F.);
#1814=ORIENTED_EDGE('',*,*,#1409,.T.);
#1815=ORIENTED_EDGE('',*,*,#1410,.F.);
#1816=ORIENTED_EDGE('',*,*,#1409,.F.);
#1817=ORIENTED_EDGE('',*,*,#1411,.F.);
#1818=ORIENTED_EDGE('',*,*,#1412,.T.);
#1819=ORIENTED_EDGE('',*,*,#1413,.F.);
#1820=ORIENTED_EDGE('',*,*,#1412,.F.);
#1821=ORIENTED_EDGE('',*,*,#1414,.F.);
#1822=ORIENTED_EDGE('',*,*,#1404,.T.);
#1823=ORIENTED_EDGE('',*,*,#1415,.F.);
#1824=ORIENTED_EDGE('',*,*,#1416,.T.);
#1825=ORIENTED_EDGE('',*,*,#1417,.F.);
#1826=ORIENTED_EDGE('',*,*,#1416,.F.);
#1827=ORIENTED_EDGE('',*,*,#1418,.F.);
#1828=ORIENTED_EDGE('',*,*,#1419,.T.);
#1829=ORIENTED_EDGE('',*,*,#1420,.F.);
#1830=ORIENTED_EDGE('',*,*,#1419,.F.);
#1831=ORIENTED_EDGE('',*,*,#1421,.F.);
#1832=ORIENTED_EDGE('',*,*,#1422,.T.);
#1833=ORIENTED_EDGE('',*,*,#1423,.F.);
#1834=ORIENTED_EDGE('',*,*,#1422,.F.);
#1835=ORIENTED_EDGE('',*,*,#1424,.F.);
#1836=ORIENTED_EDGE('',*,*,#1425,.T.);
#1837=ORIENTED_EDGE('',*,*,#1426,.F.);
#1838=ORIENTED_EDGE('',*,*,#1425,.F.);
#1839=ORIENTED_EDGE('',*,*,#1161,.T.);
#1840=ORIENTED_EDGE('',*,*,#1427,.T.);
#1841=ORIENTED_EDGE('',*,*,#1428,.F.);
#1842=ORIENTED_EDGE('',*,*,#1429,.F.);
#1843=ORIENTED_EDGE('',*,*,#1162,.T.);
#1844=ORIENTED_EDGE('',*,*,#1429,.T.);
#1845=ORIENTED_EDGE('',*,*,#1430,.F.);
#1846=ORIENTED_EDGE('',*,*,#1431,.F.);
#1847=ORIENTED_EDGE('',*,*,#1163,.T.);
#1848=ORIENTED_EDGE('',*,*,#1431,.T.);
#1849=ORIENTED_EDGE('',*,*,#1432,.F.);
#1850=ORIENTED_EDGE('',*,*,#1433,.F.);
#1851=ORIENTED_EDGE('',*,*,#1160,.T.);
#1852=ORIENTED_EDGE('',*,*,#1433,.T.);
#1853=ORIENTED_EDGE('',*,*,#1434,.F.);
#1854=ORIENTED_EDGE('',*,*,#1427,.F.);
#1855=ORIENTED_EDGE('',*,*,#1150,.F.);
#1856=ORIENTED_EDGE('',*,*,#1187,.F.);
#1857=ORIENTED_EDGE('',*,*,#1172,.F.);
#1858=ORIENTED_EDGE('',*,*,#1154,.T.);
#1859=ORIENTED_EDGE('',*,*,#1174,.F.);
#1860=ORIENTED_EDGE('',*,*,#1180,.T.);
#1861=ORIENTED_EDGE('',*,*,#1188,.F.);
#1862=ORIENTED_EDGE('',*,*,#1191,.T.);
#1863=ORIENTED_EDGE('',*,*,#1192,.F.);
#1864=ORIENTED_EDGE('',*,*,#1195,.T.);
#1865=ORIENTED_EDGE('',*,*,#1196,.F.);
#1866=ORIENTED_EDGE('',*,*,#1198,.T.);
#1867=ORIENTED_EDGE('',*,*,#1426,.T.);
#1868=ORIENTED_EDGE('',*,*,#1423,.T.);
#1869=ORIENTED_EDGE('',*,*,#1420,.T.);
#1870=ORIENTED_EDGE('',*,*,#1417,.T.);
#1871=ORIENTED_EDGE('',*,*,#1410,.T.);
#1872=ORIENTED_EDGE('',*,*,#1413,.T.);
#1873=ORIENTED_EDGE('',*,*,#1403,.T.);
#1874=ORIENTED_EDGE('',*,*,#1407,.T.);
#1875=ORIENTED_EDGE('',*,*,#1374,.T.);
#1876=ORIENTED_EDGE('',*,*,#1377,.T.);
#1877=ORIENTED_EDGE('',*,*,#1367,.T.);
#1878=ORIENTED_EDGE('',*,*,#1371,.T.);
#1879=ORIENTED_EDGE('',*,*,#1362,.T.);
#1880=ORIENTED_EDGE('',*,*,#1365,.T.);
#1881=ORIENTED_EDGE('',*,*,#1355,.T.);
#1882=ORIENTED_EDGE('',*,*,#1359,.T.);
#1883=ORIENTED_EDGE('',*,*,#1350,.T.);
#1884=ORIENTED_EDGE('',*,*,#1353,.T.);
#1885=ORIENTED_EDGE('',*,*,#1343,.T.);
#1886=ORIENTED_EDGE('',*,*,#1347,.T.);
#1887=ORIENTED_EDGE('',*,*,#1338,.T.);
#1888=ORIENTED_EDGE('',*,*,#1341,.T.);
#1889=ORIENTED_EDGE('',*,*,#1331,.T.);
#1890=ORIENTED_EDGE('',*,*,#1335,.T.);
#1891=ORIENTED_EDGE('',*,*,#1326,.T.);
#1892=ORIENTED_EDGE('',*,*,#1329,.T.);
#1893=ORIENTED_EDGE('',*,*,#1319,.T.);
#1894=ORIENTED_EDGE('',*,*,#1323,.T.);
#1895=ORIENTED_EDGE('',*,*,#1314,.T.);
#1896=ORIENTED_EDGE('',*,*,#1317,.T.);
#1897=ORIENTED_EDGE('',*,*,#1307,.T.);
#1898=ORIENTED_EDGE('',*,*,#1311,.T.);
#1899=ORIENTED_EDGE('',*,*,#1302,.T.);
#1900=ORIENTED_EDGE('',*,*,#1305,.T.);
#1901=ORIENTED_EDGE('',*,*,#1295,.T.);
#1902=ORIENTED_EDGE('',*,*,#1299,.T.);
#1903=ORIENTED_EDGE('',*,*,#1290,.T.);
#1904=ORIENTED_EDGE('',*,*,#1293,.T.);
#1905=ORIENTED_EDGE('',*,*,#1283,.T.);
#1906=ORIENTED_EDGE('',*,*,#1287,.T.);
#1907=ORIENTED_EDGE('',*,*,#1278,.T.);
#1908=ORIENTED_EDGE('',*,*,#1281,.T.);
#1909=ORIENTED_EDGE('',*,*,#1271,.T.);
#1910=ORIENTED_EDGE('',*,*,#1275,.T.);
#1911=ORIENTED_EDGE('',*,*,#1266,.T.);
#1912=ORIENTED_EDGE('',*,*,#1269,.T.);
#1913=ORIENTED_EDGE('',*,*,#1259,.T.);
#1914=ORIENTED_EDGE('',*,*,#1263,.T.);
#1915=ORIENTED_EDGE('',*,*,#1254,.T.);
#1916=ORIENTED_EDGE('',*,*,#1257,.T.);
#1917=ORIENTED_EDGE('',*,*,#1247,.T.);
#1918=ORIENTED_EDGE('',*,*,#1251,.T.);
#1919=ORIENTED_EDGE('',*,*,#1242,.T.);
#1920=ORIENTED_EDGE('',*,*,#1245,.T.);
#1921=ORIENTED_EDGE('',*,*,#1235,.T.);
#1922=ORIENTED_EDGE('',*,*,#1239,.T.);
#1923=ORIENTED_EDGE('',*,*,#1230,.T.);
#1924=ORIENTED_EDGE('',*,*,#1233,.T.);
#1925=ORIENTED_EDGE('',*,*,#1223,.T.);
#1926=ORIENTED_EDGE('',*,*,#1227,.T.);
#1927=ORIENTED_EDGE('',*,*,#1218,.T.);
#1928=ORIENTED_EDGE('',*,*,#1221,.T.);
#1929=ORIENTED_EDGE('',*,*,#1211,.T.);
#1930=ORIENTED_EDGE('',*,*,#1215,.T.);
#1931=ORIENTED_EDGE('',*,*,#1206,.T.);
#1932=ORIENTED_EDGE('',*,*,#1209,.T.);
#1933=ORIENTED_EDGE('',*,*,#1199,.T.);
#1934=ORIENTED_EDGE('',*,*,#1203,.T.);
#1935=ORIENTED_EDGE('',*,*,#1428,.T.);
#1936=ORIENTED_EDGE('',*,*,#1434,.T.);
#1937=ORIENTED_EDGE('',*,*,#1432,.T.);
#1938=ORIENTED_EDGE('',*,*,#1430,.T.);
#1939=ORIENTED_EDGE('',*,*,#1382,.T.);
#1940=ORIENTED_EDGE('',*,*,#1424,.T.);
#1941=ORIENTED_EDGE('',*,*,#1421,.T.);
#1942=ORIENTED_EDGE('',*,*,#1418,.T.);
#1943=ORIENTED_EDGE('',*,*,#1415,.T.);
#1944=ORIENTED_EDGE('',*,*,#1411,.T.);
#1945=ORIENTED_EDGE('',*,*,#1408,.T.);
#1946=ORIENTED_EDGE('',*,*,#1405,.T.);
#1947=ORIENTED_EDGE('',*,*,#1414,.T.);
#1948=ORIENTED_EDGE('',*,*,#1400,.T.);
#1949=ORIENTED_EDGE('',*,*,#1394,.T.);
#1950=ORIENTED_EDGE('',*,*,#1388,.T.);
#1951=ORIENTED_EDGE('',*,*,#1375,.T.);
#1952=ORIENTED_EDGE('',*,*,#1372,.T.);
#1953=ORIENTED_EDGE('',*,*,#1369,.T.);
#1954=ORIENTED_EDGE('',*,*,#1378,.T.);
#1955=ORIENTED_EDGE('',*,*,#1363,.T.);
#1956=ORIENTED_EDGE('',*,*,#1360,.T.);
#1957=ORIENTED_EDGE('',*,*,#1357,.T.);
#1958=ORIENTED_EDGE('',*,*,#1366,.T.);
#1959=ORIENTED_EDGE('',*,*,#1351,.T.);
#1960=ORIENTED_EDGE('',*,*,#1348,.T.);
#1961=ORIENTED_EDGE('',*,*,#1345,.T.);
#1962=ORIENTED_EDGE('',*,*,#1354,.T.);
#1963=ORIENTED_EDGE('',*,*,#1339,.T.);
#1964=ORIENTED_EDGE('',*,*,#1336,.T.);
#1965=ORIENTED_EDGE('',*,*,#1333,.T.);
#1966=ORIENTED_EDGE('',*,*,#1342,.T.);
#1967=ORIENTED_EDGE('',*,*,#1327,.T.);
#1968=ORIENTED_EDGE('',*,*,#1324,.T.);
#1969=ORIENTED_EDGE('',*,*,#1321,.T.);
#1970=ORIENTED_EDGE('',*,*,#1330,.T.);
#1971=ORIENTED_EDGE('',*,*,#1315,.T.);
#1972=ORIENTED_EDGE('',*,*,#1312,.T.);
#1973=ORIENTED_EDGE('',*,*,#1309,.T.);
#1974=ORIENTED_EDGE('',*,*,#1318,.T.);
#1975=ORIENTED_EDGE('',*,*,#1303,.T.);
#1976=ORIENTED_EDGE('',*,*,#1300,.T.);
#1977=ORIENTED_EDGE('',*,*,#1297,.T.);
#1978=ORIENTED_EDGE('',*,*,#1306,.T.);
#1979=ORIENTED_EDGE('',*,*,#1291,.T.);
#1980=ORIENTED_EDGE('',*,*,#1288,.T.);
#1981=ORIENTED_EDGE('',*,*,#1285,.T.);
#1982=ORIENTED_EDGE('',*,*,#1294,.T.);
#1983=ORIENTED_EDGE('',*,*,#1279,.T.);
#1984=ORIENTED_EDGE('',*,*,#1276,.T.);
#1985=ORIENTED_EDGE('',*,*,#1273,.T.);
#1986=ORIENTED_EDGE('',*,*,#1282,.T.);
#1987=ORIENTED_EDGE('',*,*,#1267,.T.);
#1988=ORIENTED_EDGE('',*,*,#1264,.T.);
#1989=ORIENTED_EDGE('',*,*,#1261,.T.);
#1990=ORIENTED_EDGE('',*,*,#1270,.T.);
#1991=ORIENTED_EDGE('',*,*,#1255,.T.);
#1992=ORIENTED_EDGE('',*,*,#1252,.T.);
#1993=ORIENTED_EDGE('',*,*,#1249,.T.);
#1994=ORIENTED_EDGE('',*,*,#1258,.T.);
#1995=ORIENTED_EDGE('',*,*,#1243,.T.);
#1996=ORIENTED_EDGE('',*,*,#1240,.T.);
#1997=ORIENTED_EDGE('',*,*,#1237,.T.);
#1998=ORIENTED_EDGE('',*,*,#1246,.T.);
#1999=ORIENTED_EDGE('',*,*,#1231,.T.);
#2000=ORIENTED_EDGE('',*,*,#1228,.T.);
#2001=ORIENTED_EDGE('',*,*,#1225,.T.);
#2002=ORIENTED_EDGE('',*,*,#1234,.T.);
#2003=ORIENTED_EDGE('',*,*,#1219,.T.);
#2004=ORIENTED_EDGE('',*,*,#1216,.T.);
#2005=ORIENTED_EDGE('',*,*,#1213,.T.);
#2006=ORIENTED_EDGE('',*,*,#1222,.T.);
#2007=ORIENTED_EDGE('',*,*,#1207,.T.);
#2008=ORIENTED_EDGE('',*,*,#1204,.T.);
#2009=ORIENTED_EDGE('',*,*,#1201,.T.);
#2010=ORIENTED_EDGE('',*,*,#1210,.T.);
#2011=CYLINDRICAL_SURFACE('',#2153,1.3);
#2012=CYLINDRICAL_SURFACE('',#2161,1.3);
#2013=CYLINDRICAL_SURFACE('',#2164,1.3);
#2014=CYLINDRICAL_SURFACE('',#2167,1.3);
#2015=CYLINDRICAL_SURFACE('',#2169,3.);
#2016=CYLINDRICAL_SURFACE('',#2177,3.);
#2017=CYLINDRICAL_SURFACE('',#2180,3.);
#2018=CYLINDRICAL_SURFACE('',#2183,3.);
#2019=CYLINDRICAL_SURFACE('',#2246,0.750000000000002);
#2020=CYLINDRICAL_SURFACE('',#2250,1.9);
#2021=CYLINDRICAL_SURFACE('',#2254,0.750000000000002);
#2022=CYLINDRICAL_SURFACE('',#2258,1.9);
#2023=CYLINDRICAL_SURFACE('',#2262,0.750000000000002);
#2024=CYLINDRICAL_SURFACE('',#2266,1.9);
#2025=CYLINDRICAL_SURFACE('',#2270,0.750000000000002);
#2026=CYLINDRICAL_SURFACE('',#2274,1.9);
#2027=CYLINDRICAL_SURFACE('',#2282,1.09999999999999);
#2028=CYLINDRICAL_SURFACE('',#2285,1.1);
#2029=CYLINDRICAL_SURFACE('',#2288,1.09999999999999);
#2030=CYLINDRICAL_SURFACE('',#2291,1.1);
#2031=ADVANCED_FACE('',(#153),#2011,.T.);
#2032=ADVANCED_FACE('',(#154),#65,.T.);
#2033=ADVANCED_FACE('',(#155,#15),#66,.F.);
#2034=ADVANCED_FACE('',(#156),#2012,.T.);
#2035=ADVANCED_FACE('',(#157),#67,.T.);
#2036=ADVANCED_FACE('',(#158),#2013,.T.);
#2037=ADVANCED_FACE('',(#159),#68,.T.);
#2038=ADVANCED_FACE('',(#160),#2014,.T.);
#2039=ADVANCED_FACE('',(#161),#2015,.T.);
#2040=ADVANCED_FACE('',(#162),#69,.T.);
#2041=ADVANCED_FACE('',(#163,#16),#70,.F.);
#2042=ADVANCED_FACE('',(#164),#2016,.T.);
#2043=ADVANCED_FACE('',(#165),#71,.T.);
#2044=ADVANCED_FACE('',(#166),#2017,.T.);
#2045=ADVANCED_FACE('',(#167),#72,.T.);
#2046=ADVANCED_FACE('',(#168),#2018,.T.);
#2047=ADVANCED_FACE('',(#169),#73,.T.);
#2048=ADVANCED_FACE('',(#170),#74,.F.);
#2049=ADVANCED_FACE('',(#171),#75,.F.);
#2050=ADVANCED_FACE('',(#172),#76,.F.);
#2051=ADVANCED_FACE('',(#173),#77,.F.);
#2052=ADVANCED_FACE('',(#174),#78,.F.);
#2053=ADVANCED_FACE('',(#175),#79,.F.);
#2054=ADVANCED_FACE('',(#176),#80,.F.);
#2055=ADVANCED_FACE('',(#177),#81,.F.);
#2056=ADVANCED_FACE('',(#178),#82,.F.);
#2057=ADVANCED_FACE('',(#179),#83,.F.);
#2058=ADVANCED_FACE('',(#180),#84,.F.);
#2059=ADVANCED_FACE('',(#181),#85,.F.);
#2060=ADVANCED_FACE('',(#182),#86,.F.);
#2061=ADVANCED_FACE('',(#183),#87,.F.);
#2062=ADVANCED_FACE('',(#184),#88,.F.);
#2063=ADVANCED_FACE('',(#185),#89,.F.);
#2064=ADVANCED_FACE('',(#186),#90,.F.);
#2065=ADVANCED_FACE('',(#187),#91,.F.);
#2066=ADVANCED_FACE('',(#188),#92,.F.);
#2067=ADVANCED_FACE('',(#189),#93,.F.);
#2068=ADVANCED_FACE('',(#190),#94,.F.);
#2069=ADVANCED_FACE('',(#191),#95,.F.);
#2070=ADVANCED_FACE('',(#192),#96,.F.);
#2071=ADVANCED_FACE('',(#193),#97,.F.);
#2072=ADVANCED_FACE('',(#194),#98,.F.);
#2073=ADVANCED_FACE('',(#195),#99,.F.);
#2074=ADVANCED_FACE('',(#196),#100,.F.);
#2075=ADVANCED_FACE('',(#197),#101,.F.);
#2076=ADVANCED_FACE('',(#198),#102,.F.);
#2077=ADVANCED_FACE('',(#199),#103,.F.);
#2078=ADVANCED_FACE('',(#200),#104,.F.);
#2079=ADVANCED_FACE('',(#201),#105,.F.);
#2080=ADVANCED_FACE('',(#202),#106,.F.);
#2081=ADVANCED_FACE('',(#203),#107,.F.);
#2082=ADVANCED_FACE('',(#204),#108,.F.);
#2083=ADVANCED_FACE('',(#205),#109,.F.);
#2084=ADVANCED_FACE('',(#206),#110,.F.);
#2085=ADVANCED_FACE('',(#207),#111,.F.);
#2086=ADVANCED_FACE('',(#208),#112,.F.);
#2087=ADVANCED_FACE('',(#209),#113,.F.);
#2088=ADVANCED_FACE('',(#210),#114,.F.);
#2089=ADVANCED_FACE('',(#211),#115,.F.);
#2090=ADVANCED_FACE('',(#212),#116,.F.);
#2091=ADVANCED_FACE('',(#213),#117,.F.);
#2092=ADVANCED_FACE('',(#214),#118,.F.);
#2093=ADVANCED_FACE('',(#215),#119,.F.);
#2094=ADVANCED_FACE('',(#216),#120,.F.);
#2095=ADVANCED_FACE('',(#217),#121,.F.);
#2096=ADVANCED_FACE('',(#218),#122,.F.);
#2097=ADVANCED_FACE('',(#219),#123,.F.);
#2098=ADVANCED_FACE('',(#220),#124,.F.);
#2099=ADVANCED_FACE('',(#221),#125,.F.);
#2100=ADVANCED_FACE('',(#222),#126,.F.);
#2101=ADVANCED_FACE('',(#223),#127,.F.);
#2102=ADVANCED_FACE('',(#224),#128,.F.);
#2103=ADVANCED_FACE('',(#225),#129,.F.);
#2104=ADVANCED_FACE('',(#226),#130,.F.);
#2105=ADVANCED_FACE('',(#227),#131,.F.);
#2106=ADVANCED_FACE('',(#228),#132,.F.);
#2107=ADVANCED_FACE('',(#229),#133,.F.);
#2108=ADVANCED_FACE('',(#230),#2019,.F.);
#2109=ADVANCED_FACE('',(#231),#134,.F.);
#2110=ADVANCED_FACE('',(#232),#2020,.T.);
#2111=ADVANCED_FACE('',(#233,#17),#135,.F.);
#2112=ADVANCED_FACE('',(#234),#2021,.F.);
#2113=ADVANCED_FACE('',(#235),#136,.F.);
#2114=ADVANCED_FACE('',(#236),#2022,.T.);
#2115=ADVANCED_FACE('',(#237,#18),#137,.F.);
#2116=ADVANCED_FACE('',(#238),#2023,.F.);
#2117=ADVANCED_FACE('',(#239),#138,.F.);
#2118=ADVANCED_FACE('',(#240),#2024,.T.);
#2119=ADVANCED_FACE('',(#241,#19),#139,.F.);
#2120=ADVANCED_FACE('',(#242),#2025,.F.);
#2121=ADVANCED_FACE('',(#243),#140,.F.);
#2122=ADVANCED_FACE('',(#244),#2026,.T.);
#2123=ADVANCED_FACE('',(#245,#20),#141,.F.);
#2124=ADVANCED_FACE('',(#246),#142,.F.);
#2125=ADVANCED_FACE('',(#247),#143,.F.);
#2126=ADVANCED_FACE('',(#248),#144,.F.);
#2127=ADVANCED_FACE('',(#249),#145,.F.);
#2128=ADVANCED_FACE('',(#250),#2027,.F.);
#2129=ADVANCED_FACE('',(#251),#2028,.F.);
#2130=ADVANCED_FACE('',(#252),#2029,.F.);
#2131=ADVANCED_FACE('',(#253),#2030,.F.);
#2132=ADVANCED_FACE('',(#254),#146,.T.);
#2133=ADVANCED_FACE('',(#255),#147,.T.);
#2134=ADVANCED_FACE('',(#256),#148,.T.);
#2135=ADVANCED_FACE('',(#257),#149,.T.);
#2136=ADVANCED_FACE('',(#258),#150,.T.);
#2137=ADVANCED_FACE('',(#259,#21,#22,#23,#24,#25,#26,#27,#28,#29,#30,#31,
#32,#33,#34,#35,#36,#37,#38,#39,#40),#151,.T.);
#2138=ADVANCED_FACE('',(#260,#41,#42,#43,#44,#45,#46,#47,#48,#49,#50,#51,
#52,#53,#54,#55,#56,#57,#58,#59,#60,#61,#62,#63,#64),#152,.F.);
#2139=CLOSED_SHELL('',(#2031,#2032,#2033,#2034,#2035,#2036,#2037,#2038,
#2039,#2040,#2041,#2042,#2043,#2044,#2045,#2046,#2047,#2048,#2049,#2050,
#2051,#2052,#2053,#2054,#2055,#2056,#2057,#2058,#2059,#2060,#2061,#2062,
#2063,#2064,#2065,#2066,#2067,#2068,#2069,#2070,#2071,#2072,#2073,#2074,
#2075,#2076,#2077,#2078,#2079,#2080,#2081,#2082,#2083,#2084,#2085,#2086,
#2087,#2088,#2089,#2090,#2091,#2092,#2093,#2094,#2095,#2096,#2097,#2098,
#2099,#2100,#2101,#2102,#2103,#2104,#2105,#2106,#2107,#2108,#2109,#2110,
#2111,#2112,#2113,#2114,#2115,#2116,#2117,#2118,#2119,#2120,#2121,#2122,
#2123,#2124,#2125,#2126,#2127,#2128,#2129,#2130,#2131,#2132,#2133,#2134,
#2135,#2136,#2137,#2138));
#2140=DERIVED_UNIT_ELEMENT(#2142,1.);
#2141=DERIVED_UNIT_ELEMENT(#3441,-3.);
#2142=(
MASS_UNIT()
NAMED_UNIT(*)
SI_UNIT(.KILO.,.GRAM.)
);
#2143=DERIVED_UNIT((#2140,#2141));
#2144=MEASURE_REPRESENTATION_ITEM('density measure',
POSITIVE_RATIO_MEASURE(7850.),#2143);
#2145=PROPERTY_DEFINITION_REPRESENTATION(#2150,#2147);
#2146=PROPERTY_DEFINITION_REPRESENTATION(#2151,#2148);
#2147=REPRESENTATION('material name',(#2149),#3438);
#2148=REPRESENTATION('density',(#2144),#3438);
#2149=DESCRIPTIVE_REPRESENTATION_ITEM('\X\C7elik','\X\C7elik');
#2150=PROPERTY_DEFINITION('material property','material name',#3448);
#2151=PROPERTY_DEFINITION('material property','density of part',#3448);
#2152=AXIS2_PLACEMENT_3D('',#2847,#2301,#2302);
#2153=AXIS2_PLACEMENT_3D('',#2848,#2303,#2304);
#2154=AXIS2_PLACEMENT_3D('',#2851,#2305,#2306);
#2155=AXIS2_PLACEMENT_3D('',#2855,#2308,#2309);
#2156=AXIS2_PLACEMENT_3D('',#2857,#2311,#2312);
#2157=AXIS2_PLACEMENT_3D('',#2863,#2316,#2317);
#2158=AXIS2_PLACEMENT_3D('',#2867,#2319,#2320);
#2159=AXIS2_PLACEMENT_3D('',#2871,#2322,#2323);
#2160=AXIS2_PLACEMENT_3D('',#2874,#2325,#2326);
#2161=AXIS2_PLACEMENT_3D('',#2883,#2331,#2332);
#2162=AXIS2_PLACEMENT_3D('',#2886,#2334,#2335);
#2163=AXIS2_PLACEMENT_3D('',#2887,#2336,#2337);
#2164=AXIS2_PLACEMENT_3D('',#2891,#2340,#2341);
#2165=AXIS2_PLACEMENT_3D('',#2894,#2343,#2344);
#2166=AXIS2_PLACEMENT_3D('',#2895,#2345,#2346);
#2167=AXIS2_PLACEMENT_3D('',#2899,#2349,#2350);
#2168=AXIS2_PLACEMENT_3D('',#2902,#2352,#2353);
#2169=AXIS2_PLACEMENT_3D('',#2903,#2354,#2355);
#2170=AXIS2_PLACEMENT_3D('',#2906,#2356,#2357);
#2171=AXIS2_PLACEMENT_3D('',#2910,#2359,#2360);
#2172=AXIS2_PLACEMENT_3D('',#2912,#2362,#2363);
#2173=AXIS2_PLACEMENT_3D('',#2918,#2367,#2368);
#2174=AXIS2_PLACEMENT_3D('',#2922,#2370,#2371);
#2175=AXIS2_PLACEMENT_3D('',#2926,#2373,#2374);
#2176=AXIS2_PLACEMENT_3D('',#2929,#2376,#2377);
#2177=AXIS2_PLACEMENT_3D('',#2931,#2379,#2380);
#2178=AXIS2_PLACEMENT_3D('',#2933,#2381,#2382);
#2179=AXIS2_PLACEMENT_3D('',#2935,#2384,#2385);
#2180=AXIS2_PLACEMENT_3D('',#2939,#2388,#2389);
#2181=AXIS2_PLACEMENT_3D('',#2941,#2390,#2391);
#2182=AXIS2_PLACEMENT_3D('',#2943,#2393,#2394);
#2183=AXIS2_PLACEMENT_3D('',#2947,#2397,#2398);
#2184=AXIS2_PLACEMENT_3D('',#2949,#2399,#2400);
#2185=AXIS2_PLACEMENT_3D('',#2951,#2402,#2403);
#2186=AXIS2_PLACEMENT_3D('',#2953,#2405,#2406);
#2187=AXIS2_PLACEMENT_3D('',#2962,#2411,#2412);
#2188=AXIS2_PLACEMENT_3D('',#2968,#2416,#2417);
#2189=AXIS2_PLACEMENT_3D('',#2974,#2421,#2422);
#2190=AXIS2_PLACEMENT_3D('',#2977,#2425,#2426);
#2191=AXIS2_PLACEMENT_3D('',#2986,#2431,#2432);
#2192=AXIS2_PLACEMENT_3D('',#2992,#2436,#2437);
#2193=AXIS2_PLACEMENT_3D('',#2998,#2441,#2442);
#2194=AXIS2_PLACEMENT_3D('',#3001,#2445,#2446);
#2195=AXIS2_PLACEMENT_3D('',#3010,#2451,#2452);
#2196=AXIS2_PLACEMENT_3D('',#3016,#2456,#2457);
#2197=AXIS2_PLACEMENT_3D('',#3022,#2461,#2462);
#2198=AXIS2_PLACEMENT_3D('',#3025,#2465,#2466);
#2199=AXIS2_PLACEMENT_3D('',#3034,#2471,#2472);
#2200=AXIS2_PLACEMENT_3D('',#3040,#2476,#2477);
#2201=AXIS2_PLACEMENT_3D('',#3046,#2481,#2482);
#2202=AXIS2_PLACEMENT_3D('',#3049,#2485,#2486);
#2203=AXIS2_PLACEMENT_3D('',#3058,#2491,#2492);
#2204=AXIS2_PLACEMENT_3D('',#3064,#2496,#2497);
#2205=AXIS2_PLACEMENT_3D('',#3070,#2501,#2502);
#2206=AXIS2_PLACEMENT_3D('',#3073,#2505,#2506);
#2207=AXIS2_PLACEMENT_3D('',#3082,#2511,#2512);
#2208=AXIS2_PLACEMENT_3D('',#3088,#2516,#2517);
#2209=AXIS2_PLACEMENT_3D('',#3094,#2521,#2522);
#2210=AXIS2_PLACEMENT_3D('',#3097,#2525,#2526);
#2211=AXIS2_PLACEMENT_3D('',#3106,#2531,#2532);
#2212=AXIS2_PLACEMENT_3D('',#3112,#2536,#2537);
#2213=AXIS2_PLACEMENT_3D('',#3118,#2541,#2542);
#2214=AXIS2_PLACEMENT_3D('',#3121,#2545,#2546);
#2215=AXIS2_PLACEMENT_3D('',#3130,#2551,#2552);
#2216=AXIS2_PLACEMENT_3D('',#3136,#2556,#2557);
#2217=AXIS2_PLACEMENT_3D('',#3142,#2561,#2562);
#2218=AXIS2_PLACEMENT_3D('',#3145,#2565,#2566);
#2219=AXIS2_PLACEMENT_3D('',#3154,#2571,#2572);
#2220=AXIS2_PLACEMENT_3D('',#3160,#2576,#2577);
#2221=AXIS2_PLACEMENT_3D('',#3166,#2581,#2582);
#2222=AXIS2_PLACEMENT_3D('',#3169,#2585,#2586);
#2223=AXIS2_PLACEMENT_3D('',#3178,#2591,#2592);
#2224=AXIS2_PLACEMENT_3D('',#3184,#2596,#2597);
#2225=AXIS2_PLACEMENT_3D('',#3190,#2601,#2602);
#2226=AXIS2_PLACEMENT_3D('',#3193,#2605,#2606);
#2227=AXIS2_PLACEMENT_3D('',#3202,#2611,#2612);
#2228=AXIS2_PLACEMENT_3D('',#3208,#2616,#2617);
#2229=AXIS2_PLACEMENT_3D('',#3214,#2621,#2622);
#2230=AXIS2_PLACEMENT_3D('',#3217,#2625,#2626);
#2231=AXIS2_PLACEMENT_3D('',#3226,#2631,#2632);
#2232=AXIS2_PLACEMENT_3D('',#3232,#2636,#2637);
#2233=AXIS2_PLACEMENT_3D('',#3238,#2641,#2642);
#2234=AXIS2_PLACEMENT_3D('',#3241,#2645,#2646);
#2235=AXIS2_PLACEMENT_3D('',#3250,#2651,#2652);
#2236=AXIS2_PLACEMENT_3D('',#3256,#2656,#2657);
#2237=AXIS2_PLACEMENT_3D('',#3262,#2661,#2662);
#2238=AXIS2_PLACEMENT_3D('',#3265,#2665,#2666);
#2239=AXIS2_PLACEMENT_3D('',#3274,#2671,#2672);
#2240=AXIS2_PLACEMENT_3D('',#3280,#2676,#2677);
#2241=AXIS2_PLACEMENT_3D('',#3286,#2681,#2682);
#2242=AXIS2_PLACEMENT_3D('',#3289,#2685,#2686);
#2243=AXIS2_PLACEMENT_3D('',#3298,#2691,#2692);
#2244=AXIS2_PLACEMENT_3D('',#3304,#2696,#2697);
#2245=AXIS2_PLACEMENT_3D('',#3310,#2701,#2702);
#2246=AXIS2_PLACEMENT_3D('',#3313,#2705,#2706);
#2247=AXIS2_PLACEMENT_3D('',#3315,#2707,#2708);
#2248=AXIS2_PLACEMENT_3D('',#3318,#2710,#2711);
#2249=AXIS2_PLACEMENT_3D('',#3319,#2712,#2713);
#2250=AXIS2_PLACEMENT_3D('',#3320,#2714,#2715);
#2251=AXIS2_PLACEMENT_3D('',#3322,#2716,#2717);
#2252=AXIS2_PLACEMENT_3D('',#3325,#2719,#2720);
#2253=AXIS2_PLACEMENT_3D('',#3326,#2721,#2722);
#2254=AXIS2_PLACEMENT_3D('',#3327,#2723,#2724);
#2255=AXIS2_PLACEMENT_3D('',#3329,#2725,#2726);
#2256=AXIS2_PLACEMENT_3D('',#3332,#2728,#2729);
#2257=AXIS2_PLACEMENT_3D('',#3333,#2730,#2731);
#2258=AXIS2_PLACEMENT_3D('',#3334,#2732,#2733);
#2259=AXIS2_PLACEMENT_3D('',#3336,#2734,#2735);
#2260=AXIS2_PLACEMENT_3D('',#3339,#2737,#2738);
#2261=AXIS2_PLACEMENT_3D('',#3340,#2739,#2740);
#2262=AXIS2_PLACEMENT_3D('',#3341,#2741,#2742);
#2263=AXIS2_PLACEMENT_3D('',#3343,#2743,#2744);
#2264=AXIS2_PLACEMENT_3D('',#3346,#2746,#2747);
#2265=AXIS2_PLACEMENT_3D('',#3347,#2748,#2749);
#2266=AXIS2_PLACEMENT_3D('',#3348,#2750,#2751);
#2267=AXIS2_PLACEMENT_3D('',#3350,#2752,#2753);
#2268=AXIS2_PLACEMENT_3D('',#3353,#2755,#2756);
#2269=AXIS2_PLACEMENT_3D('',#3354,#2757,#2758);
#2270=AXIS2_PLACEMENT_3D('',#3355,#2759,#2760);
#2271=AXIS2_PLACEMENT_3D('',#3357,#2761,#2762);
#2272=AXIS2_PLACEMENT_3D('',#3360,#2764,#2765);
#2273=AXIS2_PLACEMENT_3D('',#3361,#2766,#2767);
#2274=AXIS2_PLACEMENT_3D('',#3362,#2768,#2769);
#2275=AXIS2_PLACEMENT_3D('',#3364,#2770,#2771);
#2276=AXIS2_PLACEMENT_3D('',#3367,#2773,#2774);
#2277=AXIS2_PLACEMENT_3D('',#3368,#2775,#2776);
#2278=AXIS2_PLACEMENT_3D('',#3369,#2777,#2778);
#2279=AXIS2_PLACEMENT_3D('',#3378,#2783,#2784);
#2280=AXIS2_PLACEMENT_3D('',#3384,#2788,#2789);
#2281=AXIS2_PLACEMENT_3D('',#3390,#2793,#2794);
#2282=AXIS2_PLACEMENT_3D('',#3393,#2797,#2798);
#2283=AXIS2_PLACEMENT_3D('',#3395,#2799,#2800);
#2284=AXIS2_PLACEMENT_3D('',#3398,#2802,#2803);
#2285=AXIS2_PLACEMENT_3D('',#3399,#2804,#2805);
#2286=AXIS2_PLACEMENT_3D('',#3401,#2806,#2807);
#2287=AXIS2_PLACEMENT_3D('',#3404,#2809,#2810);
#2288=AXIS2_PLACEMENT_3D('',#3405,#2811,#2812);
#2289=AXIS2_PLACEMENT_3D('',#3407,#2813,#2814);
#2290=AXIS2_PLACEMENT_3D('',#3410,#2816,#2817);
#2291=AXIS2_PLACEMENT_3D('',#3411,#2818,#2819);
#2292=AXIS2_PLACEMENT_3D('',#3413,#2820,#2821);
#2293=AXIS2_PLACEMENT_3D('',#3416,#2823,#2824);
#2294=AXIS2_PLACEMENT_3D('',#3417,#2825,#2826);
#2295=AXIS2_PLACEMENT_3D('',#3423,#2830,#2831);
#2296=AXIS2_PLACEMENT_3D('',#3427,#2834,#2835);
#2297=AXIS2_PLACEMENT_3D('',#3431,#2838,#2839);
#2298=AXIS2_PLACEMENT_3D('',#3433,#2841,#2842);
#2299=AXIS2_PLACEMENT_3D('',#3434,#2843,#2844);
#2300=AXIS2_PLACEMENT_3D('',#3435,#2845,#2846);
#2301=DIRECTION('axis',(0.,0.,1.));
#2302=DIRECTION('refdir',(1.,0.,0.));
#2303=DIRECTION('center_axis',(0.,0.,1.));
#2304=DIRECTION('ref_axis',(-0.707106781186547,-0.707106781186548,0.));
#2305=DIRECTION('center_axis',(0.,0.,1.));
#2306=DIRECTION('ref_axis',(-0.707106781186547,-0.707106781186548,0.));
#2307=DIRECTION('',(0.,0.,1.));
#2308=DIRECTION('center_axis',(0.,0.,1.));
#2309=DIRECTION('ref_axis',(-0.707106781186547,-0.707106781186548,0.));
#2310=DIRECTION('',(0.,0.,-1.));
#2311=DIRECTION('center_axis',(0.,-1.,0.));
#2312=DIRECTION('ref_axis',(1.,0.,0.));
#2313=DIRECTION('',(1.,0.,0.));
#2314=DIRECTION('',(0.,0.,-1.));
#2315=DIRECTION('',(1.,0.,0.));
#2316=DIRECTION('center_axis',(0.,0.,1.));
#2317=DIRECTION('ref_axis',(1.,0.,0.));
#2318=DIRECTION('',(0.,-1.,0.));
#2319=DIRECTION('center_axis',(0.,0.,1.));
#2320=DIRECTION('ref_axis',(-0.707106781186549,0.707106781186546,0.));
#2321=DIRECTION('',(-1.,0.,0.));
#2322=DIRECTION('center_axis',(0.,0.,1.));
#2323=DIRECTION('ref_axis',(0.707106781186552,0.707106781186543,0.));
#2324=DIRECTION('',(0.,1.,0.));
#2325=DIRECTION('center_axis',(0.,0.,1.));
#2326=DIRECTION('ref_axis',(0.707106781186545,-0.70710678118655,0.));
#2327=DIRECTION('',(0.,1.,0.));
#2328=DIRECTION('',(-1.,0.,0.));
#2329=DIRECTION('',(0.,-1.,0.));
#2330=DIRECTION('',(1.,0.,0.));
#2331=DIRECTION('center_axis',(0.,0.,1.));
#2332=DIRECTION('ref_axis',(0.707106781186545,-0.70710678118655,0.));
#2333=DIRECTION('',(0.,0.,1.));
#2334=DIRECTION('center_axis',(0.,0.,1.));
#2335=DIRECTION('ref_axis',(0.707106781186545,-0.70710678118655,0.));
#2336=DIRECTION('center_axis',(1.,0.,0.));
#2337=DIRECTION('ref_axis',(0.,1.,0.));
#2338=DIRECTION('',(0.,0.,-1.));
#2339=DIRECTION('',(0.,1.,0.));
#2340=DIRECTION('center_axis',(0.,0.,1.));
#2341=DIRECTION('ref_axis',(0.707106781186552,0.707106781186543,0.));
#2342=DIRECTION('',(0.,0.,1.));
#2343=DIRECTION('center_axis',(0.,0.,1.));
#2344=DIRECTION('ref_axis',(0.707106781186552,0.707106781186543,0.));
#2345=DIRECTION('center_axis',(0.,1.,0.));
#2346=DIRECTION('ref_axis',(-1.,0.,0.));
#2347=DIRECTION('',(0.,0.,-1.));
#2348=DIRECTION('',(-1.,0.,0.));
#2349=DIRECTION('center_axis',(0.,0.,1.));
#2350=DIRECTION('ref_axis',(-0.707106781186549,0.707106781186546,0.));
#2351=DIRECTION('',(0.,0.,1.));
#2352=DIRECTION('center_axis',(0.,0.,1.));
#2353=DIRECTION('ref_axis',(-0.707106781186549,0.707106781186546,0.));
#2354=DIRECTION('center_axis',(0.,0.,1.));
#2355=DIRECTION('ref_axis',(-0.707106781186548,-0.707106781186547,0.));
#2356=DIRECTION('center_axis',(0.,0.,-1.));
#2357=DIRECTION('ref_axis',(-0.707106781186548,-0.707106781186547,0.));
#2358=DIRECTION('',(0.,0.,-1.));
#2359=DIRECTION('center_axis',(0.,0.,1.));
#2360=DIRECTION('ref_axis',(-0.707106781186548,-0.707106781186547,0.));
#2361=DIRECTION('',(0.,0.,1.));
#2362=DIRECTION('center_axis',(0.,-1.,0.));
#2363=DIRECTION('ref_axis',(1.,0.,0.));
#2364=DIRECTION('',(1.,0.,0.));
#2365=DIRECTION('',(0.,0.,-1.));
#2366=DIRECTION('',(1.,0.,0.));
#2367=DIRECTION('center_axis',(0.,0.,1.));
#2368=DIRECTION('ref_axis',(1.,0.,0.));
#2369=DIRECTION('',(0.,-1.,0.));
#2370=DIRECTION('center_axis',(0.,0.,1.));
#2371=DIRECTION('ref_axis',(-0.707106781186547,0.707106781186548,0.));
#2372=DIRECTION('',(-1.,0.,0.));
#2373=DIRECTION('center_axis',(0.,0.,1.));
#2374=DIRECTION('ref_axis',(0.707106781186547,0.707106781186547,0.));
#2375=DIRECTION('',(0.,1.,0.));
#2376=DIRECTION('center_axis',(0.,0.,1.));
#2377=DIRECTION('ref_axis',(0.707106781186548,-0.707106781186547,0.));
#2378=DIRECTION('',(0.,-1.,0.));
#2379=DIRECTION('center_axis',(0.,0.,1.));
#2380=DIRECTION('ref_axis',(0.707106781186548,-0.707106781186547,0.));
#2381=DIRECTION('center_axis',(0.,0.,-1.));
#2382=DIRECTION('ref_axis',(0.707106781186548,-0.707106781186547,0.));
#2383=DIRECTION('',(0.,0.,1.));
#2384=DIRECTION('center_axis',(1.,0.,0.));
#2385=DIRECTION('ref_axis',(0.,1.,0.));
#2386=DIRECTION('',(0.,0.,-1.));
#2387=DIRECTION('',(0.,1.,0.));
#2388=DIRECTION('center_axis',(0.,0.,1.));
#2389=DIRECTION('ref_axis',(0.707106781186547,0.707106781186547,0.));
#2390=DIRECTION('center_axis',(0.,0.,-1.));
#2391=DIRECTION('ref_axis',(0.707106781186547,0.707106781186547,0.));
#2392=DIRECTION('',(0.,0.,1.));
#2393=DIRECTION('center_axis',(0.,1.,0.));
#2394=DIRECTION('ref_axis',(-1.,0.,0.));
#2395=DIRECTION('',(0.,0.,-1.));
#2396=DIRECTION('',(-1.,0.,0.));
#2397=DIRECTION('center_axis',(0.,0.,1.));
#2398=DIRECTION('ref_axis',(-0.707106781186547,0.707106781186548,0.));
#2399=DIRECTION('center_axis',(0.,0.,-1.));
#2400=DIRECTION('ref_axis',(-0.707106781186547,0.707106781186548,0.));
#2401=DIRECTION('',(0.,0.,1.));
#2402=DIRECTION('center_axis',(-1.,0.,0.));
#2403=DIRECTION('ref_axis',(0.,-1.,0.));
#2404=DIRECTION('',(0.,-1.,0.));
#2405=DIRECTION('center_axis',(0.,-1.,0.));
#2406=DIRECTION('ref_axis',(1.,0.,0.));
#2407=DIRECTION('',(-1.,0.,0.));
#2408=DIRECTION('',(0.,0.,1.));
#2409=DIRECTION('',(1.,0.,0.));
#2410=DIRECTION('',(0.,0.,1.));
#2411=DIRECTION('center_axis',(-1.,0.,0.));
#2412=DIRECTION('ref_axis',(0.,-1.,0.));
#2413=DIRECTION('',(0.,1.,0.));
#2414=DIRECTION('',(0.,-1.,0.));
#2415=DIRECTION('',(0.,0.,1.));
#2416=DIRECTION('center_axis',(0.,1.,0.));
#2417=DIRECTION('ref_axis',(-1.,0.,0.));
#2418=DIRECTION('',(1.,0.,0.));
#2419=DIRECTION('',(-1.,0.,0.));
#2420=DIRECTION('',(0.,0.,1.));
#2421=DIRECTION('center_axis',(1.,0.,0.));
#2422=DIRECTION('ref_axis',(0.,1.,0.));
#2423=DIRECTION('',(0.,-1.,0.));
#2424=DIRECTION('',(0.,1.,0.));
#2425=DIRECTION('center_axis',(0.,-1.,0.));
#2426=DIRECTION('ref_axis',(1.,0.,0.));
#2427=DIRECTION('',(-1.,0.,0.));
#2428=DIRECTION('',(0.,0.,1.));
#2429=DIRECTION('',(1.,0.,0.));
#2430=DIRECTION('',(0.,0.,1.));
#2431=DIRECTION('center_axis',(-1.,0.,0.));
#2432=DIRECTION('ref_axis',(0.,-1.,0.));
#2433=DIRECTION('',(0.,1.,0.));
#2434=DIRECTION('',(0.,-1.,0.));
#2435=DIRECTION('',(0.,0.,1.));
#2436=DIRECTION('center_axis',(0.,1.,0.));
#2437=DIRECTION('ref_axis',(-1.,0.,0.));
#2438=DIRECTION('',(1.,0.,0.));
#2439=DIRECTION('',(-1.,0.,0.));
#2440=DIRECTION('',(0.,0.,1.));
#2441=DIRECTION('center_axis',(1.,0.,0.));
#2442=DIRECTION('ref_axis',(0.,1.,0.));
#2443=DIRECTION('',(0.,-1.,0.));
#2444=DIRECTION('',(0.,1.,0.));
#2445=DIRECTION('center_axis',(0.,-1.,0.));
#2446=DIRECTION('ref_axis',(1.,0.,0.));
#2447=DIRECTION('',(-1.,0.,0.));
#2448=DIRECTION('',(0.,0.,1.));
#2449=DIRECTION('',(1.,0.,0.));
#2450=DIRECTION('',(0.,0.,1.));
#2451=DIRECTION('center_axis',(-1.,0.,0.));
#2452=DIRECTION('ref_axis',(0.,-1.,0.));
#2453=DIRECTION('',(0.,1.,0.));
#2454=DIRECTION('',(0.,-1.,0.));
#2455=DIRECTION('',(0.,0.,1.));
#2456=DIRECTION('center_axis',(0.,1.,0.));
#2457=DIRECTION('ref_axis',(-1.,0.,0.));
#2458=DIRECTION('',(1.,0.,0.));
#2459=DIRECTION('',(-1.,0.,0.));
#2460=DIRECTION('',(0.,0.,1.));
#2461=DIRECTION('center_axis',(1.,0.,0.));
#2462=DIRECTION('ref_axis',(0.,1.,0.));
#2463=DIRECTION('',(0.,-1.,0.));
#2464=DIRECTION('',(0.,1.,0.));
#2465=DIRECTION('center_axis',(0.,-1.,0.));
#2466=DIRECTION('ref_axis',(1.,0.,0.));
#2467=DIRECTION('',(-1.,0.,0.));
#2468=DIRECTION('',(0.,0.,1.));
#2469=DIRECTION('',(1.,0.,0.));
#2470=DIRECTION('',(0.,0.,1.));
#2471=DIRECTION('center_axis',(-1.,0.,0.));
#2472=DIRECTION('ref_axis',(0.,-1.,0.));
#2473=DIRECTION('',(0.,1.,0.));
#2474=DIRECTION('',(0.,-1.,0.));
#2475=DIRECTION('',(0.,0.,1.));
#2476=DIRECTION('center_axis',(0.,1.,0.));
#2477=DIRECTION('ref_axis',(-1.,0.,0.));
#2478=DIRECTION('',(1.,0.,0.));
#2479=DIRECTION('',(-1.,0.,0.));
#2480=DIRECTION('',(0.,0.,1.));
#2481=DIRECTION('center_axis',(1.,0.,0.));
#2482=DIRECTION('ref_axis',(0.,1.,0.));
#2483=DIRECTION('',(0.,-1.,0.));
#2484=DIRECTION('',(0.,1.,0.));
#2485=DIRECTION('center_axis',(0.,-1.,0.));
#2486=DIRECTION('ref_axis',(1.,0.,0.));
#2487=DIRECTION('',(-1.,0.,0.));
#2488=DIRECTION('',(0.,0.,1.));
#2489=DIRECTION('',(1.,0.,0.));
#2490=DIRECTION('',(0.,0.,1.));
#2491=DIRECTION('center_axis',(-1.,0.,0.));
#2492=DIRECTION('ref_axis',(0.,-1.,0.));
#2493=DIRECTION('',(0.,1.,0.));
#2494=DIRECTION('',(0.,-1.,0.));
#2495=DIRECTION('',(0.,0.,1.));
#2496=DIRECTION('center_axis',(0.,1.,0.));
#2497=DIRECTION('ref_axis',(-1.,0.,0.));
#2498=DIRECTION('',(1.,0.,0.));
#2499=DIRECTION('',(-1.,0.,0.));
#2500=DIRECTION('',(0.,0.,1.));
#2501=DIRECTION('center_axis',(1.,0.,0.));
#2502=DIRECTION('ref_axis',(0.,1.,0.));
#2503=DIRECTION('',(0.,-1.,0.));
#2504=DIRECTION('',(0.,1.,0.));
#2505=DIRECTION('center_axis',(0.,-1.,0.));
#2506=DIRECTION('ref_axis',(1.,0.,0.));
#2507=DIRECTION('',(-1.,0.,0.));
#2508=DIRECTION('',(0.,0.,1.));
#2509=DIRECTION('',(1.,0.,0.));
#2510=DIRECTION('',(0.,0.,1.));
#2511=DIRECTION('center_axis',(-1.,0.,0.));
#2512=DIRECTION('ref_axis',(0.,-1.,0.));
#2513=DIRECTION('',(0.,1.,0.));
#2514=DIRECTION('',(0.,-1.,0.));
#2515=DIRECTION('',(0.,0.,1.));
#2516=DIRECTION('center_axis',(0.,1.,0.));
#2517=DIRECTION('ref_axis',(-1.,0.,0.));
#2518=DIRECTION('',(1.,0.,0.));
#2519=DIRECTION('',(-1.,0.,0.));
#2520=DIRECTION('',(0.,0.,1.));
#2521=DIRECTION('center_axis',(1.,0.,0.));
#2522=DIRECTION('ref_axis',(0.,1.,0.));
#2523=DIRECTION('',(0.,-1.,0.));
#2524=DIRECTION('',(0.,1.,0.));
#2525=DIRECTION('center_axis',(0.,-1.,0.));
#2526=DIRECTION('ref_axis',(1.,0.,0.));
#2527=DIRECTION('',(-1.,0.,0.));
#2528=DIRECTION('',(0.,0.,1.));
#2529=DIRECTION('',(1.,0.,0.));
#2530=DIRECTION('',(0.,0.,1.));
#2531=DIRECTION('center_axis',(-1.,0.,0.));
#2532=DIRECTION('ref_axis',(0.,-1.,0.));
#2533=DIRECTION('',(0.,1.,0.));
#2534=DIRECTION('',(0.,-1.,0.));
#2535=DIRECTION('',(0.,0.,1.));
#2536=DIRECTION('center_axis',(0.,1.,0.));
#2537=DIRECTION('ref_axis',(-1.,0.,0.));
#2538=DIRECTION('',(1.,0.,0.));
#2539=DIRECTION('',(-1.,0.,0.));
#2540=DIRECTION('',(0.,0.,1.));
#2541=DIRECTION('center_axis',(1.,0.,0.));
#2542=DIRECTION('ref_axis',(0.,1.,0.));
#2543=DIRECTION('',(0.,-1.,0.));
#2544=DIRECTION('',(0.,1.,0.));
#2545=DIRECTION('center_axis',(0.,-1.,0.));
#2546=DIRECTION('ref_axis',(1.,0.,0.));
#2547=DIRECTION('',(-1.,0.,0.));
#2548=DIRECTION('',(0.,0.,1.));
#2549=DIRECTION('',(1.,0.,0.));
#2550=DIRECTION('',(0.,0.,1.));
#2551=DIRECTION('center_axis',(-1.,0.,0.));
#2552=DIRECTION('ref_axis',(0.,-1.,0.));
#2553=DIRECTION('',(0.,1.,0.));
#2554=DIRECTION('',(0.,-1.,0.));
#2555=DIRECTION('',(0.,0.,1.));
#2556=DIRECTION('center_axis',(0.,1.,0.));
#2557=DIRECTION('ref_axis',(-1.,0.,0.));
#2558=DIRECTION('',(1.,0.,0.));
#2559=DIRECTION('',(-1.,0.,0.));
#2560=DIRECTION('',(0.,0.,1.));
#2561=DIRECTION('center_axis',(1.,0.,0.));
#2562=DIRECTION('ref_axis',(0.,1.,0.));
#2563=DIRECTION('',(0.,-1.,0.));
#2564=DIRECTION('',(0.,1.,0.));
#2565=DIRECTION('center_axis',(0.,-1.,0.));
#2566=DIRECTION('ref_axis',(1.,0.,0.));
#2567=DIRECTION('',(-1.,0.,0.));
#2568=DIRECTION('',(0.,0.,1.));
#2569=DIRECTION('',(1.,0.,0.));
#2570=DIRECTION('',(0.,0.,1.));
#2571=DIRECTION('center_axis',(-1.,0.,0.));
#2572=DIRECTION('ref_axis',(0.,-1.,0.));
#2573=DIRECTION('',(0.,1.,0.));
#2574=DIRECTION('',(0.,-1.,0.));
#2575=DIRECTION('',(0.,0.,1.));
#2576=DIRECTION('center_axis',(0.,1.,0.));
#2577=DIRECTION('ref_axis',(-1.,0.,0.));
#2578=DIRECTION('',(1.,0.,0.));
#2579=DIRECTION('',(-1.,0.,0.));
#2580=DIRECTION('',(0.,0.,1.));
#2581=DIRECTION('center_axis',(1.,0.,0.));
#2582=DIRECTION('ref_axis',(0.,1.,0.));
#2583=DIRECTION('',(0.,-1.,0.));
#2584=DIRECTION('',(0.,1.,0.));
#2585=DIRECTION('center_axis',(0.,-1.,0.));
#2586=DIRECTION('ref_axis',(1.,0.,0.));
#2587=DIRECTION('',(-1.,0.,0.));
#2588=DIRECTION('',(0.,0.,1.));
#2589=DIRECTION('',(1.,0.,0.));
#2590=DIRECTION('',(0.,0.,1.));
#2591=DIRECTION('center_axis',(-1.,0.,0.));
#2592=DIRECTION('ref_axis',(0.,-1.,0.));
#2593=DIRECTION('',(0.,1.,0.));
#2594=DIRECTION('',(0.,-1.,0.));
#2595=DIRECTION('',(0.,0.,1.));
#2596=DIRECTION('center_axis',(0.,1.,0.));
#2597=DIRECTION('ref_axis',(-1.,0.,0.));
#2598=DIRECTION('',(1.,0.,0.));
#2599=DIRECTION('',(-1.,0.,0.));
#2600=DIRECTION('',(0.,0.,1.));
#2601=DIRECTION('center_axis',(1.,0.,0.));
#2602=DIRECTION('ref_axis',(0.,1.,0.));
#2603=DIRECTION('',(0.,-1.,0.));
#2604=DIRECTION('',(0.,1.,0.));
#2605=DIRECTION('center_axis',(0.,-1.,0.));
#2606=DIRECTION('ref_axis',(1.,0.,0.));
#2607=DIRECTION('',(-1.,0.,0.));
#2608=DIRECTION('',(0.,0.,1.));
#2609=DIRECTION('',(1.,0.,0.));
#2610=DIRECTION('',(0.,0.,1.));
#2611=DIRECTION('center_axis',(-1.,0.,0.));
#2612=DIRECTION('ref_axis',(0.,-1.,0.));
#2613=DIRECTION('',(0.,1.,0.));
#2614=DIRECTION('',(0.,-1.,0.));
#2615=DIRECTION('',(0.,0.,1.));
#2616=DIRECTION('center_axis',(0.,1.,0.));
#2617=DIRECTION('ref_axis',(-1.,0.,0.));
#2618=DIRECTION('',(1.,0.,0.));
#2619=DIRECTION('',(-1.,0.,0.));
#2620=DIRECTION('',(0.,0.,1.));
#2621=DIRECTION('center_axis',(1.,0.,0.));
#2622=DIRECTION('ref_axis',(0.,1.,0.));
#2623=DIRECTION('',(0.,-1.,0.));
#2624=DIRECTION('',(0.,1.,0.));
#2625=DIRECTION('center_axis',(0.,-1.,0.));
#2626=DIRECTION('ref_axis',(1.,0.,0.));
#2627=DIRECTION('',(-1.,0.,0.));
#2628=DIRECTION('',(0.,0.,1.));
#2629=DIRECTION('',(1.,0.,0.));
#2630=DIRECTION('',(0.,0.,1.));
#2631=DIRECTION('center_axis',(-1.,0.,0.));
#2632=DIRECTION('ref_axis',(0.,-1.,0.));
#2633=DIRECTION('',(0.,1.,0.));
#2634=DIRECTION('',(0.,-1.,0.));
#2635=DIRECTION('',(0.,0.,1.));
#2636=DIRECTION('center_axis',(0.,1.,0.));
#2637=DIRECTION('ref_axis',(-1.,0.,0.));
#2638=DIRECTION('',(1.,0.,0.));
#2639=DIRECTION('',(-1.,0.,0.));
#2640=DIRECTION('',(0.,0.,1.));
#2641=DIRECTION('center_axis',(1.,0.,0.));
#2642=DIRECTION('ref_axis',(0.,1.,0.));
#2643=DIRECTION('',(0.,-1.,0.));
#2644=DIRECTION('',(0.,1.,0.));
#2645=DIRECTION('center_axis',(0.,-1.,0.));
#2646=DIRECTION('ref_axis',(1.,0.,0.));
#2647=DIRECTION('',(-1.,0.,0.));
#2648=DIRECTION('',(0.,0.,1.));
#2649=DIRECTION('',(1.,0.,0.));
#2650=DIRECTION('',(0.,0.,1.));
#2651=DIRECTION('center_axis',(-1.,0.,0.));
#2652=DIRECTION('ref_axis',(0.,-1.,0.));
#2653=DIRECTION('',(0.,1.,0.));
#2654=DIRECTION('',(0.,-1.,0.));
#2655=DIRECTION('',(0.,0.,1.));
#2656=DIRECTION('center_axis',(0.,1.,0.));
#2657=DIRECTION('ref_axis',(-1.,0.,0.));
#2658=DIRECTION('',(1.,0.,0.));
#2659=DIRECTION('',(-1.,0.,0.));
#2660=DIRECTION('',(0.,0.,1.));
#2661=DIRECTION('center_axis',(1.,0.,0.));
#2662=DIRECTION('ref_axis',(0.,1.,0.));
#2663=DIRECTION('',(0.,-1.,0.));
#2664=DIRECTION('',(0.,1.,0.));
#2665=DIRECTION('center_axis',(0.,-1.,0.));
#2666=DIRECTION('ref_axis',(1.,0.,0.));
#2667=DIRECTION('',(-1.,0.,0.));
#2668=DIRECTION('',(0.,0.,1.));
#2669=DIRECTION('',(1.,0.,0.));
#2670=DIRECTION('',(0.,0.,1.));
#2671=DIRECTION('center_axis',(-1.,0.,0.));
#2672=DIRECTION('ref_axis',(0.,-1.,0.));
#2673=DIRECTION('',(0.,1.,0.));
#2674=DIRECTION('',(0.,-1.,0.));
#2675=DIRECTION('',(0.,0.,1.));
#2676=DIRECTION('center_axis',(0.,1.,0.));
#2677=DIRECTION('ref_axis',(-1.,0.,0.));
#2678=DIRECTION('',(1.,0.,0.));
#2679=DIRECTION('',(-1.,0.,0.));
#2680=DIRECTION('',(0.,0.,1.));
#2681=DIRECTION('center_axis',(1.,0.,0.));
#2682=DIRECTION('ref_axis',(0.,1.,0.));
#2683=DIRECTION('',(0.,-1.,0.));
#2684=DIRECTION('',(0.,1.,0.));
#2685=DIRECTION('center_axis',(0.,-1.,0.));
#2686=DIRECTION('ref_axis',(1.,0.,0.));
#2687=DIRECTION('',(-1.,0.,0.));
#2688=DIRECTION('',(0.,0.,1.));
#2689=DIRECTION('',(1.,0.,0.));
#2690=DIRECTION('',(0.,0.,1.));
#2691=DIRECTION('center_axis',(-1.,0.,0.));
#2692=DIRECTION('ref_axis',(0.,-1.,0.));
#2693=DIRECTION('',(0.,1.,0.));
#2694=DIRECTION('',(0.,-1.,0.));
#2695=DIRECTION('',(0.,0.,1.));
#2696=DIRECTION('center_axis',(0.,1.,0.));
#2697=DIRECTION('ref_axis',(-1.,0.,0.));
#2698=DIRECTION('',(1.,0.,0.));
#2699=DIRECTION('',(-1.,0.,0.));
#2700=DIRECTION('',(0.,0.,1.));
#2701=DIRECTION('center_axis',(1.,0.,0.));
#2702=DIRECTION('ref_axis',(0.,1.,0.));
#2703=DIRECTION('',(0.,-1.,0.));
#2704=DIRECTION('',(0.,1.,0.));
#2705=DIRECTION('center_axis',(0.,0.,1.));
#2706=DIRECTION('ref_axis',(1.,0.,0.));
#2707=DIRECTION('center_axis',(0.,0.,1.));
#2708=DIRECTION('ref_axis',(1.,0.,0.));
#2709=DIRECTION('',(0.,0.,1.));
#2710=DIRECTION('center_axis',(0.,0.,1.));
#2711=DIRECTION('ref_axis',(1.,0.,0.));
#2712=DIRECTION('center_axis',(0.,0.,1.));
#2713=DIRECTION('ref_axis',(1.,0.,0.));
#2714=DIRECTION('center_axis',(0.,0.,1.));
#2715=DIRECTION('ref_axis',(1.,0.,0.));
#2716=DIRECTION('center_axis',(0.,0.,1.));
#2717=DIRECTION('ref_axis',(1.,0.,0.));
#2718=DIRECTION('',(0.,0.,-1.));
#2719=DIRECTION('center_axis',(0.,0.,1.));
#2720=DIRECTION('ref_axis',(1.,0.,0.));
#2721=DIRECTION('center_axis',(0.,0.,1.));
#2722=DIRECTION('ref_axis',(1.,0.,0.));
#2723=DIRECTION('center_axis',(0.,0.,1.));
#2724=DIRECTION('ref_axis',(1.,0.,0.));
#2725=DIRECTION('center_axis',(0.,0.,1.));
#2726=DIRECTION('ref_axis',(1.,0.,0.));
#2727=DIRECTION('',(0.,0.,1.));
#2728=DIRECTION('center_axis',(0.,0.,1.));
#2729=DIRECTION('ref_axis',(1.,0.,0.));
#2730=DIRECTION('center_axis',(0.,0.,1.));
#2731=DIRECTION('ref_axis',(1.,0.,0.));
#2732=DIRECTION('center_axis',(0.,0.,1.));
#2733=DIRECTION('ref_axis',(1.,0.,0.));
#2734=DIRECTION('center_axis',(0.,0.,1.));
#2735=DIRECTION('ref_axis',(1.,0.,0.));
#2736=DIRECTION('',(0.,0.,-1.));
#2737=DIRECTION('center_axis',(0.,0.,1.));
#2738=DIRECTION('ref_axis',(1.,0.,0.));
#2739=DIRECTION('center_axis',(0.,0.,1.));
#2740=DIRECTION('ref_axis',(1.,0.,0.));
#2741=DIRECTION('center_axis',(0.,0.,1.));
#2742=DIRECTION('ref_axis',(1.,0.,0.));
#2743=DIRECTION('center_axis',(0.,0.,1.));
#2744=DIRECTION('ref_axis',(1.,0.,0.));
#2745=DIRECTION('',(0.,0.,1.));
#2746=DIRECTION('center_axis',(0.,0.,1.));
#2747=DIRECTION('ref_axis',(1.,0.,0.));
#2748=DIRECTION('center_axis',(0.,0.,1.));
#2749=DIRECTION('ref_axis',(1.,0.,0.));
#2750=DIRECTION('center_axis',(0.,0.,1.));
#2751=DIRECTION('ref_axis',(1.,0.,0.));
#2752=DIRECTION('center_axis',(0.,0.,1.));
#2753=DIRECTION('ref_axis',(1.,0.,0.));
#2754=DIRECTION('',(0.,0.,-1.));
#2755=DIRECTION('center_axis',(0.,0.,1.));
#2756=DIRECTION('ref_axis',(1.,0.,0.));
#2757=DIRECTION('center_axis',(0.,0.,1.));
#2758=DIRECTION('ref_axis',(1.,0.,0.));
#2759=DIRECTION('center_axis',(0.,0.,1.));
#2760=DIRECTION('ref_axis',(1.,0.,0.));
#2761=DIRECTION('center_axis',(0.,0.,1.));
#2762=DIRECTION('ref_axis',(1.,0.,0.));
#2763=DIRECTION('',(0.,0.,1.));
#2764=DIRECTION('center_axis',(0.,0.,1.));
#2765=DIRECTION('ref_axis',(1.,0.,0.));
#2766=DIRECTION('center_axis',(0.,0.,1.));
#2767=DIRECTION('ref_axis',(1.,0.,0.));
#2768=DIRECTION('center_axis',(0.,0.,1.));
#2769=DIRECTION('ref_axis',(1.,0.,0.));
#2770=DIRECTION('center_axis',(0.,0.,1.));
#2771=DIRECTION('ref_axis',(1.,0.,0.));
#2772=DIRECTION('',(0.,0.,-1.));
#2773=DIRECTION('center_axis',(0.,0.,1.));
#2774=DIRECTION('ref_axis',(1.,0.,0.));
#2775=DIRECTION('center_axis',(0.,0.,1.));
#2776=DIRECTION('ref_axis',(1.,0.,0.));
#2777=DIRECTION('center_axis',(0.,-1.,0.));
#2778=DIRECTION('ref_axis',(1.,0.,0.));
#2779=DIRECTION('',(-1.,0.,0.));
#2780=DIRECTION('',(0.,0.,1.));
#2781=DIRECTION('',(1.,0.,0.));
#2782=DIRECTION('',(0.,0.,1.));
#2783=DIRECTION('center_axis',(-1.,0.,0.));
#2784=DIRECTION('ref_axis',(0.,-1.,0.));
#2785=DIRECTION('',(0.,1.,0.));
#2786=DIRECTION('',(0.,-1.,0.));
#2787=DIRECTION('',(0.,0.,1.));
#2788=DIRECTION('center_axis',(0.,1.,0.));
#2789=DIRECTION('ref_axis',(-1.,0.,0.));
#2790=DIRECTION('',(1.,0.,0.));
#2791=DIRECTION('',(-1.,0.,0.));
#2792=DIRECTION('',(0.,0.,1.));
#2793=DIRECTION('center_axis',(1.,0.,0.));
#2794=DIRECTION('ref_axis',(0.,1.,0.));
#2795=DIRECTION('',(0.,-1.,0.));
#2796=DIRECTION('',(0.,1.,0.));
#2797=DIRECTION('center_axis',(0.,0.,1.));
#2798=DIRECTION('ref_axis',(1.,0.,0.));
#2799=DIRECTION('center_axis',(0.,0.,1.));
#2800=DIRECTION('ref_axis',(1.,0.,0.));
#2801=DIRECTION('',(0.,0.,1.));
#2802=DIRECTION('center_axis',(0.,0.,-1.));
#2803=DIRECTION('ref_axis',(1.,0.,0.));
#2804=DIRECTION('center_axis',(0.,0.,1.));
#2805=DIRECTION('ref_axis',(1.,0.,0.));
#2806=DIRECTION('center_axis',(0.,0.,1.));
#2807=DIRECTION('ref_axis',(1.,0.,0.));
#2808=DIRECTION('',(0.,0.,1.));
#2809=DIRECTION('center_axis',(0.,0.,-1.));
#2810=DIRECTION('ref_axis',(1.,0.,0.));
#2811=DIRECTION('center_axis',(0.,0.,1.));
#2812=DIRECTION('ref_axis',(1.,0.,0.));
#2813=DIRECTION('center_axis',(0.,0.,1.));
#2814=DIRECTION('ref_axis',(1.,0.,0.));
#2815=DIRECTION('',(0.,0.,1.));
#2816=DIRECTION('center_axis',(0.,0.,-1.));
#2817=DIRECTION('ref_axis',(1.,0.,0.));
#2818=DIRECTION('center_axis',(0.,0.,1.));
#2819=DIRECTION('ref_axis',(1.,0.,0.));
#2820=DIRECTION('center_axis',(0.,0.,1.));
#2821=DIRECTION('ref_axis',(1.,0.,0.));
#2822=DIRECTION('',(0.,0.,1.));
#2823=DIRECTION('center_axis',(0.,0.,-1.));
#2824=DIRECTION('ref_axis',(1.,0.,0.));
#2825=DIRECTION('center_axis',(0.,1.,0.));
#2826=DIRECTION('ref_axis',(-1.,0.,0.));
#2827=DIRECTION('',(0.,0.,1.));
#2828=DIRECTION('',(-1.,0.,0.));
#2829=DIRECTION('',(0.,0.,1.));
#2830=DIRECTION('center_axis',(-1.,0.,0.));
#2831=DIRECTION('ref_axis',(0.,-1.,0.));
#2832=DIRECTION('',(0.,-1.,0.));
#2833=DIRECTION('',(0.,0.,1.));
#2834=DIRECTION('center_axis',(0.,-1.,0.));
#2835=DIRECTION('ref_axis',(1.,0.,0.));
#2836=DIRECTION('',(1.,0.,0.));
#2837=DIRECTION('',(0.,0.,1.));
#2838=DIRECTION('center_axis',(1.,0.,0.));
#2839=DIRECTION('ref_axis',(0.,1.,0.));
#2840=DIRECTION('',(0.,1.,0.));
#2841=DIRECTION('center_axis',(-1.,0.,0.));
#2842=DIRECTION('ref_axis',(0.,-1.,0.));
#2843=DIRECTION('center_axis',(0.,0.,1.));
#2844=DIRECTION('ref_axis',(1.,0.,0.));
#2845=DIRECTION('center_axis',(0.,0.,1.));
#2846=DIRECTION('ref_axis',(1.,0.,0.));
#2847=CARTESIAN_POINT('',(0.,0.,0.));
#2848=CARTESIAN_POINT('Origin',(3.5,3.5,22.5));
#2849=CARTESIAN_POINT('',(2.2,3.5,22.5));
#2850=CARTESIAN_POINT('',(3.5,2.2,22.5));
#2851=CARTESIAN_POINT('Origin',(3.5,3.5,22.5));
#2852=CARTESIAN_POINT('',(3.5,2.2,24.));
#2853=CARTESIAN_POINT('',(3.5,2.2,22.5));
#2854=CARTESIAN_POINT('',(2.2,3.5,24.));
#2855=CARTESIAN_POINT('Origin',(3.5,3.5,24.));
#2856=CARTESIAN_POINT('',(2.2,3.5,22.5));
#2857=CARTESIAN_POINT('Origin',(2.2,2.2,22.5));
#2858=CARTESIAN_POINT('',(90.5,2.2,22.5));
#2859=CARTESIAN_POINT('',(2.2,2.2,22.5));
#2860=CARTESIAN_POINT('',(90.5,2.2,24.));
#2861=CARTESIAN_POINT('',(90.5,2.2,22.5));
#2862=CARTESIAN_POINT('',(24.6,2.2,24.));
#2863=CARTESIAN_POINT('Origin',(47.,29.5,22.5));
#2864=CARTESIAN_POINT('',(2.2,55.5,22.5));
#2865=CARTESIAN_POINT('',(2.2,56.8,22.5));
#2866=CARTESIAN_POINT('',(3.5,56.8,22.5));
#2867=CARTESIAN_POINT('Origin',(3.5,55.5,22.5));
#2868=CARTESIAN_POINT('',(90.5,56.8,22.5));
#2869=CARTESIAN_POINT('',(91.8,56.8,22.5));
#2870=CARTESIAN_POINT('',(91.8,55.5,22.5));
#2871=CARTESIAN_POINT('Origin',(90.5,55.5,22.5));
#2872=CARTESIAN_POINT('',(91.8,3.5,22.5));
#2873=CARTESIAN_POINT('',(91.8,2.2,22.5));
#2874=CARTESIAN_POINT('Origin',(90.5,3.5,22.5));
#2875=CARTESIAN_POINT('',(3.4,3.4,22.5));
#2876=CARTESIAN_POINT('',(3.4,55.6,22.5));
#2877=CARTESIAN_POINT('',(3.4,55.6,22.5));
#2878=CARTESIAN_POINT('',(90.6,3.4,22.5));
#2879=CARTESIAN_POINT('',(3.4,3.4,22.5));
#2880=CARTESIAN_POINT('',(90.6,55.6,22.5));
#2881=CARTESIAN_POINT('',(90.6,3.4,22.5));
#2882=CARTESIAN_POINT('',(90.6,55.6,22.5));
#2883=CARTESIAN_POINT('Origin',(90.5,3.5,22.5));
#2884=CARTESIAN_POINT('',(91.8,3.5,24.));
#2885=CARTESIAN_POINT('',(91.8,3.5,22.5));
#2886=CARTESIAN_POINT('Origin',(90.5,3.5,24.));
#2887=CARTESIAN_POINT('Origin',(91.8,2.2,22.5));
#2888=CARTESIAN_POINT('',(91.8,55.5,24.));
#2889=CARTESIAN_POINT('',(91.8,55.5,22.5));
#2890=CARTESIAN_POINT('',(91.8,15.85,24.));
#2891=CARTESIAN_POINT('Origin',(90.5,55.5,22.5));
#2892=CARTESIAN_POINT('',(90.5,56.8,24.));
#2893=CARTESIAN_POINT('',(90.5,56.8,22.5));
#2894=CARTESIAN_POINT('Origin',(90.5,55.5,24.));
#2895=CARTESIAN_POINT('Origin',(91.8,56.8,22.5));
#2896=CARTESIAN_POINT('',(3.5,56.8,24.));
#2897=CARTESIAN_POINT('',(3.5,56.8,22.5));
#2898=CARTESIAN_POINT('',(69.4,56.8,24.));
#2899=CARTESIAN_POINT('Origin',(3.5,55.5,22.5));
#2900=CARTESIAN_POINT('',(2.2,55.5,24.));
#2901=CARTESIAN_POINT('',(2.2,55.5,22.5));
#2902=CARTESIAN_POINT('Origin',(3.5,55.5,24.));
#2903=CARTESIAN_POINT('Origin',(3.4,3.4,24.));
#2904=CARTESIAN_POINT('',(3.4,0.4,26.));
#2905=CARTESIAN_POINT('',(0.4,3.4,26.));
#2906=CARTESIAN_POINT('Origin',(3.4,3.4,26.));
#2907=CARTESIAN_POINT('',(0.4,3.4,24.));
#2908=CARTESIAN_POINT('',(0.4,3.4,24.));
#2909=CARTESIAN_POINT('',(3.4,0.4,24.));
#2910=CARTESIAN_POINT('Origin',(3.4,3.4,24.));
#2911=CARTESIAN_POINT('',(3.4,0.4,24.));
#2912=CARTESIAN_POINT('Origin',(0.4,0.4,24.));
#2913=CARTESIAN_POINT('',(90.6,0.4,24.));
#2914=CARTESIAN_POINT('',(0.4,0.4,24.));
#2915=CARTESIAN_POINT('',(90.6,0.4,26.));
#2916=CARTESIAN_POINT('',(90.6,0.4,24.));
#2917=CARTESIAN_POINT('',(0.4,0.4,26.));
#2918=CARTESIAN_POINT('Origin',(47.,29.5,24.));
#2919=CARTESIAN_POINT('',(0.4,55.6,24.));
#2920=CARTESIAN_POINT('',(0.4,58.6,24.));
#2921=CARTESIAN_POINT('',(3.4,58.6,24.));
#2922=CARTESIAN_POINT('Origin',(3.4,55.6,24.));
#2923=CARTESIAN_POINT('',(90.6,58.6,24.));
#2924=CARTESIAN_POINT('',(93.6,58.6,24.));
#2925=CARTESIAN_POINT('',(93.6,55.6,24.));
#2926=CARTESIAN_POINT('Origin',(90.6,55.6,24.));
#2927=CARTESIAN_POINT('',(93.6,3.4,24.));
#2928=CARTESIAN_POINT('',(93.6,0.4,24.));
#2929=CARTESIAN_POINT('Origin',(90.6,3.4,24.));
#2930=CARTESIAN_POINT('',(2.2,43.15,24.));
#2931=CARTESIAN_POINT('Origin',(90.6,3.4,24.));
#2932=CARTESIAN_POINT('',(93.6,3.4,26.));
#2933=CARTESIAN_POINT('Origin',(90.6,3.4,26.));
#2934=CARTESIAN_POINT('',(93.6,3.4,24.));
#2935=CARTESIAN_POINT('Origin',(93.6,0.4,24.));
#2936=CARTESIAN_POINT('',(93.6,55.6,26.));
#2937=CARTESIAN_POINT('',(93.6,55.6,24.));
#2938=CARTESIAN_POINT('',(93.6,0.4,26.));
#2939=CARTESIAN_POINT('Origin',(90.6,55.6,24.));
#2940=CARTESIAN_POINT('',(90.6,58.6,26.));
#2941=CARTESIAN_POINT('Origin',(90.6,55.6,26.));
#2942=CARTESIAN_POINT('',(90.6,58.6,24.));
#2943=CARTESIAN_POINT('Origin',(93.6,58.6,24.));
#2944=CARTESIAN_POINT('',(3.4,58.6,26.));
#2945=CARTESIAN_POINT('',(3.4,58.6,24.));
#2946=CARTESIAN_POINT('',(93.6,58.6,26.));
#2947=CARTESIAN_POINT('Origin',(3.4,55.6,24.));
#2948=CARTESIAN_POINT('',(0.4,55.6,26.));
#2949=CARTESIAN_POINT('Origin',(3.4,55.6,26.));
#2950=CARTESIAN_POINT('',(0.4,55.6,24.));
#2951=CARTESIAN_POINT('Origin',(0.4,58.6,24.));
#2952=CARTESIAN_POINT('',(0.4,58.6,26.));
#2953=CARTESIAN_POINT('Origin',(4.,39.7,23.5));
#2954=CARTESIAN_POINT('',(12.,39.7,26.));
#2955=CARTESIAN_POINT('',(4.,39.7,26.));
#2956=CARTESIAN_POINT('',(25.5,39.7,26.));
#2957=CARTESIAN_POINT('',(12.,39.7,24.));
#2958=CARTESIAN_POINT('',(12.,39.7,23.5));
#2959=CARTESIAN_POINT('',(4.,39.7,24.));
#2960=CARTESIAN_POINT('',(25.5,39.7,24.));
#2961=CARTESIAN_POINT('',(4.,39.7,23.5));
#2962=CARTESIAN_POINT('Origin',(4.,40.6,23.5));
#2963=CARTESIAN_POINT('',(4.,40.6,26.));
#2964=CARTESIAN_POINT('',(4.,35.05,26.));
#2965=CARTESIAN_POINT('',(4.,40.6,24.));
#2966=CARTESIAN_POINT('',(4.,35.05,24.));
#2967=CARTESIAN_POINT('',(4.,40.6,23.5));
#2968=CARTESIAN_POINT('Origin',(12.,40.6,23.5));
#2969=CARTESIAN_POINT('',(12.,40.6,26.));
#2970=CARTESIAN_POINT('',(29.5,40.6,26.));
#2971=CARTESIAN_POINT('',(12.,40.6,24.));
#2972=CARTESIAN_POINT('',(29.5,40.6,24.));
#2973=CARTESIAN_POINT('',(12.,40.6,23.5));
#2974=CARTESIAN_POINT('Origin',(12.,39.7,23.5));
#2975=CARTESIAN_POINT('',(12.,34.6,26.));
#2976=CARTESIAN_POINT('',(12.,34.6,24.));
#2977=CARTESIAN_POINT('Origin',(4.,35.9,23.5));
#2978=CARTESIAN_POINT('',(12.,35.9,26.));
#2979=CARTESIAN_POINT('',(4.,35.9,26.));
#2980=CARTESIAN_POINT('',(25.5,35.9,26.));
#2981=CARTESIAN_POINT('',(12.,35.9,24.));
#2982=CARTESIAN_POINT('',(12.,35.9,23.5));
#2983=CARTESIAN_POINT('',(4.,35.9,24.));
#2984=CARTESIAN_POINT('',(25.5,35.9,24.));
#2985=CARTESIAN_POINT('',(4.,35.9,23.5));
#2986=CARTESIAN_POINT('Origin',(4.,36.8,23.5));
#2987=CARTESIAN_POINT('',(4.,36.8,26.));
#2988=CARTESIAN_POINT('',(4.,33.15,26.));
#2989=CARTESIAN_POINT('',(4.,36.8,24.));
#2990=CARTESIAN_POINT('',(4.,33.15,24.));
#2991=CARTESIAN_POINT('',(4.,36.8,23.5));
#2992=CARTESIAN_POINT('Origin',(12.,36.8,23.5));
#2993=CARTESIAN_POINT('',(12.,36.8,26.));
#2994=CARTESIAN_POINT('',(29.5,36.8,26.));
#2995=CARTESIAN_POINT('',(12.,36.8,24.));
#2996=CARTESIAN_POINT('',(29.5,36.8,24.));
#2997=CARTESIAN_POINT('',(12.,36.8,23.5));
#2998=CARTESIAN_POINT('Origin',(12.,35.9,23.5));
#2999=CARTESIAN_POINT('',(12.,32.7,26.));
#3000=CARTESIAN_POINT('',(12.,32.7,24.));
#3001=CARTESIAN_POINT('Origin',(4.,32.1,23.5));
#3002=CARTESIAN_POINT('',(12.,32.1,26.));
#3003=CARTESIAN_POINT('',(4.,32.1,26.));
#3004=CARTESIAN_POINT('',(25.5,32.1,26.));
#3005=CARTESIAN_POINT('',(12.,32.1,24.));
#3006=CARTESIAN_POINT('',(12.,32.1,23.5));
#3007=CARTESIAN_POINT('',(4.,32.1,24.));
#3008=CARTESIAN_POINT('',(25.5,32.1,24.));
#3009=CARTESIAN_POINT('',(4.,32.1,23.5));
#3010=CARTESIAN_POINT('Origin',(4.,33.,23.5));
#3011=CARTESIAN_POINT('',(4.,33.,26.));
#3012=CARTESIAN_POINT('',(4.,31.25,26.));
#3013=CARTESIAN_POINT('',(4.,33.,24.));
#3014=CARTESIAN_POINT('',(4.,31.25,24.));
#3015=CARTESIAN_POINT('',(4.,33.,23.5));
#3016=CARTESIAN_POINT('Origin',(12.,33.,23.5));
#3017=CARTESIAN_POINT('',(12.,33.,26.));
#3018=CARTESIAN_POINT('',(29.5,33.,26.));
#3019=CARTESIAN_POINT('',(12.,33.,24.));
#3020=CARTESIAN_POINT('',(29.5,33.,24.));
#3021=CARTESIAN_POINT('',(12.,33.,23.5));
#3022=CARTESIAN_POINT('Origin',(12.,32.1,23.5));
#3023=CARTESIAN_POINT('',(12.,30.8,26.));
#3024=CARTESIAN_POINT('',(12.,30.8,24.));
#3025=CARTESIAN_POINT('Origin',(4.,15.,23.5));
#3026=CARTESIAN_POINT('',(12.,15.,26.));
#3027=CARTESIAN_POINT('',(4.,15.,26.));
#3028=CARTESIAN_POINT('',(25.5,15.,26.));
#3029=CARTESIAN_POINT('',(12.,15.,24.));
#3030=CARTESIAN_POINT('',(12.,15.,23.5));
#3031=CARTESIAN_POINT('',(4.,15.,24.));
#3032=CARTESIAN_POINT('',(25.5,15.,24.));
#3033=CARTESIAN_POINT('',(4.,15.,23.5));
#3034=CARTESIAN_POINT('Origin',(4.,15.9,23.5));
#3035=CARTESIAN_POINT('',(4.,15.9,26.));
#3036=CARTESIAN_POINT('',(4.,22.7,26.));
#3037=CARTESIAN_POINT('',(4.,15.9,24.));
#3038=CARTESIAN_POINT('',(4.,22.7,24.));
#3039=CARTESIAN_POINT('',(4.,15.9,23.5));
#3040=CARTESIAN_POINT('Origin',(12.,15.9,23.5));
#3041=CARTESIAN_POINT('',(12.,15.9,26.));
#3042=CARTESIAN_POINT('',(29.5,15.9,26.));
#3043=CARTESIAN_POINT('',(12.,15.9,24.));
#3044=CARTESIAN_POINT('',(29.5,15.9,24.));
#3045=CARTESIAN_POINT('',(12.,15.9,23.5));
#3046=CARTESIAN_POINT('Origin',(12.,15.,23.5));
#3047=CARTESIAN_POINT('',(12.,22.25,26.));
#3048=CARTESIAN_POINT('',(12.,22.25,24.));
#3049=CARTESIAN_POINT('Origin',(4.,26.4,23.5));
#3050=CARTESIAN_POINT('',(12.,26.4,26.));
#3051=CARTESIAN_POINT('',(4.,26.4,26.));
#3052=CARTESIAN_POINT('',(25.5,26.4,26.));
#3053=CARTESIAN_POINT('',(12.,26.4,24.));
#3054=CARTESIAN_POINT('',(12.,26.4,23.5));
#3055=CARTESIAN_POINT('',(4.,26.4,24.));
#3056=CARTESIAN_POINT('',(25.5,26.4,24.));
#3057=CARTESIAN_POINT('',(4.,26.4,23.5));
#3058=CARTESIAN_POINT('Origin',(4.,27.3,23.5));
#3059=CARTESIAN_POINT('',(4.,27.3,26.));
#3060=CARTESIAN_POINT('',(4.,28.4,26.));
#3061=CARTESIAN_POINT('',(4.,27.3,24.));
#3062=CARTESIAN_POINT('',(4.,28.4,24.));
#3063=CARTESIAN_POINT('',(4.,27.3,23.5));
#3064=CARTESIAN_POINT('Origin',(12.,27.3,23.5));
#3065=CARTESIAN_POINT('',(12.,27.3,26.));
#3066=CARTESIAN_POINT('',(29.5,27.3,26.));
#3067=CARTESIAN_POINT('',(12.,27.3,24.));
#3068=CARTESIAN_POINT('',(29.5,27.3,24.));
#3069=CARTESIAN_POINT('',(12.,27.3,23.5));
#3070=CARTESIAN_POINT('Origin',(12.,26.4,23.5));
#3071=CARTESIAN_POINT('',(12.,27.95,26.));
#3072=CARTESIAN_POINT('',(12.,27.95,24.));
#3073=CARTESIAN_POINT('Origin',(4.,22.6,23.5));
#3074=CARTESIAN_POINT('',(12.,22.6,26.));
#3075=CARTESIAN_POINT('',(4.,22.6,26.));
#3076=CARTESIAN_POINT('',(25.5,22.6,26.));
#3077=CARTESIAN_POINT('',(12.,22.6,24.));
#3078=CARTESIAN_POINT('',(12.,22.6,23.5));
#3079=CARTESIAN_POINT('',(4.,22.6,24.));
#3080=CARTESIAN_POINT('',(25.5,22.6,24.));
#3081=CARTESIAN_POINT('',(4.,22.6,23.5));
#3082=CARTESIAN_POINT('Origin',(4.,23.5,23.5));
#3083=CARTESIAN_POINT('',(4.,23.5,26.));
#3084=CARTESIAN_POINT('',(4.,26.5,26.));
#3085=CARTESIAN_POINT('',(4.,23.5,24.));
#3086=CARTESIAN_POINT('',(4.,26.5,24.));
#3087=CARTESIAN_POINT('',(4.,23.5,23.5));
#3088=CARTESIAN_POINT('Origin',(12.,23.5,23.5));
#3089=CARTESIAN_POINT('',(12.,23.5,26.));
#3090=CARTESIAN_POINT('',(29.5,23.5,26.));
#3091=CARTESIAN_POINT('',(12.,23.5,24.));
#3092=CARTESIAN_POINT('',(29.5,23.5,24.));
#3093=CARTESIAN_POINT('',(12.,23.5,23.5));
#3094=CARTESIAN_POINT('Origin',(12.,22.6,23.5));
#3095=CARTESIAN_POINT('',(12.,26.05,26.));
#3096=CARTESIAN_POINT('',(12.,26.05,24.));
#3097=CARTESIAN_POINT('Origin',(4.,18.8,23.5));
#3098=CARTESIAN_POINT('',(12.,18.8,26.));
#3099=CARTESIAN_POINT('',(4.,18.8,26.));
#3100=CARTESIAN_POINT('',(25.5,18.8,26.));
#3101=CARTESIAN_POINT('',(12.,18.8,24.));
#3102=CARTESIAN_POINT('',(12.,18.8,23.5));
#3103=CARTESIAN_POINT('',(4.,18.8,24.));
#3104=CARTESIAN_POINT('',(25.5,18.8,24.));
#3105=CARTESIAN_POINT('',(4.,18.8,23.5));
#3106=CARTESIAN_POINT('Origin',(4.,19.7,23.5));
#3107=CARTESIAN_POINT('',(4.,19.7,26.));
#3108=CARTESIAN_POINT('',(4.,24.6,26.));
#3109=CARTESIAN_POINT('',(4.,19.7,24.));
#3110=CARTESIAN_POINT('',(4.,24.6,24.));
#3111=CARTESIAN_POINT('',(4.,19.7,23.5));
#3112=CARTESIAN_POINT('Origin',(12.,19.7,23.5));
#3113=CARTESIAN_POINT('',(12.,19.7,26.));
#3114=CARTESIAN_POINT('',(29.5,19.7,26.));
#3115=CARTESIAN_POINT('',(12.,19.7,24.));
#3116=CARTESIAN_POINT('',(29.5,19.7,24.));
#3117=CARTESIAN_POINT('',(12.,19.7,23.5));
#3118=CARTESIAN_POINT('Origin',(12.,18.8,23.5));
#3119=CARTESIAN_POINT('',(12.,24.15,26.));
#3120=CARTESIAN_POINT('',(12.,24.15,24.));
#3121=CARTESIAN_POINT('Origin',(4.,16.9,23.5));
#3122=CARTESIAN_POINT('',(12.,16.9,26.));
#3123=CARTESIAN_POINT('',(4.,16.9,26.));
#3124=CARTESIAN_POINT('',(25.5,16.9,26.));
#3125=CARTESIAN_POINT('',(12.,16.9,24.));
#3126=CARTESIAN_POINT('',(12.,16.9,23.5));
#3127=CARTESIAN_POINT('',(4.,16.9,24.));
#3128=CARTESIAN_POINT('',(25.5,16.9,24.));
#3129=CARTESIAN_POINT('',(4.,16.9,23.5));
#3130=CARTESIAN_POINT('Origin',(4.,17.8,23.5));
#3131=CARTESIAN_POINT('',(4.,17.8,26.));
#3132=CARTESIAN_POINT('',(4.,23.65,26.));
#3133=CARTESIAN_POINT('',(4.,17.8,24.));
#3134=CARTESIAN_POINT('',(4.,23.65,24.));
#3135=CARTESIAN_POINT('',(4.,17.8,23.5));
#3136=CARTESIAN_POINT('Origin',(12.,17.8,23.5));
#3137=CARTESIAN_POINT('',(12.,17.8,26.));
#3138=CARTESIAN_POINT('',(29.5,17.8,26.));
#3139=CARTESIAN_POINT('',(12.,17.8,24.));
#3140=CARTESIAN_POINT('',(29.5,17.8,24.));
#3141=CARTESIAN_POINT('',(12.,17.8,23.5));
#3142=CARTESIAN_POINT('Origin',(12.,16.9,23.5));
#3143=CARTESIAN_POINT('',(12.,23.2,26.));
#3144=CARTESIAN_POINT('',(12.,23.2,24.));
#3145=CARTESIAN_POINT('Origin',(4.,20.7,23.5));
#3146=CARTESIAN_POINT('',(12.,20.7,26.));
#3147=CARTESIAN_POINT('',(4.,20.7,26.));
#3148=CARTESIAN_POINT('',(25.5,20.7,26.));
#3149=CARTESIAN_POINT('',(12.,20.7,24.));
#3150=CARTESIAN_POINT('',(12.,20.7,23.5));
#3151=CARTESIAN_POINT('',(4.,20.7,24.));
#3152=CARTESIAN_POINT('',(25.5,20.7,24.));
#3153=CARTESIAN_POINT('',(4.,20.7,23.5));
#3154=CARTESIAN_POINT('Origin',(4.,21.6,23.5));
#3155=CARTESIAN_POINT('',(4.,21.6,26.));
#3156=CARTESIAN_POINT('',(4.,25.55,26.));
#3157=CARTESIAN_POINT('',(4.,21.6,24.));
#3158=CARTESIAN_POINT('',(4.,25.55,24.));
#3159=CARTESIAN_POINT('',(4.,21.6,23.5));
#3160=CARTESIAN_POINT('Origin',(12.,21.6,23.5));
#3161=CARTESIAN_POINT('',(12.,21.6,26.));
#3162=CARTESIAN_POINT('',(29.5,21.6,26.));
#3163=CARTESIAN_POINT('',(12.,21.6,24.));
#3164=CARTESIAN_POINT('',(29.5,21.6,24.));
#3165=CARTESIAN_POINT('',(12.,21.6,23.5));
#3166=CARTESIAN_POINT('Origin',(12.,20.7,23.5));
#3167=CARTESIAN_POINT('',(12.,25.1,26.));
#3168=CARTESIAN_POINT('',(12.,25.1,24.));
#3169=CARTESIAN_POINT('Origin',(4.,24.5,23.5));
#3170=CARTESIAN_POINT('',(12.,24.5,26.));
#3171=CARTESIAN_POINT('',(4.,24.5,26.));
#3172=CARTESIAN_POINT('',(25.5,24.5,26.));
#3173=CARTESIAN_POINT('',(12.,24.5,24.));
#3174=CARTESIAN_POINT('',(12.,24.5,23.5));
#3175=CARTESIAN_POINT('',(4.,24.5,24.));
#3176=CARTESIAN_POINT('',(25.5,24.5,24.));
#3177=CARTESIAN_POINT('',(4.,24.5,23.5));
#3178=CARTESIAN_POINT('Origin',(4.,25.4,23.5));
#3179=CARTESIAN_POINT('',(4.,25.4,26.));
#3180=CARTESIAN_POINT('',(4.,27.45,26.));
#3181=CARTESIAN_POINT('',(4.,25.4,24.));
#3182=CARTESIAN_POINT('',(4.,27.45,24.));
#3183=CARTESIAN_POINT('',(4.,25.4,23.5));
#3184=CARTESIAN_POINT('Origin',(12.,25.4,23.5));
#3185=CARTESIAN_POINT('',(12.,25.4,26.));
#3186=CARTESIAN_POINT('',(29.5,25.4,26.));
#3187=CARTESIAN_POINT('',(12.,25.4,24.));
#3188=CARTESIAN_POINT('',(29.5,25.4,24.));
#3189=CARTESIAN_POINT('',(12.,25.4,23.5));
#3190=CARTESIAN_POINT('Origin',(12.,24.5,23.5));
#3191=CARTESIAN_POINT('',(12.,27.,26.));
#3192=CARTESIAN_POINT('',(12.,27.,24.));
#3193=CARTESIAN_POINT('Origin',(4.,28.3,23.5));
#3194=CARTESIAN_POINT('',(12.,28.3,26.));
#3195=CARTESIAN_POINT('',(4.,28.3,26.));
#3196=CARTESIAN_POINT('',(25.5,28.3,26.));
#3197=CARTESIAN_POINT('',(12.,28.3,24.));
#3198=CARTESIAN_POINT('',(12.,28.3,23.5));
#3199=CARTESIAN_POINT('',(4.,28.3,24.));
#3200=CARTESIAN_POINT('',(25.5,28.3,24.));
#3201=CARTESIAN_POINT('',(4.,28.3,23.5));
#3202=CARTESIAN_POINT('Origin',(4.,29.2,23.5));
#3203=CARTESIAN_POINT('',(4.,29.2,26.));
#3204=CARTESIAN_POINT('',(4.,29.35,26.));
#3205=CARTESIAN_POINT('',(4.,29.2,24.));
#3206=CARTESIAN_POINT('',(4.,29.35,24.));
#3207=CARTESIAN_POINT('',(4.,29.2,23.5));
#3208=CARTESIAN_POINT('Origin',(12.,29.2,23.5));
#3209=CARTESIAN_POINT('',(12.,29.2,26.));
#3210=CARTESIAN_POINT('',(29.5,29.2,26.));
#3211=CARTESIAN_POINT('',(12.,29.2,24.));
#3212=CARTESIAN_POINT('',(29.5,29.2,24.));
#3213=CARTESIAN_POINT('',(12.,29.2,23.5));
#3214=CARTESIAN_POINT('Origin',(12.,28.3,23.5));
#3215=CARTESIAN_POINT('',(12.,28.9,26.));
#3216=CARTESIAN_POINT('',(12.,28.9,24.));
#3217=CARTESIAN_POINT('Origin',(4.,30.2,23.5));
#3218=CARTESIAN_POINT('',(12.,30.2,26.));
#3219=CARTESIAN_POINT('',(4.,30.2,26.));
#3220=CARTESIAN_POINT('',(25.5,30.2,26.));
#3221=CARTESIAN_POINT('',(12.,30.2,24.));
#3222=CARTESIAN_POINT('',(12.,30.2,23.5));
#3223=CARTESIAN_POINT('',(4.,30.2,24.));
#3224=CARTESIAN_POINT('',(25.5,30.2,24.));
#3225=CARTESIAN_POINT('',(4.,30.2,23.5));
#3226=CARTESIAN_POINT('Origin',(4.,31.1,23.5));
#3227=CARTESIAN_POINT('',(4.,31.1,26.));
#3228=CARTESIAN_POINT('',(4.,30.3,26.));
#3229=CARTESIAN_POINT('',(4.,31.1,24.));
#3230=CARTESIAN_POINT('',(4.,30.3,24.));
#3231=CARTESIAN_POINT('',(4.,31.1,23.5));
#3232=CARTESIAN_POINT('Origin',(12.,31.1,23.5));
#3233=CARTESIAN_POINT('',(12.,31.1,26.));
#3234=CARTESIAN_POINT('',(29.5,31.1,26.));
#3235=CARTESIAN_POINT('',(12.,31.1,24.));
#3236=CARTESIAN_POINT('',(29.5,31.1,24.));
#3237=CARTESIAN_POINT('',(12.,31.1,23.5));
#3238=CARTESIAN_POINT('Origin',(12.,30.2,23.5));
#3239=CARTESIAN_POINT('',(12.,29.85,26.));
#3240=CARTESIAN_POINT('',(12.,29.85,24.));
#3241=CARTESIAN_POINT('Origin',(4.,34.,23.5));
#3242=CARTESIAN_POINT('',(12.,34.,26.));
#3243=CARTESIAN_POINT('',(4.,34.,26.));
#3244=CARTESIAN_POINT('',(25.5,34.,26.));
#3245=CARTESIAN_POINT('',(12.,34.,24.));
#3246=CARTESIAN_POINT('',(12.,34.,23.5));
#3247=CARTESIAN_POINT('',(4.,34.,24.));
#3248=CARTESIAN_POINT('',(25.5,34.,24.));
#3249=CARTESIAN_POINT('',(4.,34.,23.5));
#3250=CARTESIAN_POINT('Origin',(4.,34.9,23.5));
#3251=CARTESIAN_POINT('',(4.,34.9,26.));
#3252=CARTESIAN_POINT('',(4.,32.2,26.));
#3253=CARTESIAN_POINT('',(4.,34.9,24.));
#3254=CARTESIAN_POINT('',(4.,32.2,24.));
#3255=CARTESIAN_POINT('',(4.,34.9,23.5));
#3256=CARTESIAN_POINT('Origin',(12.,34.9,23.5));
#3257=CARTESIAN_POINT('',(12.,34.9,26.));
#3258=CARTESIAN_POINT('',(29.5,34.9,26.));
#3259=CARTESIAN_POINT('',(12.,34.9,24.));
#3260=CARTESIAN_POINT('',(29.5,34.9,24.));
#3261=CARTESIAN_POINT('',(12.,34.9,23.5));
#3262=CARTESIAN_POINT('Origin',(12.,34.,23.5));
#3263=CARTESIAN_POINT('',(12.,31.75,26.));
#3264=CARTESIAN_POINT('',(12.,31.75,24.));
#3265=CARTESIAN_POINT('Origin',(4.,37.8,23.5));
#3266=CARTESIAN_POINT('',(12.,37.8,26.));
#3267=CARTESIAN_POINT('',(4.,37.8,26.));
#3268=CARTESIAN_POINT('',(25.5,37.8,26.));
#3269=CARTESIAN_POINT('',(12.,37.8,24.));
#3270=CARTESIAN_POINT('',(12.,37.8,23.5));
#3271=CARTESIAN_POINT('',(4.,37.8,24.));
#3272=CARTESIAN_POINT('',(25.5,37.8,24.));
#3273=CARTESIAN_POINT('',(4.,37.8,23.5));
#3274=CARTESIAN_POINT('Origin',(4.,38.7,23.5));
#3275=CARTESIAN_POINT('',(4.,38.7,26.));
#3276=CARTESIAN_POINT('',(4.,34.1,26.));
#3277=CARTESIAN_POINT('',(4.,38.7,24.));
#3278=CARTESIAN_POINT('',(4.,34.1,24.));
#3279=CARTESIAN_POINT('',(4.,38.7,23.5));
#3280=CARTESIAN_POINT('Origin',(12.,38.7,23.5));
#3281=CARTESIAN_POINT('',(12.,38.7,26.));
#3282=CARTESIAN_POINT('',(29.5,38.7,26.));
#3283=CARTESIAN_POINT('',(12.,38.7,24.));
#3284=CARTESIAN_POINT('',(29.5,38.7,24.));
#3285=CARTESIAN_POINT('',(12.,38.7,23.5));
#3286=CARTESIAN_POINT('Origin',(12.,37.8,23.5));
#3287=CARTESIAN_POINT('',(12.,33.65,26.));
#3288=CARTESIAN_POINT('',(12.,33.65,24.));
#3289=CARTESIAN_POINT('Origin',(4.,41.6,23.5));
#3290=CARTESIAN_POINT('',(12.,41.6,26.));
#3291=CARTESIAN_POINT('',(4.,41.6,26.));
#3292=CARTESIAN_POINT('',(25.5,41.6,26.));
#3293=CARTESIAN_POINT('',(12.,41.6,24.));
#3294=CARTESIAN_POINT('',(12.,41.6,23.5));
#3295=CARTESIAN_POINT('',(4.,41.6,24.));
#3296=CARTESIAN_POINT('',(25.5,41.6,24.));
#3297=CARTESIAN_POINT('',(4.,41.6,23.5));
#3298=CARTESIAN_POINT('Origin',(4.,42.5,23.5));
#3299=CARTESIAN_POINT('',(4.,42.5,26.));
#3300=CARTESIAN_POINT('',(4.,36.,26.));
#3301=CARTESIAN_POINT('',(4.,42.5,24.));
#3302=CARTESIAN_POINT('',(4.,36.,24.));
#3303=CARTESIAN_POINT('',(4.,42.5,23.5));
#3304=CARTESIAN_POINT('Origin',(12.,42.5,23.5));
#3305=CARTESIAN_POINT('',(12.,42.5,26.));
#3306=CARTESIAN_POINT('',(29.5,42.5,26.));
#3307=CARTESIAN_POINT('',(12.,42.5,24.));
#3308=CARTESIAN_POINT('',(29.5,42.5,24.));
#3309=CARTESIAN_POINT('',(12.,42.5,23.5));
#3310=CARTESIAN_POINT('Origin',(12.,41.6,23.5));
#3311=CARTESIAN_POINT('',(12.,35.55,26.));
#3312=CARTESIAN_POINT('',(12.,35.55,24.));
#3313=CARTESIAN_POINT('Origin',(56.5,9.75,21.5));
#3314=CARTESIAN_POINT('',(55.75,9.75,22.));
#3315=CARTESIAN_POINT('Origin',(56.5,9.75,22.));
#3316=CARTESIAN_POINT('',(55.75,9.75,25.5));
#3317=CARTESIAN_POINT('',(55.75,9.75,21.5));
#3318=CARTESIAN_POINT('Origin',(56.5,9.75,25.5));
#3319=CARTESIAN_POINT('Origin',(56.5,9.75000000000001,25.5));
#3320=CARTESIAN_POINT('Origin',(56.5,9.75,22.));
#3321=CARTESIAN_POINT('',(54.6,9.75,24.));
#3322=CARTESIAN_POINT('Origin',(56.5,9.75,24.));
#3323=CARTESIAN_POINT('',(54.6,9.75,22.));
#3324=CARTESIAN_POINT('',(54.6,9.75,22.));
#3325=CARTESIAN_POINT('Origin',(56.5,9.75,22.));
#3326=CARTESIAN_POINT('Origin',(56.5,9.75000000000001,22.));
#3327=CARTESIAN_POINT('Origin',(33.5,9.75,21.5));
#3328=CARTESIAN_POINT('',(32.75,9.75,22.));
#3329=CARTESIAN_POINT('Origin',(33.5,9.75,22.));
#3330=CARTESIAN_POINT('',(32.75,9.75,25.5));
#3331=CARTESIAN_POINT('',(32.75,9.75,21.5));
#3332=CARTESIAN_POINT('Origin',(33.5,9.75,25.5));
#3333=CARTESIAN_POINT('Origin',(33.5,9.75000000000001,25.5));
#3334=CARTESIAN_POINT('Origin',(33.5,9.75,22.));
#3335=CARTESIAN_POINT('',(31.6,9.75,24.));
#3336=CARTESIAN_POINT('Origin',(33.5,9.75,24.));
#3337=CARTESIAN_POINT('',(31.6,9.75,22.));
#3338=CARTESIAN_POINT('',(31.6,9.75,22.));
#3339=CARTESIAN_POINT('Origin',(33.5,9.75,22.));
#3340=CARTESIAN_POINT('Origin',(33.5,9.75000000000001,22.));
#3341=CARTESIAN_POINT('Origin',(56.5,32.95,21.5));
#3342=CARTESIAN_POINT('',(55.75,32.95,22.));
#3343=CARTESIAN_POINT('Origin',(56.5,32.95,22.));
#3344=CARTESIAN_POINT('',(55.75,32.95,25.5));
#3345=CARTESIAN_POINT('',(55.75,32.95,21.5));
#3346=CARTESIAN_POINT('Origin',(56.5,32.95,25.5));
#3347=CARTESIAN_POINT('Origin',(56.5,32.95,25.5));
#3348=CARTESIAN_POINT('Origin',(56.5,32.95,22.));
#3349=CARTESIAN_POINT('',(54.6,32.95,24.));
#3350=CARTESIAN_POINT('Origin',(56.5,32.95,24.));
#3351=CARTESIAN_POINT('',(54.6,32.95,22.));
#3352=CARTESIAN_POINT('',(54.6,32.95,22.));
#3353=CARTESIAN_POINT('Origin',(56.5,32.95,22.));
#3354=CARTESIAN_POINT('Origin',(56.5,32.95,22.));
#3355=CARTESIAN_POINT('Origin',(33.5,32.95,21.5));
#3356=CARTESIAN_POINT('',(32.75,32.95,22.));
#3357=CARTESIAN_POINT('Origin',(33.5,32.95,22.));
#3358=CARTESIAN_POINT('',(32.75,32.95,25.5));
#3359=CARTESIAN_POINT('',(32.75,32.95,21.5));
#3360=CARTESIAN_POINT('Origin',(33.5,32.95,25.5));
#3361=CARTESIAN_POINT('Origin',(33.5,32.95,25.5));
#3362=CARTESIAN_POINT('Origin',(33.5,32.95,22.));
#3363=CARTESIAN_POINT('',(31.6,32.95,24.));
#3364=CARTESIAN_POINT('Origin',(33.5,32.95,24.));
#3365=CARTESIAN_POINT('',(31.6,32.95,22.));
#3366=CARTESIAN_POINT('',(31.6,32.95,22.));
#3367=CARTESIAN_POINT('Origin',(33.5,32.95,22.));
#3368=CARTESIAN_POINT('Origin',(33.5,32.95,22.));
#3369=CARTESIAN_POINT('Origin',(32.,15.5,23.5));
#3370=CARTESIAN_POINT('',(58.,15.5,26.));
#3371=CARTESIAN_POINT('',(32.,15.5,26.));
#3372=CARTESIAN_POINT('',(39.5,15.5,26.));
#3373=CARTESIAN_POINT('',(58.,15.5,24.));
#3374=CARTESIAN_POINT('',(58.,15.5,23.5));
#3375=CARTESIAN_POINT('',(32.,15.5,24.));
#3376=CARTESIAN_POINT('',(39.5,15.5,24.));
#3377=CARTESIAN_POINT('',(32.,15.5,23.5));
#3378=CARTESIAN_POINT('Origin',(32.,30.8,23.5));
#3379=CARTESIAN_POINT('',(32.,30.8,26.));
#3380=CARTESIAN_POINT('',(32.,30.15,26.));
#3381=CARTESIAN_POINT('',(32.,30.8,24.));
#3382=CARTESIAN_POINT('',(32.,30.15,24.));
#3383=CARTESIAN_POINT('',(32.,30.8,23.5));
#3384=CARTESIAN_POINT('Origin',(58.,30.8,23.5));
#3385=CARTESIAN_POINT('',(58.,30.8,26.));
#3386=CARTESIAN_POINT('',(52.5,30.8,26.));
#3387=CARTESIAN_POINT('',(58.,30.8,24.));
#3388=CARTESIAN_POINT('',(52.5,30.8,24.));
#3389=CARTESIAN_POINT('',(58.,30.8,23.5));
#3390=CARTESIAN_POINT('Origin',(58.,15.5,23.5));
#3391=CARTESIAN_POINT('',(58.,22.5,26.));
#3392=CARTESIAN_POINT('',(58.,22.5,24.));
#3393=CARTESIAN_POINT('Origin',(87.8,32.,23.5));
#3394=CARTESIAN_POINT('',(86.7,32.,24.));
#3395=CARTESIAN_POINT('Origin',(87.8,32.,24.));
#3396=CARTESIAN_POINT('',(86.7,32.,26.));
#3397=CARTESIAN_POINT('',(86.7,32.,23.5));
#3398=CARTESIAN_POINT('Origin',(87.8,32.,26.));
#3399=CARTESIAN_POINT('Origin',(6.2,52.8,23.5));
#3400=CARTESIAN_POINT('',(5.1,52.8,24.));
#3401=CARTESIAN_POINT('Origin',(6.2,52.8,24.));
#3402=CARTESIAN_POINT('',(5.1,52.8,26.));
#3403=CARTESIAN_POINT('',(5.1,52.8,23.5));
#3404=CARTESIAN_POINT('Origin',(6.2,52.8,26.));
#3405=CARTESIAN_POINT('Origin',(87.8,6.2,23.5));
#3406=CARTESIAN_POINT('',(86.7,6.2,24.));
#3407=CARTESIAN_POINT('Origin',(87.8,6.2,24.));
#3408=CARTESIAN_POINT('',(86.7,6.2,26.));
#3409=CARTESIAN_POINT('',(86.7,6.2,23.5));
#3410=CARTESIAN_POINT('Origin',(87.8,6.2,26.));
#3411=CARTESIAN_POINT('Origin',(6.2,6.2,23.5));
#3412=CARTESIAN_POINT('',(5.1,6.2,24.));
#3413=CARTESIAN_POINT('Origin',(6.2,6.2,24.));
#3414=CARTESIAN_POINT('',(5.1,6.2,26.));
#3415=CARTESIAN_POINT('',(5.1,6.2,23.5));
#3416=CARTESIAN_POINT('Origin',(6.2,6.2,26.));
#3417=CARTESIAN_POINT('Origin',(90.6,3.4,22.5));
#3418=CARTESIAN_POINT('',(3.4,3.4,24.));
#3419=CARTESIAN_POINT('',(3.4,3.4,22.5));
#3420=CARTESIAN_POINT('',(90.6,3.4,24.));
#3421=CARTESIAN_POINT('',(68.8,3.4,24.));
#3422=CARTESIAN_POINT('',(90.6,3.4,22.5));
#3423=CARTESIAN_POINT('Origin',(90.6,55.6,22.5));
#3424=CARTESIAN_POINT('',(90.6,55.6,24.));
#3425=CARTESIAN_POINT('',(90.6,42.55,24.));
#3426=CARTESIAN_POINT('',(90.6,55.6,22.5));
#3427=CARTESIAN_POINT('Origin',(3.4,55.6,22.5));
#3428=CARTESIAN_POINT('',(3.4,55.6,24.));
#3429=CARTESIAN_POINT('',(25.2,55.6,24.));
#3430=CARTESIAN_POINT('',(3.4,55.6,22.5));
#3431=CARTESIAN_POINT('Origin',(3.4,3.4,22.5));
#3432=CARTESIAN_POINT('',(3.4,16.45,24.));
#3433=CARTESIAN_POINT('Origin',(2.2,56.8,22.5));
#3434=CARTESIAN_POINT('Origin',(47.,29.5,26.));
#3435=CARTESIAN_POINT('Origin',(47.,29.5,24.));
#3436=UNCERTAINTY_MEASURE_WITH_UNIT(LENGTH_MEASURE(0.01),#3440,
'DISTANCE_ACCURACY_VALUE',
'Maximum model space distance between geometric entities at asserted c
onnectivities');
#3437=UNCERTAINTY_MEASURE_WITH_UNIT(LENGTH_MEASURE(0.01),#3440,
'DISTANCE_ACCURACY_VALUE',
'Maximum model space distance between geometric entities at asserted c
onnectivities');
#3438=(
GEOMETRIC_REPRESENTATION_CONTEXT(3)
GLOBAL_UNCERTAINTY_ASSIGNED_CONTEXT((#3436))
GLOBAL_UNIT_ASSIGNED_CONTEXT((#3440,#3442,#3443))
REPRESENTATION_CONTEXT('','3D')
);
#3439=(
GEOMETRIC_REPRESENTATION_CONTEXT(3)
GLOBAL_UNCERTAINTY_ASSIGNED_CONTEXT((#3437))
GLOBAL_UNIT_ASSIGNED_CONTEXT((#3440,#3442,#3443))
REPRESENTATION_CONTEXT('','3D')
);
#3440=(
LENGTH_UNIT()
NAMED_UNIT(*)
SI_UNIT(.MILLI.,.METRE.)
);
#3441=(
LENGTH_UNIT()
NAMED_UNIT(*)
SI_UNIT($,.METRE.)
);
#3442=(
NAMED_UNIT(*)
PLANE_ANGLE_UNIT()
SI_UNIT($,.RADIAN.)
);
#3443=(
NAMED_UNIT(*)
SI_UNIT($,.STERADIAN.)
SOLID_ANGLE_UNIT()
);
#3444=SHAPE_DEFINITION_REPRESENTATION(#3445,#3446);
#3445=PRODUCT_DEFINITION_SHAPE('',$,#3448);
#3446=SHAPE_REPRESENTATION('',(#2152),#3438);
#3447=PRODUCT_DEFINITION_CONTEXT('part definition',#3452,'design');
#3448=PRODUCT_DEFINITION('2026-10-02-17-14-14-500','Lid',#3449,
#3447);
#3449=PRODUCT_DEFINITION_FORMATION('',$,#3454);
#3450=PRODUCT_RELATED_PRODUCT_CATEGORY('Lid',
'Lid',(#3454));
#3451=APPLICATION_PROTOCOL_DEFINITION('international standard',
'automotive_design',2009,#3452);
#3452=APPLICATION_CONTEXT(
'Core Data for Automotive Mechanical Design Process');
#3453=PRODUCT_CONTEXT('part definition',#3452,'mechanical');
#3454=PRODUCT('2026-10-02-17-14-14-500','Lid',$,(#3453));
#3455=PRESENTATION_STYLE_ASSIGNMENT((#3456));
#3456=SURFACE_STYLE_USAGE(.BOTH.,#3457);
#3457=SURFACE_SIDE_STYLE('',(#3458));
#3458=SURFACE_STYLE_FILL_AREA(#3459);
#3459=FILL_AREA_STYLE('\X\C7elik - Saten',(#3460));
#3460=FILL_AREA_STYLE_COLOUR('\X\C7elik - Saten',#3461);
#3461=COLOUR_RGB('\X\C7elik - Saten',0.627450980392157,0.627450980392157,
0.627450980392157);
ENDSEC;
END-ISO-10303-21;
